time,gt_jobs,gt_job.vacancy,gt_job.search,gt_job.openings,gt_job.opportunity,gt_employment,gt_employment.opportunities,gt_latest.jobs,gt_new.jobs,gt_work.opportunities,gt_job.portal,gt_job.board,gt_hire.me,gt_recruitment,gt_recruitment.portal,gt_apply.for.job,gt_find.a.job,gt_graduate.jobs,gt_entry.level.jobs,gt_youth.employment,gt_jobs.for.graduates,gt_jobs.after.school,gt_jobs.after.university,gt_NYSC.jobs,gt_jobs.near.me,gt_work.no.dey,gt_no.job,gt_job.wahala,gt_hustle,gt_hustle.no.easy,gt_any.job,gt_looking.for.work,gt_I.dey.find.work,gt_where.work.dey,gt_no.work.for.area,gt_CV.sample,gt_resume.template,gt_cover.letter.sample,gt_interview.questions,gt_how.to.write.a.CV,gt_how.to.write.a.resume,gt_how.to.write.application.letter,gt_how.to.pass.interview,gt_aptitude.test.questions,gt_career.advice,gt_career.guidance,gt_temporary.jobs,gt_casual.jobs,gt_contract.jobs,gt_weekend.jobs,gt_work.from.home,gt_online.jobs,gt_freelance.jobs,gt_online.remote.jobs,gt_work.from.home.jobs,gt_side.hustle,gt_online.income,gt_oil.and.gas.jobs,gt_banking.jobs,gt_finance.jobs,gt_fintech.jobs,gt_tech.jobs,gt_IT.jobs,gt_software.developer.jobs,gt_data.analyst.jobs,gt_cybersecurity.jobs,gt_engineering.jobs,gt_electrical.engineering.jobs,gt_mechanical.engineering.jobs,gt_civil.engineering.jobs,gt_architecture.jobs,gt_construction.jobs,gt_sales.jobs,gt_marketing.jobs,gt_call.center.jobs,gt_lecturer.jobs,gt_teaching.jobs,gt_healthcare.jobs,gt_nursing.jobs,gt_doctor.jobs,gt_medical.laboratory.jobs,gt_pharmacy.jobs,gt_warehouse.jobs,gt_transport.jobs,gt_driver.jobs,gt_factory.jobs,gt_cleaning.jobs,gt_security.jobs,gt_jobberman,gt_myjobmag,gt_ngcareers,gt_hotnigerianjobs,gt_hot.jobs,gt_LinkedIn.jobs,gt_Indeed.jobs,gt_Glassdoor.jobs,gt_government.jobs,gt_civil.service.jobs,gt_federal.government.jobs,gt_public.sector.jobs,gt_local.government.jobs,gt_police.recruitment,gt_army.recruitment,gt_air.force.recruitment,gt_navy.recruitment,gt_immigration.recruitment,gt_customs.recruitment,gt_fire.service.recruitment,gt_NYSC.portal,gt_NYSC.registration,gt_NYSC.posting,gt_NYSC.relocation,gt_NYSC.ppa,gt_NYSC.clearance,gt_Npower,gt_Npower.recruitment,gt_Npower.portal,gt_Npower.application,gt_youth.empowerment.program,gt_grant.opportunities,gt_business.grant,gt_short.courses,gt_professional.certification,gt_vocational.training,gt_skill.acquisition,gt_skills.for.employment,gt_courses.that.get.jobs,gt_tech.bootcamp,gt_coding.bootcamp,gt_digital.skills,gt_online.courses.for.jobs,gt_best.courses.to.get.a.job,gt_free.online.courses,gt_job.skills.training,gt_how.to.start.a.business,gt_business.ideas,gt_small.business.ideas,gt_small.business.loan,gt_startup.ideas,gt_entrepreneurship,gt_self.employment,gt_side.business.ideas,gt_microfinance.loan,gt_agribusiness.ideas,gt_small.scale.business.ideas,gt_work.abroad,gt_work.visa,gt_Canada.work.visa,gt_UK.work.visa,gt_USA.work.visa,gt_Germany.work.visa,gt_schengen.work.visa,gt_how.to.migrate,gt_how.to.relocate,gt_jobs.abroad,gt_healthcare.jobs.abroad,gt_skilled.worker.visa,gt_student.visa,gt_study.abroad,gt_Canada.immigration,gt_UK.immigration,gt_relocation.opportunities,gt_unemployment.benefits,gt_unemployment.support,gt_jobless.support,gt_social.welfare,gt_palliative.distribution,gt_cost.of.living,gt_inflation,gt_financial.help,gt_minimum.wage,gt_labour.strike,gt_strike,gt_protest.economic.hardship,gt_youth.protest,gt_how.to.save.money,gt_how.to.manage.money,gt_low.budget.food,gt_cheap.food.ideas,gt_cheap.transport,gt_cheap.housing,gt_affordable.housing,gt_help.with.rent,gt_how.to.survive.without.a.job,gt_job.stress,gt_career.stress,gt_depression.help,gt_mental.health.support,gt_job.loss.depression,gt_business.registration,gt_CAC.registration,gt_company.registration,gt_SME.support,gt_loan.application,gt_government.loan,gt_youth.loan,gt_startup.loan,gt_freelancing,gt_remote.work,gt_digital.marketing.jobs,gt_content.creator.jobs,gt_social.media.manager.jobs,gt_virtual.assistant.jobs,gt_copywriting.jobs,gt_graphic.design.jobs,gt_video.editing.jobs,gt_upwork,gt_fiverr,gt_online.freelancing,gt_food.price,gt_fuel.price,gt_transport.cost,gt_cost.of.living.crisis,gt_economic.crisis,gt_financial.crisis,gt_job.loss,gt_layoff,gt_retrenchment,gt_redundancy,gt_retrenchment.benefits,gt_jobs.in.Lagos,gt_jobs.in.Abuja,gt_jobs.in.Port.Harcourt,gt_jobs.in.Kano,gt_jobs.in.Ibadan,gt_jobs.in.Kaduna,gt_jobs.in.Enugu,gt_jobs.in.Owerri,gt_jobs.in.Benin,gt_jobs.in.Warri,gt_jobs.in.Ilorin,gt_jobs.in.Jos
2004-01-01,48,0,0,0,0,60.333333333333336,0,0,0,0,0,0,0,3.6666666666666665,0,0,0,0,0,0,0,0,0,0,0,0,0,0,0,0,0,0,0,0,0,0,0,0,0,0,0,0,0,0,0,0,0,0,0,0,0,0,0,0,0,0,0,0,0,0,0,0,0,0,0,0,0,0,0,0,0,0,0,0,0,0,0,0,0,0,0,0,0,0,0,0,0,0,0,0,0,0,0,0,0,0,0,0,0,0,0,0,0,0,0,0,0,0,0,0,0,0,0,0,0,0,0,0,0,0,0,0,0,0,0,0,0,0,0,0,0,0,0,0,0,0,0,0,0,0,0,0,0,0,0,0,0,0,0,0,0,0,0,0,0,0,0,0,0,33.333333333333336,0,0,0,0,0,0,0,0,0,0,0,0,0,0,0,0,0,0,0,0,0,0,0,0,0,0,0,0,0,0,0,0,0,0,0,0,0,0,0,0,0,0,0,0,0,0,0,0,0,0,0,0,0,0,0,0,0,0,0,0,0,0,0,0,0,0,0,0,0,0,0,0
2004-04-01,69,0,0,0,0,63,0,0,0,0,0,0,0,8.666666666666666,0,0,0,0,0,0,0,0,0,0,0,0,0,0,0,0,0,0,0,0,0,0,0,0,0,0,0,0,0,0,0,0,0,0,0,0,0,33.333333333333336,0,0,0,0,0,0,0,0,0,0,0,0,0,0,0,0,0,0,0,0,0,0,0,33.333333333333336,33.333333333333336,0,0,0,0,0,0,0,0,0,0,0,0,0,0,0,0,0,0,0,0,0,0,0,0,0,0,0,0,0,0,0,0,0,0,0,0,0,0,0,0,0,0,0,0,0,0,0,0,0,0,0,0,0,0,0,0,0,0,0,0,0,0,0,0,0,0,0,0,0,0,0,0,0,33.333333333333336,0,0,0,0,0,0,33.333333333333336,0,0,0,0,0,0,0,0,0,0,0,0,0,0,0,0,0,0,0,0,33.333333333333336,0,0,0,0,0,0,0,0,0,0,0,0,0,0,0,0,0,0,0,0,0,33.333333333333336,0,0,0,0,0,0,0,0,0,0,0,0,0,0,0,0,0,0,0,0,0,0,0,0,0,0,0,0,0,0,0
2004-07-01,49.333333333333336,0,0,0,0,62.666666666666664,0,0,0,0,0,0,0,0,0,0,0,0,0,0,0,0,0,0,33.333333333333336,0,0,0,0,0,0,0,0,0,0,0,0,0,0,0,0,0,0,0,0,0,0,0,0,0,0,0,0,0,0,0,0,0,0,0,0,0,0,0,0,0,0,0,0,0,0,0,0,0,0,0,0,0,0,0,0,0,0,0,0,0,0,0,0,0,0,0,0,0,0,0,0,0,0,0,0,0,0,0,0,0,0,0,0,0,0,0,0,0,0,0,0,0,0,0,0,33.333333333333336,0,0,0,0,0,0,0,0,0,0,0,0,0,0,0,0,0,0,0,0,0,0,0,0,0,0,0,0,0,0,0,0,0,0,0,0,0,23,0,0,0,0,0,0,0,0,0,0,0,0,0,0,0,0,0,0,0,0,0,0,0,0,0,0,0,0,0,0,0,0,0,0,0,0,0,0,0,0,0,0,0,0,33.333333333333336,0,0,0,0,0,0,0,0,0,0,0,0,0,0,0,0,0,0,0,0,0,0,0,0,0,0,0
2004-10-01,57.666666666666664,0,0,0,0,77,0,0,0,0,0,0,0,3,0,0,0,0,0,0,0,0,0,0,0,0,0,0,0,0,0,0,0,0,0,0,0,0,33.333333333333336,0,0,0,0,0,0,0,0,0,0,0,0,0,0,0,0,0,0,0,0,0,0,0,0,0,0,0,0,0,0,0,0,0,0,0,0,0,0,0,0,0,0,0,0,0,33.333333333333336,0,0,0,0,0,0,0,0,0,0,0,0,0,0,0,0,0,0,0,0,0,0,0,0,0,0,0,0,0,0,0,0,0,0,0,0,0,0,0,0,0,0,0,0,0,0,0,0,0,0,0,0,0,0,0,0,0,0,0,0,0,0,0,0,0,0,0,0,0,0,0,0,0,0,25,0,0,0,0,0,0,0,0,0,0,0,0,0,0,0,0,0,0,0,0,0,0,0,0,0,0,0,0,0,0,0,0,0,0,0,0,0,0,0,0,0,0,0,0,0,0,0,0,0,0,0,0,0,0,0,0,0,0,0,0,0,0,0,0,0,0,0,0,0,0,0,0
2005-01-01,51,33.333333333333336,0,0,0,59.333333333333336,0,0,0,0,0,0,0,9.333333333333334,0,0,0,0,0,0,0,0,0,0,0,0,0,0,0,0,0,0,0,0,0,0,0,0,0,0,0,0,0,0,0,0,0,0,0,0,0,0,0,0,0,0,0,0,0,0,0,0,0,0,0,0,0,0,0,0,0,0,0,0,0,0,0,0,33.333333333333336,0,0,0,0,0,0,0,0,0,0,0,0,0,0,0,0,0,0,0,0,0,0,0,0,0,0,0,0,0,0,0,0,0,0,0,0,0,0,0,0,0,0,0,0,0,0,0,0,0,0,0,0,0,0,0,0,0,0,0,0,0,0,0,0,0,0,0,0,0,0,0,0,0,0,0,0,0,0,0,0,0,0,0,0,0,0,0,0,0,0,0,0,0,0,0,0,0,0,0,0,0,0,33.333333333333336,0,0,0,0,0,0,33.333333333333336,0,0,0,0,0,0,0,0,0,0,0,0,0,0,0,0,0,0,0,0,0,0,0,0,0,0,0,0,0,0,0,0,0,0,0,0,0,0,0,0,0,0,0
2005-04-01,48,0,0,0,0,65,0,0,0,0,0,0,0,6.666666666666667,0,0,0,0,0,0,0,0,0,0,0,0,0,0,0,0,0,0,0,0,0,0,0,0,22.333333333333332,0,0,0,0,0,0,0,0,0,0,0,33.333333333333336,0,0,0,0,0,0,0,0,0,0,0,0,0,0,0,0,0,0,0,0,0,0,0,0,0,0,0,0,0,0,0,0,0,0,0,0,0,0,0,0,0,0,0,0,0,0,0,0,0,0,0,0,0,0,0,0,0,0,0,0,0,33.333333333333336,0,0,0,0,33.333333333333336,0,0,0,21,0,0,0,0,0,0,0,0,0,0,0,0,0,0,0,0,0,0,0,0,0,0,0,0,0,0,0,0,0,0,0,0,0,0,0,41.333333333333336,0,0,0,0,0,0,0,0,0,0,33.333333333333336,0,0,0,0,0,0,0,0,0,0,0,0,0,0,0,0,0,0,0,0,0,0,0,33.333333333333336,0,0,0,0,0,0,0,0,0,0,0,0,0,0,0,0,0,0,0,0,0,0,0,0,0,0,0,0,0,0,0,0,0,0,0,0,0,0,0
2005-07-01,51.333333333333336,0,27.333333333333332,0,33.333333333333336,54.666666666666664,0,0,0,0,0,0,0,4.666666666666667,0,0,0,0,0,0,0,0,0,0,0,0,0,0,0,0,0,0,0,0,0,0,0,0,0,0,0,0,0,0,0,0,0,0,0,0,0,0,0,0,0,0,0,0,0,0,0,0,33.333333333333336,0,0,0,0,0,0,0,0,0,0,64.66666666666667,0,0,0,0,0,0,0,0,0,0,0,0,0,0,0,0,0,0,0,0,0,0,0,0,0,0,0,0,0,0,0,0,0,0,0,0,0,0,0,0,0,0,0,0,0,0,0,0,0,0,0,0,0,0,0,0,0,0,0,0,0,0,0,0,0,0,0,0,0,0,0,0,0,0,0,0,0,33.333333333333336,0,0,0,0,0,37.666666666666664,0,11.333333333333334,0,0,0,0,0,0,0,0,0,0,0,0,0,0,0,0,0,0,0,0,0,0,0,0,0,0,0,0,0,0,0,0,0,0,0,0,0,0,0,0,0,0,0,0,0,0,0,0,0,0,0,0,0,0,0,0,0,0,0,0,0,0,0,0,0,0,0,0,0,0,0,0
2005-10-01,48.333333333333336,0,28.666666666666668,0,25.333333333333332,64.66666666666667,0,0,0,0,0,0,0,3.6666666666666665,0,0,0,0,0,0,0,0,0,0,0,0,0,0,0,0,0,0,0,0,0,0,0,0,0,0,0,0,0,0,0,0,0,0,0,0,0,11.666666666666666,0,0,0,0,0,0,0,0,0,0,0,0,0,0,0,0,0,0,0,0,0,0,0,0,0,0,0,0,0,0,0,0,0,0,0,0,0,0,0,0,0,0,0,0,0,0,0,0,0,0,0,0,0,0,0,0,0,0,0,0,0,0,0,0,0,0,0,0,0,16,0,0,0,0,0,0,0,0,0,0,0,0,0,0,0,0,0,0,0,0,0,33.333333333333336,0,0,0,33.333333333333336,0,0,0,0,0,0,0,0,0,0,0,26.333333333333332,0,33.333333333333336,0,0,0,0,0,0,0,0,0,0,0,0,0,0,0,0,0,0,0,0,0,0,0,0,0,0,0,0,0,0,0,0,0,0,0,0,0,0,0,0,0,0,0,0,0,0,0,0,0,0,0,0,0,0,0,0,0,0,0,0,0,0,0,0,0,0,0,0,0,0
2006-01-01,56.666666666666664,0,46.333333333333336,0,0,57,33.333333333333336,0,0,0,0,0,0,7,0,0,0,0,0,0,0,0,0,0,0,0,0,0,0,0,0,0,0,0,0,0,0,0,14,0,0,0,0,0,0,0,0,0,0,0,0,10.333333333333334,0,0,0,0,0,0,0,0,0,0,0,0,0,0,0,0,0,0,0,0,0,0,0,0,0,0,0,0,0,0,0,0,0,0,0,0,0,0,0,0,0,0,0,0,0,0,0,0,0,0,0,0,0,0,0,0,0,0,0,0,0,0,0,0,0,0,0,0,0,0,0,0,0,0,0,0,0,0,0,0,0,0,0,0,0,0,0,0,0,0,0,0,0,0,33.333333333333336,0,0,0,0,0,0,0,0,0,0,14.666666666666666,0,28.666666666666668,0,0,0,0,0,0,0,0,0,0,0,0,0,0,0,0,0,0,0,0,0,0,0,0,0,0,0,0,0,0,0,0,0,0,0,0,0,0,0,0,0,0,0,0,0,0,0,0,0,0,0,0,0,0,0,0,0,0,0,0,0,0,0,0,0,0,0,0,0,0,0,0
2006-04-01,53.333333333333336,0,27.666666666666668,0,30.333333333333332,59.666666666666664,0,0,0,0,0,0,0,5.666666666666667,0,0,0,0,0,0,0,0,0,0,0,0,0,0,0,0,0,0,0,0,0,0,0,0,11,0,0,0,0,0,0,0,0,0,0,0,0,0,0,0,0,0,0,0,0,0,0,0,25.666666666666668,0,0,0,0,0,0,0,0,0,0,0,0,0,0,0,0,0,0,0,0,0,0,0,0,0,0,0,0,0,0,0,0,0,0,0,0,0,0,0,0,0,0,0,0,0,0,0,0,0,0,0,0,0,0,0,0,0,0,15,0,33.333333333333336,0,0,0,0,0,0,0,0,0,0,0,0,0,0,0,0,0,0,0,0,0,0,29.333333333333332,0,0,0,0,0,0,0,0,0,0,42,0,9.333333333333334,0,0,0,0,0,0,0,33.333333333333336,0,0,0,0,0,0,0,0,0,0,0,0,0,0,0,0,0,0,0,0,0,0,0,0,0,0,0,0,0,0,0,0,0,0,0,0,0,0,0,0,0,0,0,0,0,0,0,0,0,0,0,0,0,0,0,0,0,0,0,0,0,0,0,0
2006-07-01,49.333333333333336,0,80.66666666666667,0,19.666666666666668,57.666666666666664,0,0,0,0,0,0,0,5.333333333333333,0,0,0,0,0,0,0,0,0,0,0,0,0,0,0,0,0,0,0,0,0,0,0,0,9.666666666666666,0,0,0,0,0,0,0,0,0,0,0,0,0,0,0,0,0,0,0,33.333333333333336,0,0,0,0,0,0,0,0,0,0,0,0,0,0,0,0,0,0,0,0,0,0,0,0,0,0,0,0,0,0,0,0,0,0,0,0,0,0,0,0,0,0,0,0,0,0,0,0,0,0,0,0,0,0,0,0,0,0,0,0,0,0,12.666666666666666,0,0,0,0,0,0,0,0,0,0,0,0,0,0,0,0,0,0,0,0,0,0,0,0,0,0,0,0,0,0,0,0,0,0,0,23.333333333333332,0,27.666666666666668,0,0,0,0,0,0,0,0,0,0,0,0,0,0,0,0,0,0,0,0,0,0,0,0,0,0,0,0,0,0,0,0,0,17,0,0,0,0,0,0,0,0,0,0,0,0,0,0,0,0,0,0,33.333333333333336,33.333333333333336,0,0,0,0,0,0,0,0,0,0,0,0,0,0,0,0,0,0
2006-10-01,49.666666666666664,30.666666666666668,38.333333333333336,0,20,55,0,0,0,0,0,0,0,6.666666666666667,0,0,0,0,0,0,0,0,0,0,0,0,0,0,0,33.333333333333336,0,0,0,0,0,0,0,0,9.666666666666666,0,0,0,0,0,0,0,0,0,0,0,0,10.666666666666666,0,0,0,0,0,0,0,0,0,0,0,0,0,0,0,0,0,0,0,0,0,0,0,0,0,0,0,0,0,0,0,0,0,0,0,0,0,0,0,0,0,0,0,0,0,0,0,0,0,0,0,0,0,0,0,0,0,0,0,0,0,0,0,0,0,0,0,0,0,13.666666666666666,0,0,0,0,0,0,0,0,0,0,0,0,0,0,0,0,0,0,0,0,0,0,0,0,0,0,0,0,0,0,0,0,0,0,0,0,0,20,0,0,0,0,0,0,0,0,0,0,0,0,0,0,0,0,0,0,0,0,0,0,0,0,0,0,0,0,0,0,0,0,0,0,0,0,0,0,0,0,0,0,0,0,0,0,0,0,0,33.333333333333336,0,0,0,0,0,33.333333333333336,0,0,0,0,0,0,0,0,0,0,0,0,0,0,0,0
2007-01-01,56.666666666666664,42.666666666666664,41.333333333333336,0,35.666666666666664,65,0,0,0,0,0,0,0,8.333333333333334,0,0,0,0,0,0,0,0,0,0,0,0,0,0,0,0,0,0,0,0,0,0,0,0,0,0,0,0,33.333333333333336,0,0,0,0,0,0,0,0,19,0,0,0,0,0,0,0,0,0,0,0,0,0,0,26,0,0,0,0,0,0,0,0,0,0,0,0,0,0,0,0,0,0,0,0,0,0,0,0,0,0,0,0,0,0,0,0,0,0,0,0,0,0,0,0,0,0,0,33,0,0,0,0,0,0,0,0,0,0,20.666666666666668,0,0,0,0,0,0,0,0,0,0,0,0,0,0,0,0,0,0,0,0,0,0,0,0,0,0,0,0,0,0,0,0,0,0,0,8.666666666666666,0,22,0,0,0,0,0,0,0,0,18.333333333333332,0,0,0,0,33.333333333333336,0,0,0,0,0,0,0,0,0,0,0,0,0,0,0,0,0,0,0,0,0,0,0,0,0,0,0,0,0,0,0,0,0,0,0,0,0,0,0,0,0,0,0,0,0,0,0,0,0,0,0,0,0,0,0,0,0,0
2007-04-01,56.333333333333336,18,18.333333333333332,0,0,49,0,0,0,0,0,0,0,8,0,0,0,0,0,0,0,0,0,0,0,0,0,0,0,0,0,0,0,0,0,0,0,0,0,0,0,0,0,0,0,0,0,0,0,0,0,20.666666666666668,0,0,0,0,0,0,0,0,0,0,0,0,0,0,33.333333333333336,0,0,0,0,0,0,0,0,0,0,0,0,0,0,0,0,0,0,0,0,0,0,0,0,0,0,0,0,0,0,0,0,0,0,0,0,0,0,0,0,0,0,0,0,0,0,0,0,0,0,0,33.333333333333336,0,0,10,0,0,0,0,0,0,0,0,0,0,0,0,0,0,0,0,0,24.333333333333332,0,0,0,0,0,0,0,0,0,0,0,0,33.333333333333336,0,0,0,0,0,0,28,31.666666666666668,0,0,0,0,0,0,0,21.666666666666668,0,0,0,2.6666666666666665,0,0,0,0,0,0,0,0,0,0,0,0,0,0,0,0,0,0,0,0,0,0,0,0,0,0,0,0,0,0,0,0,0,0,0,0,0,0,0,0,0,0,0,0,0,0,0,0,0,0,0,0,0,0,0,0,0,0,0
2007-07-01,58,41.333333333333336,54.666666666666664,0,15.333333333333334,56.666666666666664,0,0,0,0,0,0,0,6,0,0,0,0,0,0,0,0,0,0,0,0,0,0,0,0,0,0,0,0,0,0,0,0,12.333333333333334,0,0,0,0,0,0,0,0,0,0,0,0,21.333333333333332,0,0,0,0,0,0,0,0,0,0,0,0,0,0,0,0,0,0,0,0,0,0,0,0,0,0,0,0,0,0,0,0,0,0,0,0,0,0,0,0,29,0,0,0,0,0,0,0,0,0,0,0,0,0,0,0,0,0,0,0,0,0,0,0,0,0,0,0,0,18.333333333333332,0,0,0,33.333333333333336,0,0,0,0,0,0,0,0,0,0,0,0,0,46.333333333333336,0,0,0,0,0,0,0,0,0,0,0,0,0,0,0,0,0,33,33.333333333333336,22.666666666666668,0,0,0,0,0,0,0,0,35.666666666666664,33.333333333333336,0,0,0,0,0,0,0,0,0,0,0,0,0,0,0,0,0,0,0,0,0,0,0,0,0,0,0,0,0,0,0,0,0,0,0,0,33.333333333333336,0,0,0,0,0,0,0,0,0,0,0,0,0,0,0,0,0,0,0,0,0,0,0,0,0
2007-10-01,66.66666666666667,51.666666666666664,71.33333333333333,0,0,50,0,0,0,0,0,0,0,6.666666666666667,0,0,0,0,0,0,0,0,0,0,0,0,0,0,0,0,0,0,0,0,33.333333333333336,0,0,0,18.333333333333332,0,0,0,0,0,0,0,0,0,0,0,0,24.666666666666668,0,0,0,0,0,14,0,0,0,0,0,0,0,0,22.666666666666668,0,0,0,0,0,0,0,0,0,0,0,0,0,0,0,0,0,0,0,0,0,0,0,0,0,16,0,0,0,0,0,0,0,0,0,0,0,0,0,0,0,0,0,0,0,0,0,0,0,0,0,0,0,0,16.333333333333332,0,0,0,0,0,0,0,0,0,0,0,0,0,22,0,0,0,0,0,0,0,0,0,0,0,0,0,0,0,0,0,0,0,0,0,16.666666666666668,0,18.666666666666668,0,0,0,0,0,0,0,0,30.666666666666668,0,0,0,0,0,0,0,0,0,0,0,0,0,0,0,0,0,0,0,0,0,0,0,0,0,0,0,0,0,0,0,0,0,0,0,0,0,0,0,0,0,0,0,0,0,0,0,0,0,0,0,0,0,0,0,0,0,0,0,0,0,0,0
2008-01-01,71,40,57.333333333333336,0,13.333333333333334,53.333333333333336,0,0,0,0,0,0,0,10,0,0,0,0,0,0,0,0,0,0,0,0,0,0,0,0,0,0,0,0,0,0,0,0,13.666666666666666,0,0,0,0,0,0,0,0,0,0,0,0,26.666666666666668,0,0,0,0,0,0,0,0,0,0,13.666666666666666,0,0,0,0,0,0,0,0,0,0,0,0,0,0,0,0,0,0,0,0,0,0,0,0,0,0,0,0,0,40.333333333333336,0,0,0,0,0,0,0,0,0,0,0,13.333333333333334,0,0,0,0,0,33.333333333333336,0,0,0,0,0,0,0,0,0,0,23.333333333333332,0,0,0,0,0,33.333333333333336,0,0,0,0,0,0,0,46.333333333333336,0,0,0,59.666666666666664,0,0,0,0,0,0,0,0,0,0,0,0,0,0,0,0,0,19,0,19,0,0,0,0,0,0,0,0,23,24.333333333333332,0,0,1,0,0,0,0,0,0,0,0,0,0,0,0,0,0,0,0,0,0,0,0,0,0,0,0,0,0,0,0,0,0,0,0,0,0,0,0,0,0,0,0,0,0,0,0,0,0,0,0,18.333333333333332,0,0,0,0,0,0,0,0,33.333333333333336,0
2008-04-01,70.66666666666667,46.666666666666664,65.33333333333333,0,9,58.333333333333336,0,0,0,0,0,0,0,17,0,0,0,0,0,0,0,0,0,0,0,0,0,0,0,0,0,0,0,0,0,0,0,0,25,0,0,0,0,0,0,0,0,0,0,0,0,25.333333333333332,0,0,0,0,0,33.333333333333336,0,0,0,0,0,0,0,0,0,0,0,0,0,0,0,0,0,0,8.333333333333334,0,0,0,0,0,0,0,0,0,0,0,0,0,0,0,68.66666666666667,0,0,0,0,0,0,0,0,0,0,9.666666666666666,39.333333333333336,6,0,0,0,0,0,0,0,0,0,0,0,0,0,0,0,25,0,0,0,0,0,0,0,0,0,0,0,0,0,29,0,0,0,76.33333333333333,0,0,0,0,0,0,0,0,0,0,0,0,0,0,0,0,0,31,0,17.333333333333332,0,0,0,0,0,0,0,0,36.333333333333336,0,0,0,1,0,0,0,0,0,0,0,0,0,0,0,0,0,0,0,0,0,26.666666666666668,0,0,0,0,0,0,0,0,0,0,0,0,0,0,0,0,0,0,0,0,0,0,0,0,0,0,0,0,0,0,13.333333333333334,0,0,0,0,0,0,0,0,0,0
2008-07-01,72,45.333333333333336,57.666666666666664,0,43,47.333333333333336,0,0,0,0,0,0,0,20.666666666666668,0,0,0,29,0,0,33.333333333333336,0,0,0,0,0,0,0,0,0,0,0,0,0,0,0,0,0,20.333333333333332,0,0,0,0,0,0,0,0,0,0,0,0,25.666666666666668,0,0,0,0,0,28.666666666666668,0,0,0,0,9.333333333333334,0,0,0,0,0,0,0,0,0,0,0,0,0,0,0,0,0,0,0,0,0,0,0,0,0,0,0,0,0,56.333333333333336,0,0,0,0,0,0,0,0,17.666666666666668,14.666666666666666,0,0,1.6666666666666667,6,0,0,5.333333333333333,0,0,0,0,0,0,0,0,0,0,0,16.333333333333332,0,0,0,0,0,0,0,0,0,0,38,0,0,0,0,0,0,67.66666666666667,0,0,0,0,0,0,0,0,0,0,0,0,0,0,0,0,0,41.666666666666664,27,15.333333333333334,30.666666666666668,0,0,0,0,0,0,0,41.333333333333336,0,0,0,0.6666666666666666,0,0,33.333333333333336,0,0,0,0,0,0,0,0,0,0,0,0,0,0,0,0,0,0,0,0,0,0,0,0,0,0,0,0,0,0,0,0,0,0,0,0,0,0,0,0,0,0,0,0,0,0,0,0,0,0,0,0,0,0,0,0
2008-10-01,73,44,31,0,24.333333333333332,38,0,26.333333333333332,0,0,0,0,0,10.333333333333334,0,0,0,34,0,0,0,0,0,0,0,0,0,0,0,0,0,0,0,0,0,0,0,0,17,0,0,0,0,0,0,0,0,0,0,0,0,23.666666666666668,0,0,0,0,0,11,17.333333333333332,0,0,0,0,0,0,0,14.666666666666666,0,0,0,0,0,0,0,0,0,0,0,0,0,0,0,0,0,0,0,0,0,0,0,0,0,67,0,0,0,0,0,0,0,0,0,0,0,0,0,0,0,0,0,0,0,0,0,0,0,0,0,0,0,0,15.333333333333334,0,0,0,0,0,0,0,0,0,0,0,0,0,22.666666666666668,0,0,0,32.666666666666664,0,0,0,0,0,0,11,0,0,0,0,0,0,0,0,0,0,25.333333333333332,31.666666666666668,11.333333333333334,0,0,0,0,0,0,0,0,19,0,0,0,0,0,0,0,0,0,0,0,0,0,0,0,0,0,0,0,0,0,0,0,0,0,0,0,0,0,0,0,0,0,0,0,0,0,0,0,0,0,0,0,0,28.333333333333332,70.66666666666667,0,0,0,0,0,0,0,0,0,33.333333333333336,0,0,0,0,0,0,0
2009-01-01,82.66666666666667,60.333333333333336,51,0,25.333333333333332,44,0,23.333333333333332,0,0,0,0,0,17,0,0,0,29.666666666666668,0,0,0,0,0,0,0,0,0,0,0,0,0,0,0,0,0,0,0,0,19.666666666666668,0,33.333333333333336,0,0,0,0,0,0,0,0,0,0,25,0,0,0,0,0,37.666666666666664,37.666666666666664,0,0,0,7.333333333333333,0,0,0,28.666666666666668,0,0,0,0,0,0,0,0,0,0,0,0,0,0,0,0,0,0,0,0,0,0,0,0,0,91.66666666666667,0,0,0,0,0,0,0,0,0,34.333333333333336,0,0,0,0,0,0,0,16.666666666666668,0,0,0,0,0,0,0,0,0,0,21.333333333333332,0,0,0,0,0,0,0,0,0,0,17.333333333333332,0,0,35.666666666666664,0,0,0,67.66666666666667,0,0,0,0,0,0,0,0,0,0,0,0,0,0,0,0,0,28,0,9.333333333333334,0,0,0,0,0,0,0,0,28.666666666666668,0,0,0,0,0,33.333333333333336,0,0,0,0,0,0,0,0,0,0,0,0,0,0,0,0,0,0,0,0,0,0,0,0,0,0,0,0,0,0,0,0,0,0,0,0,0,0,81.66666666666667,77.33333333333333,0,0,0,0,0,35.666666666666664,27.666666666666668,0,0,0,0,0,0,0,0,0,0
2009-04-01,84.66666666666667,55.666666666666664,44.666666666666664,18,8.333333333333334,40,0,37,0,0,0,0,0,24,0,0,0,65.66666666666667,0,0,0,0,0,0,0,0,0,0,0,0,0,0,0,0,0,0,0,0,23.333333333333332,0,0,0,0,0,0,0,0,0,0,0,6.666666666666667,26,0,0,0,0,0,38,26.333333333333332,0,0,0,17.333333333333332,0,0,0,0,0,0,0,0,0,0,0,0,0,0,0,0,0,0,0,0,0,0,0,0,0,0,0,0,0,84,0,0,0,0,0,0,0,0,15.666666666666666,3.6666666666666665,26,32,0,0,0,0,0,15.333333333333334,0,0,0,0,0,0,0,0,0,0,18.333333333333332,0,0,0,0,0,0,0,0,0,0,0,0,60.666666666666664,66,0,0,0,77.33333333333333,0,0,0,0,0,0,0,0,0,0,0,0,0,0,0,0,0,29,0,14.333333333333334,0,0,0,0,0,0,0,0,38,0,0,0,2,0,0,0,0,0,0,0,0,0,0,0,0,0,0,0,0,0,0,0,0,0,0,0,0,0,0,0,0,0,0,0,0,0,0,0,0,0,0,0,0,76.33333333333333,69,0,0,0,0,0,74,35,0,0,0,0,0,0,0,0,0,0
2009-07-01,78.33333333333333,57.666666666666664,37.333333333333336,0,17.666666666666668,33,0,19.333333333333332,33.333333333333336,0,0,0,0,15.333333333333334,0,0,0,58.333333333333336,0,0,0,0,0,0,0,0,0,0,0,0,0,0,0,0,0,0,0,0,23.333333333333332,0,0,0,0,0,0,0,0,0,0,0,0,24.333333333333332,0,0,0,0,0,35,15.333333333333334,0,0,0,19,0,0,0,42.666666666666664,0,0,0,0,0,0,0,0,0,4.666666666666667,0,0,0,0,0,0,0,0,0,0,0,0,0,0,0,69,0,0,0,0,0,0,0,0,0,0,0,5.333333333333333,0,0,0,0.6666666666666666,0,0,0,0,0,0,0,0,0,0,0,0,17,0,0,0,0,0,0,0,0,0,0,0,0,0,72.66666666666667,0,0,0,76,33.333333333333336,0,0,0,0,0,0,0,0,0,0,0,0,0,0,0,0,38.666666666666664,22.333333333333332,15.666666666666666,50.666666666666664,0,0,0,0,0,0,0,21,0,0,0,7,0,0,0,0,0,0,0,0,0,0,0,0,0,0,0,0,0,0,0,0,0,0,0,0,0,0,0,0,0,0,0,0,0,0,0,0,0,0,0,0,26.666666666666668,27.333333333333332,0,0,0,0,0,49.666666666666664,45.666666666666664,0,0,0,0,0,0,0,0,0,0
2009-10-01,78,54.333333333333336,33,0,15.666666666666666,41.666666666666664,0,39.333333333333336,0,0,0,0,0,16,0,0,0,58,0,0,0,0,0,0,0,0,0,0,0,0,0,0,0,0,0,0,0,0,21,0,0,0,0,0,0,0,0,0,0,0,0,20.333333333333332,0,0,0,0,0,30,15.333333333333334,0,0,0,10.333333333333334,0,0,0,18.666666666666668,0,0,0,0,0,0,0,0,0,3.6666666666666665,0,0,0,0,0,0,0,0,0,0,0,0,0,0,0,63,0,0,0,0,0,0,0,0,0,0,0,17,1.6666666666666667,0,0,0,0,0,0,0,0,0,0,0,0,0,0,0,18.666666666666668,0,0,0,0,0,0,0,0,0,0,0,0,26,61,0,0,0,80.66666666666667,0,0,0,0,0,0,0,0,0,0,0,0,0,0,0,0,0,20.666666666666668,30,10.333333333333334,0,0,0,0,0,0,0,9.666666666666666,31,11.333333333333334,0,0,4.666666666666667,0,0,0,0,0,0,0,0,0,0,0,0,0,0,0,0,0,0,33.333333333333336,0,0,0,0,0,0,0,0,0,0,0,0,0,0,0,0,0,0,0,0,0,23.666666666666668,18.666666666666668,0,0,0,0,33.333333333333336,85,52.666666666666664,0,0,0,0,0,0,0,0,0,0
2010-01-01,91.33333333333333,60,38.666666666666664,36,11.666666666666666,37.666666666666664,8.333333333333334,48.666666666666664,0,0,0,0,0,40.666666666666664,4.666666666666667,0,0,64.33333333333333,33.333333333333336,0,0,0,0,0,0,0,0,0,0,0,0,0,0,0,0,0,0,0,20.333333333333332,0,19.666666666666668,0,0,0,0,0,0,0,0,0,0,19.666666666666668,0,0,0,0,0,28,12.333333333333334,0,0,0,29,0,0,0,28.333333333333332,0,33.333333333333336,0,0,0,0,0,0,0,3.6666666666666665,0,0,0,0,0,0,0,0,0,0,33.333333333333336,0,0,20,0,77.66666666666667,0,0,0,33.333333333333336,0,0,0,0,4,43,59.333333333333336,16,2.3333333333333335,0,0,0,0,0,0,0,0,0,0,0,0,0,0,0,21,33.333333333333336,0,0,0,0,0,0,0,0,0,13.333333333333334,0,0,75.66666666666667,0,0,0,81.33333333333333,0,0,0,0,0,0,0,0,0,0,0,8,0,0,0,0,0,14.666666666666666,51.333333333333336,16.333333333333332,0,0,0,0,0,0,0,0,16,0,0,0,0.6666666666666666,0,0,0,0,0,0,0,0,0,0,0,0,0,0,0,0,0,0,0,0,0,0,0,0,0,0,0,0,0,0,0,0,0,0,0,0,0,0,0,0,9.333333333333334,5.333333333333333,0,0,0,0,0,75,76,0,0,0,0,0,0,0,0,0,0
2010-04-01,89.33333333333333,65.66666666666667,26.666666666666668,0,17.333333333333332,35.333333333333336,0,73.66666666666667,0,0,0,0,0,37,4.666666666666667,0,0,68.66666666666667,0,0,0,0,0,0,0,0,0,0,0,0,0,0,0,0,0,33.333333333333336,0,0,24.333333333333332,0,0,0,0,22,0,0,0,0,0,0,0,19.666666666666668,0,0,0,0,0,44.666666666666664,11.666666666666666,0,0,0,14.333333333333334,0,0,0,44,0,0,0,0,0,0,0,0,0,8.333333333333334,0,0,0,0,0,0,0,0,0,0,0,0,0,0,0,62.666666666666664,0,0,0,30.333333333333332,0,0,0,0,21.333333333333332,50.666666666666664,6,49,1.3333333333333333,0,0,0,4.666666666666667,0,0,0,0,0,0,0,0,0,0,0,19.666666666666668,0,0,0,0,0,0,0,0,0,0,14.666666666666666,0,21.666666666666668,62,0,0,0,80.66666666666667,0,0,0,0,0,0,0,0,0,0,0,0,0,0,0,0,0,19.666666666666668,51.666666666666664,17.333333333333332,0,0,33.333333333333336,0,0,0,0,0,35,0,0,0,1.6666666666666667,0,0,0,0,0,0,0,0,0,0,0,0,0,0,0,0,0,0,0,0,0,0,0,0,0,0,0,0,0,0,0,0,0,0,0,0,0,0,0,0,40.666666666666664,10.333333333333334,0,33.333333333333336,0,0,0,80.33333333333333,64,0,0,0,0,0,0,0,0,13.333333333333334,0
2010-07-01,68.33333333333333,52.333333333333336,16.666666666666668,0,18.666666666666668,31.666666666666668,0,68.33333333333333,42,0,0,0,0,36.666666666666664,5.666666666666667,0,0,57.333333333333336,0,0,11.333333333333334,0,0,0,0,0,0,0,0,0,0,0,0,0,0,19.333333333333332,0,36.333333333333336,17,0,0,9,0,15.333333333333334,0,0,0,0,0,0,3.3333333333333335,17.666666666666668,0,0,0,0,0,29,6.666666666666667,0,0,0,13.666666666666666,0,0,0,41.333333333333336,0,0,0,0,0,0,0,0,0,5,0,0,0,0,0,0,0,2.3333333333333335,0,0,0,0,0,59,0,53.333333333333336,0,0,0,40.666666666666664,0,33.333333333333336,0,0,21.666666666666668,10.666666666666666,0,9,4.333333333333333,4.666666666666667,0,0,2,0,0,0,0,0,0,0,0,0,0,0,10,0,0,0,0,0,0,0,0,0,0,8.666666666666666,0,41.333333333333336,37.666666666666664,0,0,0,64.66666666666667,0,0,0,0,0,0,0,3.3333333333333335,0,0,0,0,0,0,0,0,0,20.333333333333332,36,10.666666666666666,0,0,0,0,0,0,0,0,25.333333333333332,0,8.333333333333334,0,2.6666666666666665,0,0,0,0,0,0,0,0,0,0,0,0,0,0,0,0,0,0,23,0,0,19.666666666666668,0,0,0,0,0,0,0,0,0,0,0,0,0,0,0,0,0,0,6,0,0,0,0,0,0,54.666666666666664,40,0,0,0,0,0,0,0,0,0,0
2010-10-01,59.666666666666664,50,20.333333333333332,0,14.333333333333334,25.333333333333332,0,70.33333333333333,37.666666666666664,0,0,0,0,53.333333333333336,9,0,0,43.666666666666664,0,0,0,0,0,0,0,0,0,0,0,0,0,0,33.333333333333336,0,0,0,0,16.333333333333332,13.333333333333334,0,0,13.333333333333334,0,0,0,0,0,0,0,0,0,15,33.333333333333336,0,0,0,0,29,7.333333333333333,0,0,0,9.333333333333334,0,0,0,23.333333333333332,0,0,0,0,0,0,0,0,0,1.6666666666666667,0,0,0,0,0,0,0,0,0,0,15.666666666666666,0,0,48,24.666666666666668,39,0,0,0,17.666666666666668,0,0,0,0,2.3333333333333335,3.6666666666666665,0,5,2,0.6666666666666666,0,0,8,0,0,0,0,0,0,0,0,0,0,0,9,0,0,0,0,0,0,0,0,0,0,18,0,32.666666666666664,34.333333333333336,0,0,0,53.666666666666664,0,0,0,0,0,0,10,0,0,33.333333333333336,0,0,0,0,0,0,0,10.666666666666666,44.333333333333336,8.666666666666666,0,0,0,0,0,0,0,8.333333333333334,22.333333333333332,0,13,7,6.666666666666667,0,0,0,0,0,0,0,0,0,0,0,0,0,0,0,0,0,0,0,0,0,0,0,0,0,0,0,0,0,0,0,0,0,0,0,0,0,0,0,0,0,0,0,0,0,0,0,60.666666666666664,32,0,33.333333333333336,0,0,0,0,0,0,0,0
2011-01-01,68.66666666666667,58.666666666666664,20.666666666666668,19.333333333333332,15.666666666666666,32.666666666666664,6.666666666666667,92,66.66666666666667,0,0,0,0,47.666666666666664,5.666666666666667,0,33.333333333333336,64,0,0,20.333333333333332,0,0,0,0,0,0,0,0,0,35.666666666666664,0,0,0,0,62.666666666666664,0,64,21,58.666666666666664,8,34,0,54,0,0,0,0,0,0,2.6666666666666665,15.666666666666666,0,0,0,0,0,28.333333333333332,6.333333333333333,33.333333333333336,0,0,18,0,0,0,34,0,0,0,0,44,51.666666666666664,3.6666666666666665,0,0,7,0,3.6666666666666665,0,0,0,0,0,0,0,0,26.333333333333332,20.666666666666668,0,80.66666666666667,37.333333333333336,48.333333333333336,0,0,0,48.333333333333336,0,30.666666666666668,0,0,2.6666666666666665,16.333333333333332,31,72,3.3333333333333335,2,0,0,1.3333333333333333,4.333333333333333,0,0,0,0.3333333333333333,0,0,0,0,0,0,14,8.666666666666666,2,0,0,0,0,0,0,0,0,22,0,61.333333333333336,45.666666666666664,0,0,0,74.33333333333333,10,0,0,0,0,0,19.333333333333332,0,0,0,0,0,8,0,0,0,0,17.333333333333332,40.333333333333336,10.666666666666666,17,0,0,0,0,85.33333333333333,0,3.6666666666666665,24.666666666666668,3.3333333333333335,17.333333333333332,0,2,0,0,0,33.333333333333336,0,0,0,0,0,0,0,0,0,0,0,0,0,0,19.333333333333332,0,3.3333333333333335,0,0,0,0,0,0,0,0,0,0,0,0,0,0,0,0,0,0,0,7,9,0,0,0,0,0,77.66666666666667,47.666666666666664,41.333333333333336,0,0,0,0,0,0,0,0,0
2011-04-01,63.333333333333336,59.666666666666664,17,18,14.333333333333334,29,2.3333333333333335,92,55,0,0,0,0,72,6.666666666666667,65,0,63.333333333333336,0,0,12.333333333333334,0,0,0,0,0,0,0,4.333333333333333,0,37,0,0,0,0,46,0,61,23,50,0,17.666666666666668,0,11.666666666666666,0,0,0,0,0,0,2,15,0,0,0,0,0,24,13.333333333333334,0,0,0,15,0,0,0,34.666666666666664,0,0,0,0,33.333333333333336,24,0,0,0,7.666666666666667,0,1.6666666666666667,0,0,0,0,0,0,0,0,26.333333333333332,24.666666666666668,0,54.333333333333336,62.333333333333336,41.666666666666664,0,0,0,58.333333333333336,15.333333333333334,33.333333333333336,0,0,21.666666666666668,61.666666666666664,7.333333333333333,34,7,42,0,0,0,11,0,0,0,0,0,0,0,0,0,0,11.666666666666666,0,2,14.666666666666666,0,0,0,0,0,0,0,28,0,66,50.666666666666664,26,0,0,80,0,0,0,0,0,0,13,0,0,0,0,0,4,0,0,0,0,17.333333333333332,40.666666666666664,9.333333333333334,18.666666666666668,0,0,0,0,46.333333333333336,0,8,29,7,13.666666666666666,0,1,0,0,0,0,0,0,0,0,0,0,0,33.333333333333336,0,0,0,0,0,0,10,0,2.3333333333333335,0,0,0,0,0,0,0,0,0,0,0,0,0,0,0,0,0,0,0,6.666666666666667,8,0,0,0,0,0,78.66666666666667,51.333333333333336,57.666666666666664,0,0,0,0,0,0,0,0,0
2011-07-01,59,50.666666666666664,15.333333333333334,4,9.666666666666666,33.666666666666664,1.6666666666666667,85.33333333333333,52.666666666666664,0,0,0,0,34.666666666666664,3,0,55.333333333333336,56,0,30,17.333333333333332,0,0,0,0,0,0,0,8,0,38.666666666666664,0,0,0,0,75.66666666666667,33.333333333333336,65.66666666666667,22.666666666666668,24,0,24.333333333333332,0,30.333333333333332,0,0,0,0,0,0,1.3333333333333333,12,0,0,0,0,0,23.333333333333332,16,42.333333333333336,0,0,13.333333333333334,0,0,0,30.333333333333332,0,0,33.333333333333336,0,35.333333333333336,26.333333333333332,1.3333333333333333,0,0,7,0,1.6666666666666667,0,0,0,0,0,0,0,0,23.666666666666668,53,0,45.666666666666664,60,33,0,0,0,80,28,77.66666666666667,0,0,15.333333333333334,27,0,9.333333333333334,4.666666666666667,3.6666666666666665,0,0,0,0,0,0,0,0,0,0,0,0,33.333333333333336,0,12.666666666666666,0,2.3333333333333335,15,0,0,0,0,0,0,0,23,0,62.666666666666664,49,76.66666666666667,0,0,83.66666666666667,8.333333333333334,0,0,0,33.333333333333336,0,12.333333333333334,0,0,0,0,0,6.333333333333333,0,0,0,0,21,35.333333333333336,10,13.333333333333334,0,0,0,0,33.333333333333336,0,8,25.666666666666668,0,37.333333333333336,7,2.6666666666666665,0,0,0,29.666666666666668,0,0,0,0,0,0,0,0,0,0,0,0,22.333333333333332,0,35.333333333333336,0,0,0,0,0,0,25,0,0,0,0,0,0,0,0,0,0,0,0,0,0,5,4,0,0,0,33.333333333333336,0,66.33333333333333,41.333333333333336,72.33333333333333,0,0,0,0,0,0,0,0,0
2011-10-01,50,54,14.666666666666666,6,10,27.333333333333332,1.3333333333333333,71.33333333333333,39,0,0,0,0,24.666666666666668,2.3333333333333335,18,46,45.333333333333336,0,0,10,0,0,0,0,0,0,0,4,0,46.666666666666664,0,0,0,0,53.333333333333336,0,45.333333333333336,16.666666666666668,78.66666666666667,3,24.333333333333332,0,19,0,0,0,0,0,0,3.6666666666666665,12.333333333333334,0,0,0,0,27.666666666666668,15.666666666666666,11.666666666666666,28.333333333333332,0,0,14,0,0,0,21.333333333333332,0,0,0,0,23.666666666666668,24.666666666666668,0,0,0,4.333333333333333,0,4,0,0,0,0,0,0,33.333333333333336,0,21,75.33333333333333,0,36.333333333333336,44,29,0,0,0,62.333333333333336,0,58.333333333333336,0,0,4.333333333333333,7,3.6666666666666665,8.666666666666666,2.3333333333333335,0.6666666666666666,0,0,0,3.3333333333333335,0,0,0,0,0,0,0,0,0,0,8.333333333333334,6.333333333333333,5,0,0,0,0,0,0,0,0,18.333333333333332,0,48.333333333333336,46,0,0,0,72.66666666666667,4,0,0,0,0,0,8,0,0,0,0,0,24,0,0,0,0,13.333333333333334,29.333333333333332,7.666666666666667,14,0,0,0,0,29.333333333333332,0,7.666666666666667,21,2,10.666666666666666,0,7,0,0,0,0,0,0,0,33.333333333333336,0,0,0,0,0,0,0,0,13,0,7.666666666666667,0,1.3333333333333333,0,0,0,0,0,0,0,0,0,0,0,0,0,2,0,0,4.333333333333333,24.666666666666668,0,6.333333333333333,5.666666666666667,0,0,0,0,0,55,28.666666666666668,43,0,0,0,0,0,0,0,0,0
2012-01-01,37,60.333333333333336,13.333333333333334,9,10.333333333333334,22.333333333333332,4,55,31,0,0,0,0,29.333333333333332,1,25,43.333333333333336,35,0,11.333333333333334,14,0,0,9,0,0,17.666666666666668,0,5,0,69.66666666666667,33.333333333333336,0,0,0,39.333333333333336,0,34,13.333333333333334,65,3,28.666666666666668,0,18.666666666666668,0,0,0,33.333333333333336,53.666666666666664,0,1.6666666666666667,9.333333333333334,0,0,0,0,20.333333333333332,16.333333333333332,7.333333333333333,39.666666666666664,0,0,7,0,0,0,22.333333333333332,0,3,19.333333333333332,0,23.666666666666668,23.666666666666668,2,0,0,5.333333333333333,0,3.6666666666666665,0,0,0,0,0,0,0,0,23,76,4,26.333333333333332,37.666666666666664,25.333333333333332,0,0,0,53,6.666666666666667,45,0,0,5,27.666666666666668,12.666666666666666,51.666666666666664,4.666666666666667,1.6666666666666667,0,0,0,9.666666666666666,0,0,0,0,0,0,0,0,0,0,6.666666666666667,4.333333333333333,4,13,0,0,0,0,0,0,0,13,0,33.666666666666664,27.666666666666668,40,0,0,66.66666666666667,9.333333333333334,0,0,0,13.333333333333334,26.666666666666668,7.666666666666667,0,0,0,0,0,25,0,0,0,0,7.666666666666667,34,5.333333333333333,3,0,0,0,0,42.666666666666664,0,6.666666666666667,23,1.6666666666666667,7.333333333333333,34.666666666666664,28.666666666666668,0,0,0,0,0,0,0,0,0,0,0,0,0,0,0,0,23.333333333333332,0,17,0.6666666666666666,2,0,0,0,0,0,0,0,0,0,0,0,0,0,1,0,0,38,0,0,5,2.6666666666666665,0,0,0,35.666666666666664,0,46.333333333333336,22.333333333333332,57.333333333333336,0,7.333333333333333,61.666666666666664,28,0,0,0,0,0
2012-04-01,32.666666666666664,60,11,7.333333333333333,12.333333333333334,23.666666666666668,3,47.666666666666664,28.666666666666668,25.333333333333332,3,60.333333333333336,0,21.333333333333332,1,20.333333333333332,0,31.666666666666668,4.666666666666667,8.333333333333334,12.333333333333334,0,0,0,0,0,13.333333333333334,0,3.6666666666666665,0,83.66666666666667,24.666666666666668,0,0,0,32.666666666666664,0,32.666666666666664,13.333333333333334,39.666666666666664,0,26.333333333333332,0,23.333333333333332,0,0,0,0,0,0,2,8,9.333333333333334,0,0,0,70.33333333333333,18,6.666666666666667,33,0,0,6.333333333333333,0,0,0,17.333333333333332,0,0,0,0,21,21.666666666666668,1.6666666666666667,0,0,6,0,3.3333333333333335,0,0,0,0,0,0,29.333333333333332,0,20.666666666666668,75.66666666666667,0,23.666666666666668,39,19,0,0,0,55.333333333333336,36.666666666666664,40.666666666666664,0,0,6,20,3.3333333333333335,33.333333333333336,3.3333333333333335,1,0,0,0,7.333333333333333,18.666666666666668,0,0,0,0,0,0,0,0,0,6,5.666666666666667,4,9.333333333333334,0,0,0,0,0,0,0,13,0,35.333333333333336,27.333333333333332,22.333333333333332,0,0,74.66666666666667,12.666666666666666,0,0,0,0,0,7,0,0,0,0,0,40.666666666666664,0,33.333333333333336,0,0,7.666666666666667,22.333333333333332,4,4,0,0,0,0,70.33333333333333,0,5.666666666666667,27,4.333333333333333,5,1.6666666666666667,1.3333333333333333,0,0,0,0,0,0,0,0,0,0,0,8.666666666666666,0,0,0,0,12,3,14.666666666666666,0,1.3333333333333333,0,0,0,0,0,0,0,0,0,0,0,0,0,1.6666666666666667,0,0,4,0,0,4.666666666666667,2.3333333333333335,0,0,0,61.666666666666664,0,46,22,47,0,7.666666666666667,49,0,0,33.333333333333336,0,0,0
2012-07-01,34.666666666666664,56.666666666666664,11.333333333333334,10,11.333333333333334,26.666666666666668,2.6666666666666665,48,30,0,4.666666666666667,0,0,25,3,20.666666666666668,0,32.333333333333336,0,0,12,0,33.333333333333336,9.666666666666666,0,0,17.333333333333332,0,4.666666666666667,0,84.33333333333333,0,0,0,0,33,0,37.333333333333336,13.333333333333334,30.666666666666668,0,30.333333333333332,0,21.666666666666668,0,77.33333333333333,0,0,57.666666666666664,0,2,7.333333333333333,0,0,0,0,17.666666666666668,16.333333333333332,6,21,0,0,7,0,0,0,20.666666666666668,33.333333333333336,0,38.333333333333336,0,22.666666666666668,24,2.6666666666666665,0,0.3333333333333333,6,0,1.6666666666666667,0,33.333333333333336,0,0,0,0.3333333333333333,0,0,23,83,0,21.333333333333332,47.333333333333336,21.333333333333332,20,0,0,51.333333333333336,30,41.666666666666664,0,0,9.666666666666666,12,0,6.666666666666667,3,1,0.3333333333333333,0,0,3.3333333333333335,0,0.6666666666666666,0,0,0,0,0,0,0,0,6,0,3,10.333333333333334,0,0,0,0,0,0,0,12.666666666666666,0,30,24.666666666666668,29.666666666666668,0,0,75,20.333333333333332,0,0,0,0,19.666666666666668,7.333333333333333,0,0,0,0,0,35.666666666666664,0,0,0,0,11,33,3.3333333333333335,8,0,0,0,0,44,0,6,29.333333333333332,4.666666666666667,3.3333333333333335,0.6666666666666666,1.6666666666666667,0,0,0,0,0,0,0,0,0,0,0,0,0,0,0,0,16.333333333333332,0,12.333333333333334,0,2,0,0,0,0,0,0,0,0,0,0,0,0,1.3333333333333333,3,0,2,2,18.666666666666668,0,3.6666666666666665,3,0,2,0,26,0,49,20.666666666666668,46,0,5,23.666666666666668,0,0,0,0,0,0
2012-10-01,33.333333333333336,57,10.666666666666666,9,10,22.333333333333332,2,53,32,27.333333333333332,10.333333333333334,0,0,37.333333333333336,13,36.333333333333336,23.333333333333332,30.333333333333332,0,10.333333333333334,13,0,0,0,0,0,0,0,4.666666666666667,0,67.33333333333333,0,0,0,0,38.333333333333336,0,26.666666666666668,15,31.333333333333332,0,27.666666666666668,0,19,0,0,0,0,35.333333333333336,0,3,7.333333333333333,0,0,0,0,62.666666666666664,17.333333333333332,6.666666666666667,21,0,0,5.666666666666667,0,0,0,19,0,0,16,0,19.333333333333332,14,1.3333333333333333,0,0,5,0,2.3333333333333335,0,0,0,0,0,0,22.666666666666668,0,24.333333333333332,89.66666666666667,9.333333333333334,20.666666666666668,55.666666666666664,21,18.666666666666668,0,0,59,21.666666666666668,46.666666666666664,0,0,4,22,1.6666666666666667,35.666666666666664,5.333333333333333,2,0,0,0,3.6666666666666665,0,0,0,0,0,0,0,0,0,0,6.333333333333333,3.3333333333333335,3.6666666666666665,10,0,0,0,0,0,0,0,15,0,33.333333333333336,28.666666666666668,28.666666666666668,0,0,58,12.333333333333334,0,0,0,11.666666666666666,33.333333333333336,8,0,0,0,0,0,29,0,0,0,0,7.333333333333333,30.666666666666668,3.6666666666666665,4.333333333333333,0,0,0,0,36,0,6.666666666666667,17.666666666666668,6,3,0.6666666666666666,1.6666666666666667,0,1.6666666666666667,0,0,0,0,0,0,0,0,0,0,0,0,0,0,23,0,17.666666666666668,0,2.3333333333333335,0,0,0,0,0,0,0,0,0,0,0,33.333333333333336,0,3.3333333333333335,0,0,2.3333333333333335,0,0,3.3333333333333335,2.3333333333333335,0,0,0,45.666666666666664,0,43.666666666666664,19,45.666666666666664,0,8,0,28,0,0,0,0,0
2013-01-01,36,58.333333333333336,8.666666666666666,7.666666666666667,8.666666666666666,22,2,57.333333333333336,35.333333333333336,33.333333333333336,8,0,32.666666666666664,28.666666666666668,5.333333333333333,16,13.333333333333334,38,16.666666666666668,24,10.333333333333334,0,0,0,0,0,30,0,5,0,62.666666666666664,27.333333333333332,0,0,0,45.333333333333336,0,48.333333333333336,16,27.333333333333332,2.3333333333333335,31.666666666666668,0,24,0,0,0,0,0,0,3,7.333333333333333,0,0,0,0,49,19.333333333333332,5.333333333333333,22.333333333333332,0,0,6.666666666666667,0,0,0,20.666666666666668,0,0,14.666666666666666,0,28.333333333333332,28,2,0,0,6,0,3,0,0,0,0,0,0,0,0,27,94.33333333333333,0,19,69.66666666666667,23.333333333333332,17.666666666666668,0,0,61,23.666666666666668,47.666666666666664,0,0,5.666666666666667,20.666666666666668,9,25.333333333333332,5.666666666666667,2.6666666666666665,0.6666666666666666,0,0,6,0,0,0,0,0,0,0,0,0,0,8,3.6666666666666665,3.6666666666666665,18.333333333333332,0,0,0,0,0,0,0,16.333333333333332,33.333333333333336,33,27.666666666666668,10.333333333333334,0,0,68.66666666666667,14.666666666666666,0,0,0,0,0,8.333333333333334,0,0,0,0,0,27.333333333333332,0,0,0,0,6.333333333333333,31.666666666666668,4,6,0,0,0,0,56.666666666666664,0,6.333333333333333,18.666666666666668,4,2.3333333333333335,0,1.3333333333333333,0,0,0,0,0,0,0,0,0,0,0,10.333333333333334,0,0,0,0,25.666666666666668,2.3333333333333335,19.333333333333332,0,3,0,0,0,0,0,0,0,0,0,0,0.3333333333333333,0,0,4.333333333333333,0,1.3333333333333333,1.6666666666666667,0,0,4.666666666666667,2.6666666666666665,0,0,0,35.666666666666664,0,57.333333333333336,23.666666666666668,54,0,10,0,0,0,0,33.333333333333336,0,0
2013-04-01,34.333333333333336,52.333333333333336,8.666666666666666,8,8.333333333333334,20.666666666666668,3,52,27.666666666666668,0,4,45,0,24,4.666666666666667,23.333333333333332,9,32.666666666666664,13.333333333333334,15.333333333333334,10,0,0,6,0,0,29.666666666666668,0,5.333333333333333,0,74,0,0,0,0,42.333333333333336,0,46.333333333333336,15,38.333333333333336,3.3333333333333335,30.333333333333332,0,22,0,0,0,0,29.666666666666668,0,3.3333333333333335,7,4.666666666666667,0,0,0,0,17.666666666666668,5.333333333333333,34.666666666666664,0,12,6.666666666666667,0,0,0,19.666666666666668,32,2.3333333333333335,23,0,22.333333333333332,19.333333333333332,1.6666666666666667,0,0,5.666666666666667,0,3.6666666666666665,0,0,0,18.666666666666668,0,0.3333333333333333,0,0,20.666666666666668,74,4.333333333333333,19.333333333333332,60.666666666666664,22.666666666666668,17.333333333333332,5,0,49,7,36.333333333333336,0,0,3.6666666666666665,29,3.3333333333333335,25.333333333333332,3.3333333333333335,1,1,0,0.3333333333333333,1.6666666666666667,0,0,0,0,0,0,0,0,0,0,6.666666666666667,4,4,15.333333333333334,0,0,0,0,0,0,0,16,0,37,26.333333333333332,25.666666666666668,0,0,61.666666666666664,12.666666666666666,0,0,0,0,15.333333333333334,8.333333333333334,0,8.666666666666666,0,0,0,44.666666666666664,0,24.666666666666668,0,0,8,27.666666666666668,3.6666666666666665,7,0,0,0,0,36,0,5.666666666666667,24.333333333333332,2,2.3333333333333335,0,8.666666666666666,0,0,2.6666666666666665,0,0,0,0,0,0,0,0,0,0,0,0,0.3333333333333333,21,1.3333333333333333,16,0,2.3333333333333335,0,0,0,0,0,0,0,0,0,0,0,0,0,4.666666666666667,0,1.3333333333333333,1.6666666666666667,15,0,2,1.6666666666666667,0,0,0,41.333333333333336,0,49,20,50.666666666666664,0,8.666666666666666,0,46.666666666666664,0,0,28.333333333333332,1.3333333333333333,0
2013-07-01,30.666666666666668,52.333333333333336,7.333333333333333,8.333333333333334,9,20.333333333333332,2.6666666666666665,45.666666666666664,25.333333333333332,40.666666666666664,11,44.333333333333336,0,30.666666666666668,5.333333333333333,31,16,29,10,7.666666666666667,8.333333333333334,0,0,0,0,0,52.333333333333336,0,5.666666666666667,0,75.66666666666667,0,0,0,0,34.333333333333336,0,43.666666666666664,15,23.333333333333332,5,33.666666666666664,1,20,0,26.666666666666668,0,0,18.666666666666668,0,2.3333333333333335,6.666666666666667,0,0,0,0,13.666666666666666,15.666666666666666,5.666666666666667,25.333333333333332,0,0,5.666666666666667,0,0,0,17.666666666666668,0,0,9.333333333333334,0,19,29.333333333333332,1.6666666666666667,0,0,6.666666666666667,0,2.6666666666666665,0,0,0,0,0,0,0,0,20.666666666666668,65.33333333333333,5.666666666666667,14.666666666666666,66,19.666666666666668,0,0,0,45.666666666666664,54.666666666666664,40.333333333333336,0,0,3.3333333333333335,15.333333333333334,6.666666666666667,13.333333333333334,35.333333333333336,1,2,0,0.3333333333333333,0,0,0,0,0,0,0,0,0,0,0,6,4,2.3333333333333335,10,0,0,0,0,0,0,0,17.333333333333332,0,31.333333333333332,25,34.333333333333336,0,0,53,13.333333333333334,0,1.3333333333333333,0,8,17.666666666666668,9,0.3333333333333333,0,0,0,0,58.333333333333336,0,0,0,0,10,30.333333333333332,4,6,0,0,0,0,19,0,5.666666666666667,15,3,2,0.3333333333333333,36.333333333333336,0,0,1.6666666666666667,0,0,0,0,0,0,0,0,7.333333333333333,0,0,0,0,18,1.6666666666666667,16.666666666666668,0,1.3333333333333333,0,0,0,0,0,0,0,0,0,0,0,0,0,5.666666666666667,0,0,1.3333333333333333,0,0,0.6666666666666666,0.6666666666666666,0,0,18,36,0,49,21,41.666666666666664,0,10,60,70.33333333333333,0,18,0,0,0
2013-10-01,27.666666666666668,38.666666666666664,6.333333333333333,7,5.666666666666667,15.333333333333334,2,36,23.333333333333332,24.333333333333332,4,20,0,24,6,26,15,22.666666666666668,11.333333333333334,7,7.666666666666667,0,0,52.666666666666664,0,0,45,0,7.666666666666667,0,56,20,0,0,0,29.333333333333332,0,32.333333333333336,12.666666666666666,20.666666666666668,3.6666666666666665,30.666666666666668,0,13.666666666666666,0,41.333333333333336,0,0,13.333333333333334,0,2,5.333333333333333,4.666666666666667,0,0,0,0,13,4.666666666666667,25.666666666666668,0,0,5.666666666666667,0,0,0,14,59,0,19.666666666666668,0,17.333333333333332,24.333333333333332,2,33.333333333333336,0,4,0,1.6666666666666667,0,0,33.333333333333336,22,0,0.3333333333333333,0,14,21.666666666666668,53.666666666666664,8,10.333333333333334,64.33333333333333,16.666666666666668,32.333333333333336,12,0,42.333333333333336,12,32,0,0,2.6666666666666665,12,1.3333333333333333,8,26,0.3333333333333333,0.6666666666666666,0.3333333333333333,1,1.6666666666666667,0,0,0,0,0,0,0,1.6666666666666667,0,0,5.333333333333333,5.333333333333333,2.6666666666666665,9.666666666666666,0,0,0,0,0,0,0,14.333333333333334,0,29.666666666666668,26,29.666666666666668,29.333333333333332,0,37.666666666666664,9.666666666666666,0,1.3333333333333333,0,8.333333333333334,10.333333333333334,6.666666666666667,0,0,0,0,0,46.666666666666664,0,51.666666666666664,0,0,6,33.333333333333336,3.3333333333333335,4.333333333333333,0,0,0,0,15.333333333333334,0,5.333333333333333,11.666666666666666,3,1.6666666666666667,0.6666666666666666,64.33333333333333,0,0,0,0,0,0,0,0,0,0,0,0,0,0,0,0,21.333333333333332,1.6666666666666667,18,0,2.6666666666666665,0,0,0,0,0,0,0,0,0,0,0,0,0,7,0,1.3333333333333333,0.6666666666666666,0,0,2,0.6666666666666666,0,0,0,22.666666666666668,0,40.333333333333336,17.333333333333332,40.333333333333336,0,8,11.666666666666666,62.333333333333336,0,33.666666666666664,61.666666666666664,0,33.333333333333336
2014-01-01,38.333333333333336,36,9,9,5.666666666666667,16,1.6666666666666667,32.333333333333336,28,45,5.333333333333333,11,0,19,2.6666666666666665,31.666666666666668,24.666666666666668,22,10,13.333333333333334,8,0,0,4,0,0,56.333333333333336,0,18.333333333333332,0,48.333333333333336,49.333333333333336,0,0,0,31.333333333333332,13.333333333333334,36.333333333333336,14,24,3.6666666666666665,34.666666666666664,0,18.333333333333332,0,0,0,0,30.666666666666668,77.33333333333333,2.6666666666666665,5,5,0,21.333333333333332,0,18,11.666666666666666,4.666666666666667,29.333333333333332,0,0,6.333333333333333,0,0,0,15,62.666666666666664,2.3333333333333335,28,0,19,37.666666666666664,2,75.33333333333333,0,5,15,3,48.333333333333336,13.333333333333334,16,89.33333333333333,26.666666666666668,2.3333333333333335,30,80.66666666666667,22,59,8.666666666666666,10,51.333333333333336,15.333333333333334,35.666666666666664,74.33333333333333,0,38.333333333333336,14.333333333333334,24,0,0,3,14,4.666666666666667,10,11.666666666666666,1,1.3333333333333333,0,0.6666666666666666,2,0,0.3333333333333333,0,0,0,0,0,0,0,0,5.333333333333333,3,2,9,0,0,0,0,0,0,0,13,0,30,23.666666666666668,23.666666666666668,0,0,42.333333333333336,12,0,0,0,5.666666666666667,47.333333333333336,6.666666666666667,0.6666666666666666,4.333333333333333,0,0,0,32.333333333333336,0,69.66666666666667,0,0,5.333333333333333,21.666666666666668,3,5.333333333333333,0,0,0,0,36,0,4.666666666666667,15,2.3333333333333335,2.6666666666666665,0.3333333333333333,10,0,0,4.333333333333333,0,0,0,0,0,0.3333333333333333,0,0,4.333333333333333,0,0,0,0,19,0,13,0,3,2.3333333333333335,0,0,0,0,0,0,0,0,25.666666666666668,0,0,0,4.333333333333333,0,2,2.6666666666666665,26,0,2,0.6666666666666666,0,0,30.666666666666668,48,0,38,18,37,0,7.333333333333333,21.666666666666668,57,21.666666666666668,41.333333333333336,38.666666666666664,0,0
2014-04-01,30.666666666666668,34,7,9.666666666666666,4.666666666666667,16.666666666666668,2,33.333333333333336,21.333333333333332,17.666666666666668,6.666666666666667,16.333333333333332,0,18.666666666666668,2.6666666666666665,28.333333333333332,11,19.666666666666668,10.666666666666666,8,6.666666666666667,0,0,3.6666666666666665,0,0,45.666666666666664,33.333333333333336,10,0,43.333333333333336,72,0,0,0,26.666666666666668,0,31,14.666666666666666,27,1.6666666666666667,31.666666666666668,0,18.666666666666668,0,10.666666666666666,33.333333333333336,0,27.333333333333332,0,1.6666666666666667,4,4.333333333333333,0,0,0,0,12.333333333333334,5,30,0,0,5.666666666666667,0,0,0,13.666666666666666,37.333333333333336,1.3333333333333333,12.333333333333334,0,13.666666666666666,27.333333333333332,1,38.666666666666664,0,5,6,2.6666666666666665,30,0,52.333333333333336,38.666666666666664,33.333333333333336,1.3333333333333333,30,42.666666666666664,26,62.333333333333336,18,12,79,17.333333333333332,56,41,0,30,13,17.666666666666668,0,0,4,41.333333333333336,5,12,2.6666666666666665,0.6666666666666666,0.6666666666666666,0,1,2,0,0,0,0,0,0,0,0,0,10,5,5.666666666666667,3,10.666666666666666,0,0,0,0,0,0,0,13.666666666666666,0,29.333333333333332,24.333333333333332,24.666666666666668,0,0,44.666666666666664,13.666666666666666,0,0.6666666666666666,0,0,41.333333333333336,6.666666666666667,1,4.333333333333333,3.3333333333333335,0,0,39.666666666666664,0,48,0,10,6.666666666666667,22.666666666666668,4.333333333333333,9,0,0,0,0,25,0,5.333333333333333,14.666666666666666,1.6666666666666667,2,0,15.333333333333334,0,0,5,0,0,0,0,0,0,0,0,9.333333333333334,0,0,0,0,17,1,15,0,2.3333333333333335,0,0,0,0,0,0,0,0,0,0,0,0,0,6.333333333333333,0,0.6666666666666666,2,18,0,0.6666666666666666,1.6666666666666667,0,0,24.333333333333332,39.666666666666664,0,41.333333333333336,15.666666666666666,34.666666666666664,0,6.333333333333333,0,66.33333333333333,57.666666666666664,50.333333333333336,0,0,0
2014-07-01,30.666666666666668,36,6.666666666666667,7.666666666666667,6.333333333333333,17.333333333333332,2,36,24.666666666666668,0,4,22.666666666666668,17,16.666666666666668,2.6666666666666665,34,10.333333333333334,21.666666666666668,11,10.666666666666666,10,0,0,0,0,0,41.666666666666664,0,8.333333333333334,0,43.333333333333336,0,0,0,0,38.666666666666664,0,36.666666666666664,16.333333333333332,29.333333333333332,2.6666666666666665,39.666666666666664,0,13.666666666666666,0,0,0,0,23.666666666666668,0,2.3333333333333335,5,10.666666666666666,0,11,0,0,14,5.333333333333333,37,0,12.333333333333334,5.333333333333333,0,0,0,17.666666666666668,73.66666666666667,0,10.666666666666666,0,17.333333333333332,28,2,0,0.3333333333333333,5.666666666666667,20.333333333333332,2.6666666666666665,33.333333333333336,0,26,30.666666666666668,0,1,0,35,22.666666666666668,75,22,15.333333333333334,82,17.333333333333332,58.333333333333336,35.666666666666664,0,39.333333333333336,14,22.666666666666668,0,0,4.666666666666667,22,2.3333333333333335,10.666666666666666,2,0.6666666666666666,0.3333333333333333,0.3333333333333333,7.333333333333333,6.333333333333333,0,0.3333333333333333,0,0,0,0,0,0,0,0,6,6.666666666666667,3.6666666666666665,14,0,0,0,0,0,0,0,16,0,35.666666666666664,24.333333333333332,25.666666666666668,0,0,58.333333333333336,11,0,0,0,0,45,8,0.3333333333333333,0,0,0,0,42.333333333333336,11.666666666666666,54.333333333333336,0,0,10.333333333333334,31,5.333333333333333,10.333333333333334,0,0,0,0,29.666666666666668,0,5.333333333333333,13.666666666666666,3.6666666666666665,2,0.3333333333333333,7.666666666666667,0,0,3.6666666666666665,0,0,0,0,0,1,0,0,7,0,0,0,0,22.333333333333332,1,16.333333333333332,0.3333333333333333,2.3333333333333335,0,0,33.333333333333336,5,0,0,0.3333333333333333,0,0,0,0,0,0,8,0,1.6666666666666667,1,22,0,2.3333333333333335,1.6666666666666667,0,0,0,46,0,47.666666666666664,17,38.333333333333336,9.333333333333334,8.333333333333334,26,78.33333333333333,0,38.333333333333336,0,0,0
2014-10-01,27.333333333333332,35.333333333333336,6,8,6.333333333333333,16,2.3333333333333335,33,24.333333333333332,54,6.333333333333333,46,21.333333333333332,16,3,31.333333333333332,12.333333333333334,20.333333333333332,9.666666666666666,19.666666666666668,9,0,0,5,0,0,34.333333333333336,0,10.666666666666666,0,47,36,0,0,0,30.666666666666668,0,33.333333333333336,12.666666666666666,26,3.6666666666666665,33.333333333333336,0,19,0,0,0,0,22,0,2.6666666666666665,4.666666666666667,4.333333333333333,0,0,0,0,11.333333333333334,5,26.666666666666668,0,8.666666666666666,5.333333333333333,0,0,0,15,44,0,13.333333333333334,0,18.666666666666668,25.333333333333332,1.3333333333333333,17.666666666666668,0.3333333333333333,4.333333333333333,0,2,0,0,0,0,0,1,0,30.333333333333332,17,73.66666666666667,25,13.666666666666666,76,16.666666666666668,52.666666666666664,29,0,37.666666666666664,13,25.333333333333332,0,0,4,9.333333333333334,1,30,1.6666666666666667,0,0,1,5.666666666666667,7,39,0.3333333333333333,0,0,0,0,0,0,0,0,4.333333333333333,5,3,8.333333333333334,0,0,0,0,0,0,0,12.333333333333334,0,35.666666666666664,21.666666666666668,27.666666666666668,0,0,54.666666666666664,11.333333333333334,0,2.3333333333333335,0,8,54.666666666666664,6.666666666666667,1,0,0,0,0,47.666666666666664,0,22.333333333333332,0,0,6.333333333333333,29.666666666666668,4,6.333333333333333,0,0,0,0,31.333333333333332,33.333333333333336,5.666666666666667,13,3.3333333333333335,1.6666666666666667,0,2.6666666666666665,0,0,3.3333333333333335,0,0,0,0,0,0.3333333333333333,0,0,4.666666666666667,0,0,0,0,17.333333333333332,2,13.333333333333334,0,2.6666666666666665,4,0,0,3.3333333333333335,0,0,0,0,0,0,0,0,0,6.666666666666667,0,2,2.3333333333333335,20.666666666666668,0,0.6666666666666666,1,0,0,10.333333333333334,33,0,39.333333333333336,14.666666666666666,34,4,6.666666666666667,31,49.666666666666664,0,32.333333333333336,36,0.6666666666666666,0
2015-01-01,30.666666666666668,36.666666666666664,6.333333333333333,8.666666666666666,6,17,2,34.666666666666664,23,42,6.666666666666667,43.666666666666664,0,27,8,35.666666666666664,18.666666666666668,18.666666666666668,7.333333333333333,6.666666666666667,8.666666666666666,0,0,6.666666666666667,0,0,42.333333333333336,0,9.333333333333334,0,55.666666666666664,53.666666666666664,0,0,0,33.333333333333336,0,37.666666666666664,15.666666666666666,27.333333333333332,3,43.666666666666664,0,14.333333333333334,0,13.333333333333334,0,0,17.666666666666668,0,1.6666666666666667,5.666666666666667,7,0,8.333333333333334,0,9.333333333333334,10.666666666666666,5.333333333333333,35.666666666666664,0,0,5.333333333333333,33.333333333333336,0,0,15,43,1.3333333333333333,26.666666666666668,0,17.333333333333332,29.666666666666668,2,22,0.3333333333333333,4.666666666666667,0,2.3333333333333335,0,0,21,41,23.666666666666668,1.3333333333333333,32.333333333333336,25.333333333333332,22,80.66666666666667,34.666666666666664,19.333333333333332,71.33333333333333,18.666666666666668,68,28.666666666666668,0,40,15.333333333333334,30,0,0,2.6666666666666665,11,1.6666666666666667,22,37,0.6666666666666666,1,1.3333333333333333,9.333333333333334,0.6666666666666666,32.333333333333336,0,0,0,0,0,0,0,0,30.666666666666668,4.666666666666667,5,2.6666666666666665,12.666666666666666,0,0,0,0,0,0,0,16,0,38,28,24,0,0,63,14.666666666666666,0,1,0,0,41,7,1,0,2.6666666666666665,0,0,38.333333333333336,0,69.33333333333333,0,0,5,29.666666666666668,4.333333333333333,3.3333333333333335,0,0,0,0,34.666666666666664,0,4.666666666666667,14.666666666666666,3.3333333333333335,1.6666666666666667,0,3.3333333333333335,0,0,4.333333333333333,0,0,0,0,0,0,0,0,4.666666666666667,0,0,0,0,20.333333333333332,4.333333333333333,13,0,2.6666666666666665,2.6666666666666665,0,0,0,0,0,0,0,0,0,0,0,0,6.333333333333333,0,1.6666666666666667,9,17,0,1.6666666666666667,0.3333333333333333,0,1,29,33.333333333333336,0,45.666666666666664,19.333333333333332,37,0,7,58.333333333333336,76.66666666666667,0,49,17.333333333333332,0.6666666666666666,0
2015-04-01,27.333333333333332,33,6,8,5.666666666666667,15,2,33.666666666666664,24,27.666666666666668,6.333333333333333,16,6.333333333333333,17.666666666666668,3,34.666666666666664,19.666666666666668,18.333333333333332,9.666666666666666,4,6.333333333333333,0,0,5,0,0,41,0,8.666666666666666,0,50.333333333333336,53,0,0,0,33,7,34,14,30,3.6666666666666665,41.666666666666664,1.3333333333333333,17.333333333333332,0,23,0,15,17.666666666666668,0,1.6666666666666667,4.666666666666667,10,0,13.333333333333334,0,15.666666666666666,9.333333333333334,5,25,0,7.333333333333333,5.333333333333333,0,0,0,14.333333333333334,25.333333333333332,1.3333333333333333,20,0,16.333333333333332,23.666666666666668,1.6666666666666667,35.666666666666664,0,4.666666666666667,0,2.6666666666666665,25,15,21.666666666666668,25,31.666666666666668,1.3333333333333333,0,18.333333333333332,23,70.33333333333333,27.666666666666668,20.333333333333332,67.33333333333333,16.333333333333332,61,25,0,32.666666666666664,8.666666666666666,19,0,0,3.3333333333333335,12,8,21,9.333333333333334,0.6666666666666666,0.3333333333333333,2.6666666666666665,3.3333333333333335,9.666666666666666,45.333333333333336,0,0,0,0,0,0,0,0,15.333333333333334,4.333333333333333,4.333333333333333,2.6666666666666665,12,0,0,0,0,0,0,0,14.333333333333334,0,37.333333333333336,23.666666666666668,25.333333333333332,0,0,58.333333333333336,14,0,1,0,0,53.666666666666664,6.666666666666667,1,4,0,0,0,51.666666666666664,0,49,0,0,6.333333333333333,25,3.3333333333333335,5.666666666666667,0,0,0,0,32,0,4.666666666666667,16,2.3333333333333335,2,0.3333333333333333,2.3333333333333335,0,0,6,0,0,0,0,0,0,0,0,12.666666666666666,0,0,0,0,16.666666666666668,3.6666666666666665,11.666666666666666,0,2.3333333333333335,3.6666666666666665,0,0,0,0,22.333333333333332,0,0,0,0,0,0,0,7,0,2.3333333333333335,7,9.333333333333334,0,2.3333333333333335,1.3333333333333333,0,0,20.666666666666668,43.666666666666664,0,40,18.666666666666668,43.333333333333336,6.666666666666667,7,43.666666666666664,63.333333333333336,28,42.666666666666664,64.33333333333333,0.6666666666666666,0
2015-07-01,24.666666666666668,38,5.333333333333333,6.333333333333333,7.333333333333333,17,2,34,22.666666666666668,35.333333333333336,6.666666666666667,22.333333333333332,66,17.333333333333332,3,33,9.333333333333334,17.666666666666668,8.666666666666666,12.333333333333334,8.666666666666666,0,0,6.666666666666667,0,0,42.666666666666664,0,8.333333333333334,0,55.333333333333336,47.333333333333336,0,0,0,38.666666666666664,6.333333333333333,33,14.333333333333334,31.666666666666668,3,46.333333333333336,0.6666666666666666,13.333333333333334,0,26.333333333333332,0,0,9,0,1,4.666666666666667,13.666666666666666,0,7.666666666666667,0,16.666666666666668,9,4.333333333333333,21,0,0,5,0,0,0,13.666666666666666,0,1.3333333333333333,11.333333333333334,0,17,19,1.3333333333333333,0,0.6666666666666666,7,7,2.6666666666666665,25.333333333333332,33.333333333333336,46.666666666666664,0,0,1,25.333333333333332,0,18,73.66666666666667,34.333333333333336,22,65,17.333333333333332,69.66666666666667,2.6666666666666665,0,34,13.333333333333334,18.333333333333332,0,23.333333333333332,15.333333333333334,17.333333333333332,3,8.666666666666666,1.3333333333333333,0.3333333333333333,0,3.6666666666666665,12.333333333333334,3,29.333333333333332,0,0,0,0,0,0,1.3333333333333333,0,16,4,7,3.3333333333333335,12.666666666666666,0,0,0,0,0,0,0,16,0,36,23.333333333333332,24.666666666666668,0,0,57.333333333333336,10.666666666666666,0,3,0,0,26,8,0.6666666666666666,4.666666666666667,0,0,0,62.333333333333336,6.666666666666667,57.666666666666664,0,0,6.666666666666667,29.333333333333332,3.3333333333333335,5.333333333333333,0,0,0,0,29.666666666666668,0,5.333333333333333,15.666666666666666,2.6666666666666665,2,0.3333333333333333,1.3333333333333333,0,0,4.333333333333333,0,0,0,0,0,0.3333333333333333,0,0,3.3333333333333335,0,0,0,0,18.666666666666668,4.666666666666667,14.666666666666666,0,2,4.333333333333333,0,0,6.666666666666667,0,0,0,0,0,0,0,0,2,7.333333333333333,0,2,3,17.666666666666668,0,1.6666666666666667,1.3333333333333333,0,0,11.333333333333334,31,0,50,21.333333333333332,47,4,7.333333333333333,73.66666666666667,74.33333333333333,24.333333333333332,35.666666666666664,67.66666666666667,0,20
2015-10-01,22.333333333333332,34,5,7,6.666666666666667,15.666666666666666,1.6666666666666667,31,18,26.666666666666668,5.333333333333333,45.333333333333336,67.33333333333333,12,2,28,10,16.666666666666668,5.666666666666667,15.666666666666666,7.333333333333333,0,0,7.666666666666667,0,0,36,0,10,0,48.333333333333336,34.333333333333336,0,0,0,34.666666666666664,24,37.666666666666664,14,30,2,40,0.6666666666666666,9.333333333333334,0,29.666666666666668,0,0,25.333333333333332,22.666666666666668,1.6666666666666667,4.333333333333333,12,0,0,0,16.666666666666668,7.666666666666667,4,20,0,6.666666666666667,4.333333333333333,0,0,0,12.666666666666666,35.333333333333336,2.3333333333333335,22,0,14.333333333333334,25,1.6666666666666667,10.666666666666666,0.3333333333333333,5,0,3,0,0,66.33333333333333,0,0,0.6666666666666666,0,0,20,64.33333333333333,32.666666666666664,18.333333333333332,67,14,59.666666666666664,3,0,26,8,16.333333333333332,0,0,8,8.333333333333334,1.3333333333333333,10.666666666666666,1,0,0.3333333333333333,4,3,16.666666666666668,63,0.3333333333333333,5.666666666666667,0,0,0,0,0,0,10,3.6666666666666665,5,3,13,0,0,0,0,0,0,0,15,0,36,25,19,17.333333333333332,0,55.666666666666664,10,0,3.3333333333333335,0,6,39.333333333333336,7,1.3333333333333333,0,0,0,0,46.666666666666664,0,47.666666666666664,0,0,6,28.333333333333332,3,4.666666666666667,0,0,0,0,29.666666666666668,0,5.666666666666667,13.333333333333334,6.666666666666667,2.6666666666666665,0,1,0,0,5.666666666666667,0,0,0,0,0,0,0,0,8,0,0,0,0,22,4,11,0,1.6666666666666667,4.333333333333333,0,0,3.6666666666666665,5,0,0,0,0,0,0,0,3.3333333333333335,8.333333333333334,0,3,11,42.333333333333336,0,1,1,0,0,36,30,0,46.666666666666664,21.333333333333332,40.333333333333336,12.333333333333334,8.666666666666666,59,63,24.666666666666668,29,17,0.6666666666666666,0
2016-01-01,22.666666666666668,37.666666666666664,4.333333333333333,8.333333333333334,7.333333333333333,19.333333333333332,2,29.333333333333332,18.333333333333332,52.333333333333336,6.333333333333333,37.333333333333336,26.666666666666668,19.333333333333332,3,31.333333333333332,12.666666666666666,14.333333333333334,6.333333333333333,12,6,0,0,7.333333333333333,0,0,42.333333333333336,0,11,0,53.333333333333336,36,0,0,0,35.666666666666664,12.333333333333334,29.666666666666668,13,32.666666666666664,3.6666666666666665,49.666666666666664,1,11.333333333333334,0,46.333333333333336,0,0,14,12.333333333333334,3,4,9.333333333333334,0,13,0,6,5.333333333333333,2.3333333333333335,22,0,8.333333333333334,3.6666666666666665,0,0,0,11.333333333333334,35.333333333333336,2.3333333333333335,17,0,15.333333333333334,16.666666666666668,1.6666666666666667,0,0,5.333333333333333,12.666666666666666,2.6666666666666665,0,0,56.333333333333336,0,20,1,20.666666666666668,10.666666666666666,16.666666666666668,51,32.333333333333336,12.333333333333334,58,13.666666666666666,58.333333333333336,0,0,34,10.333333333333334,24.333333333333332,0,0,10.333333333333334,11.333333333333334,15,34.666666666666664,3.3333333333333335,0.6666666666666666,1,5,14.666666666666666,6.666666666666667,40.666666666666664,0.3333333333333333,5.666666666666667,0,0,0,0,1.3333333333333333,0,8,3.3333333333333335,4.333333333333333,3.3333333333333335,14.666666666666666,0,0,0,0,0,0,0,13,0,37,25.333333333333332,23.333333333333332,14,0,71.33333333333333,14.666666666666666,0,3,0,11,48.666666666666664,7,0.3333333333333333,0,0,0,0,41.333333333333336,0,56.333333333333336,0,0,5,30,2.6666666666666665,3,0,0,0,0,39.666666666666664,0,5.666666666666667,15.666666666666666,2,1.6666666666666667,0.6666666666666666,2,0,0,5.333333333333333,0,0,0,0,0,0,0,0,10.333333333333334,0,0,0,0,18,5,13.666666666666666,0,2.6666666666666665,4.666666666666667,5,0,5.333333333333333,0,0,0,0,0,0,0,0,3.3333333333333335,7.333333333333333,0,2.6666666666666665,5,20.333333333333332,0,2.6666666666666665,1,0,0,30.666666666666668,28.666666666666668,0,43.666666666666664,22,41,13.333333333333334,8,63,64.66666666666667,20.333333333333332,46.333333333333336,59.666666666666664,0.3333333333333333,15
2016-04-01,23.666666666666668,33.666666666666664,4.666666666666667,7.333333333333333,5.666666666666667,19,2,28.666666666666668,19.333333333333332,33.666666666666664,10,29,0,38,10.666666666666666,50.666666666666664,15.666666666666666,15,7.666666666666667,17.333333333333332,7.666666666666667,0,16,12,0.6666666666666666,0,41.333333333333336,0,21,0,42.666666666666664,54.666666666666664,0,0,0,34.666666666666664,15.666666666666666,36,14,33.333333333333336,3.3333333333333335,46.333333333333336,0.6666666666666666,14.666666666666666,0,12.666666666666666,0,0,0,25,9.666666666666666,5,12,0,0,0,13.666666666666666,6.333333333333333,3.3333333333333335,17.333333333333332,0,0,3.6666666666666665,0,9,0,12,36,2,22.333333333333332,0,13.666666666666666,21,1.6666666666666667,0,0.3333333333333333,7.333333333333333,0,3,17.333333333333332,0,48.333333333333336,0,15.333333333333334,0.6666666666666666,30,9.666666666666666,15,56,35.666666666666664,16,67.33333333333333,15,49,3,0,48.333333333333336,10.333333333333334,46,0,0,59,42.666666666666664,12.666666666666666,31.666666666666668,3,1,1,4.333333333333333,2,10,36,0.6666666666666666,0,5,13.666666666666666,1,2.3333333333333335,2,0,27.666666666666668,3.6666666666666665,5,3,16.333333333333332,0,0,0,0,0,0,0,12.666666666666666,0,36.666666666666664,25,26.333333333333332,0,0,64.66666666666667,12.666666666666666,0,3.3333333333333335,0,6,58.666666666666664,9.333333333333334,1.3333333333333333,3.6666666666666665,4,0,0,51.333333333333336,11.666666666666666,63,0,0,6.333333333333333,30,3.6666666666666665,3,0,0,0,0,40.666666666666664,0,8.333333333333334,16.333333333333332,2.3333333333333335,5.666666666666667,10,6.666666666666667,0,0,4.666666666666667,4,0,0,0,0,0,0,0,8.666666666666666,0,33.333333333333336,0,0,16,4.666666666666667,13.333333333333334,0,2.3333333333333335,6.333333333333333,13.666666666666666,0,9,0,0,0,0,0,0,0,0,4.333333333333333,9.666666666666666,0,3.3333333333333335,28,23.666666666666668,0,2.6666666666666665,1.3333333333333333,0,1,52,40.333333333333336,0,45.666666666666664,22.666666666666668,41.333333333333336,9,9,56,69,39,40,40.333333333333336,0.3333333333333333,0
2016-07-01,23.333333333333332,34,5,6.666666666666667,6.333333333333333,17.333333333333332,2,28.333333333333332,22.333333333333332,39.666666666666664,12.333333333333334,42.666666666666664,16.666666666666668,25.666666666666668,8.333333333333334,38,14,12,5.666666666666667,6.333333333333333,7.333333333333333,0,0,7.333333333333333,1,0,40,0,19.333333333333332,0,40.333333333333336,45,0,0,0,40.666666666666664,13.666666666666666,47.666666666666664,14.666666666666666,37,3.3333333333333335,51,0.3333333333333333,12.333333333333334,0,43.666666666666664,0,0,26.333333333333332,31.333333333333332,7,5.666666666666667,12.333333333333334,0,21,0,5.666666666666667,5,2.6666666666666665,16.333333333333332,0,0,3.6666666666666665,0,0,0,10.666666666666666,35.666666666666664,3.3333333333333335,17,0,11.666666666666666,18.666666666666668,1.3333333333333333,10,0.3333333333333333,7.666666666666667,6.666666666666667,3.3333333333333335,0,0,51,0,0,0.6666666666666666,0,14.666666666666666,16.333333333333332,45.333333333333336,38.333333333333336,14.666666666666666,67,14.333333333333334,64.33333333333333,5,0,41.333333333333336,35.333333333333336,38,33.333333333333336,0,13.666666666666666,6.666666666666667,1.3333333333333333,11.666666666666666,1.6666666666666667,0.6666666666666666,0.6666666666666666,1.3333333333333333,3.6666666666666665,1.3333333333333333,31.666666666666668,0,4.333333333333333,6.333333333333333,17,1.3333333333333333,1.3333333333333333,1.6666666666666667,0,33,3.3333333333333335,4.666666666666667,3,14.333333333333334,0,0,0,0,0,0,0,15,0,39,25.666666666666668,24,0,0,65,9,0,3.6666666666666665,0,7.666666666666667,45.333333333333336,9.666666666666666,1.3333333333333333,0,4.333333333333333,0,0.3333333333333333,49,5,66.66666666666667,0,0,6.666666666666667,28.666666666666668,4,5,0,0,0,0,32,0,6,16,3.3333333333333335,2.6666666666666665,1,2.3333333333333335,0,0,5.666666666666667,7.333333333333333,0,0,0,0,0,0,0,8,0,0,0,0,20.333333333333332,5.666666666666667,12,0,2.3333333333333335,6.333333333333333,5,0,10,3.6666666666666665,0,0,0,0,0,0,0,5.333333333333333,12.666666666666666,0,3.3333333333333335,4.666666666666667,22.666666666666668,0,3,1,1,0,17,31.333333333333332,0,42.666666666666664,22,36,14.666666666666666,7.333333333333333,61,51.666666666666664,41.666666666666664,42.666666666666664,33.333333333333336,0,16.666666666666668
2016-10-01,20,28.333333333333332,4,5,5.333333333333333,14,1.3333333333333333,22.333333333333332,17.666666666666668,35.333333333333336,10.666666666666666,26.666666666666668,0,24,14.666666666666666,29.666666666666668,13.666666666666666,10.666666666666666,4.666666666666667,0,5.333333333333333,0,0,9.666666666666666,0.3333333333333333,0,30,0,16.666666666666668,0,35.666666666666664,38,0,0,0,24.333333333333332,5.333333333333333,22.333333333333332,11.333333333333334,28.333333333333332,2.6666666666666665,39.333333333333336,0.3333333333333333,12.666666666666666,0,17.666666666666668,0,0,6.333333333333333,12,4,6,16.666666666666668,0,17,0,18.666666666666668,3.6666666666666665,1.6666666666666667,18,0,0,3,0,0,0,8.666666666666666,18.666666666666668,2,9,0,10,16,1,0,0,4.666666666666667,0,2.3333333333333335,17,12.333333333333334,0,0,0,0.6666666666666666,8.333333333333334,10.333333333333334,15,38.333333333333336,40,11.666666666666666,59.333333333333336,12,50,3,0,28.333333333333332,38.333333333333336,24.333333333333332,0,0,13.666666666666666,20.333333333333332,1,17.333333333333332,1,0.3333333333333333,0.3333333333333333,8,12.666666666666666,8.666666666666666,36.666666666666664,0.6666666666666666,4.666666666666667,15.666666666666666,19,2.3333333333333335,0,2.3333333333333335,0,22.666666666666668,3,4.333333333333333,2.6666666666666665,11,0,0,0,0,2.3333333333333335,0,0,12.666666666666666,0,32.666666666666664,20,16.666666666666668,0,0,48.666666666666664,7.666666666666667,0,3,0,0,45,9,1,6.333333333333333,4.333333333333333,0,0,42,0,54.333333333333336,0,0,4.666666666666667,25,3.3333333333333335,3,0.3333333333333333,0,0,0,27,0,4.666666666666667,11.666666666666666,4.666666666666667,3.3333333333333335,0,2.6666666666666665,0,0,4.333333333333333,0,0,0,0,0,0.3333333333333333,0,0,3,0,0,0,0,20.666666666666668,6.666666666666667,14,0,2.3333333333333335,5.333333333333333,10.333333333333334,0,9,12.333333333333334,0,0,0,0,0,0,0,6,12.666666666666666,0,3.6666666666666665,3.3333333333333335,24.333333333333332,0,2,0.6666666666666666,0,0,18.333333333333332,27.666666666666668,0,35.666666666666664,17.333333333333332,21.666666666666668,8.333333333333334,6.333333333333333,57.666666666666664,38.333333333333336,51,34,15.333333333333334,1,18.666666666666668
2017-01-01,21.333333333333332,31.333333333333332,4.333333333333333,6,5.333333333333333,15.333333333333334,1.3333333333333333,25.333333333333332,16.666666666666668,31.333333333333332,8.333333333333334,38.666666666666664,5.333333333333333,18,5.333333333333333,36.333333333333336,10.333333333333334,11,5,12.666666666666666,6.333333333333333,0,0,7.666666666666667,0.6666666666666666,0,40.333333333333336,0,14,0,39.666666666666664,51,0,0,0,29.333333333333332,13.333333333333334,29.333333333333332,14.333333333333334,27.333333333333332,3,47.666666666666664,0,10.333333333333334,0,27.333333333333332,0,0,6.333333333333333,30.333333333333332,3.3333333333333335,5.333333333333333,13,0,17.666666666666668,0,29,5,2.3333333333333335,17,0,0,3,0,0,0,9.666666666666666,38,2.6666666666666665,15.666666666666666,0,9.333333333333334,19.666666666666668,1,0,0,4.666666666666667,0,2.3333333333333335,18.333333333333332,17.333333333333332,29.333333333333332,0,0,1,24.666666666666668,8.333333333333334,15.666666666666666,38.666666666666664,49.333333333333336,10.666666666666666,55.333333333333336,12.333333333333334,41.333333333333336,7.333333333333333,0,30,14.666666666666666,22,0,0,2.3333333333333335,17.333333333333332,12,13.333333333333334,1,1,1,3,3,4,56.666666666666664,0.6666666666666666,10,13.666666666666666,15.666666666666666,3.3333333333333335,1.3333333333333333,2.3333333333333335,0,29.666666666666668,3,4,3,13,0,0,0,0,9.666666666666666,0,0,11.666666666666666,0,33,20.333333333333332,18,10.333333333333334,0,63.333333333333336,11.666666666666666,0,3,0,0,52,9.333333333333334,1,2.3333333333333335,4.666666666666667,0,0,32.666666666666664,0,69.33333333333333,0,0,5.333333333333333,24.666666666666668,3.6666666666666665,3.3333333333333335,0,0,0,0,37,0,5.333333333333333,12.666666666666666,4.333333333333333,4.333333333333333,0,1.6666666666666667,0,0,4.666666666666667,4,0,0,0,0,0,0,0,3.6666666666666665,0,0,0,0,22.333333333333332,6,15.666666666666666,0,2,6,3.6666666666666665,0,10.666666666666666,3,0,0,0,0,0,0,0,5.333333333333333,11.333333333333334,0,4.333333333333333,3.6666666666666665,24.333333333333332,0,2,0.6666666666666666,0,0,6,28.333333333333332,0,41,19.333333333333332,33,13.333333333333334,7.666666666666667,64.66666666666667,53.333333333333336,41,33.333333333333336,41,0.6666666666666666,16
2017-04-01,21.333333333333332,28,4,6.333333333333333,5.666666666666667,19,1.6666666666666667,24.333333333333332,14,35.666666666666664,12.666666666666666,38.333333333333336,0,28,13,42.333333333333336,14.333333333333334,11.333333333333334,4.333333333333333,15.666666666666666,6,0,0,8,1,0,33,0,13,0,37.333333333333336,40,0,0,0,32.666666666666664,11,32.333333333333336,15,26.333333333333332,3,42.666666666666664,0.6666666666666666,11.333333333333334,0,38.666666666666664,26.333333333333332,10.666666666666666,21.333333333333332,31.333333333333332,3,5.333333333333333,13.333333333333334,0,9,0,6.333333333333333,4,2,14.666666666666666,0,4.666666666666667,2.6666666666666665,0,0,0,8.666666666666666,14,1.3333333333333333,17.666666666666668,0,11,17.333333333333332,1,0,0.3333333333333333,4.666666666666667,7.666666666666667,2.6666666666666665,0,9,45.333333333333336,0,0,0.6666666666666666,22.666666666666668,5,15.666666666666666,33.333333333333336,54.666666666666664,11,59,13.333333333333334,41.666666666666664,8,0,37.666666666666664,12.666666666666666,35.333333333333336,0,0,3.3333333333333335,9.666666666666666,7.666666666666667,18.666666666666668,19.666666666666668,1,9.333333333333334,8.666666666666666,11.666666666666666,4.333333333333333,38,1,5.666666666666667,19.333333333333332,42.333333333333336,4.666666666666667,4.666666666666667,2.6666666666666665,0,29.333333333333332,3,3.3333333333333335,2.6666666666666665,14.666666666666666,0,0,0,0,16.666666666666668,0,0,12.333333333333334,0,33.333333333333336,21.666666666666668,22,17.666666666666668,0,54.666666666666664,10,0,4,0,12.333333333333334,45.666666666666664,9.666666666666666,1,3,4.333333333333333,0,0,36,0,56.666666666666664,0,0,5.333333333333333,20.666666666666668,3,3.6666666666666665,0,0,0,0,26.333333333333332,0,5.333333333333333,14.666666666666666,3.3333333333333335,8.666666666666666,0.6666666666666666,1.3333333333333333,0,0,4.666666666666667,3.3333333333333335,0,0,0,0,0,0,0,10,0,0,14,0,19,7,16,0,2.3333333333333335,6.666666666666667,9.333333333333334,0,11.666666666666666,2.6666666666666665,0,0,0,0,0,0,0,6.666666666666667,11.333333333333334,0,3.6666666666666665,1.3333333333333333,29.333333333333332,0,1.3333333333333333,0.6666666666666666,0,0,22.333333333333332,23.666666666666668,0,39,19.333333333333332,31.666666666666668,9.333333333333334,7.666666666666667,68,44.333333333333336,40.333333333333336,27.666666666666668,20.333333333333332,0.3333333333333333,0
2017-07-01,18.333333333333332,23.666666666666668,2.6666666666666665,4.333333333333333,4.666666666666667,12,1.3333333333333333,20.666666666666668,15.333333333333334,33,8.333333333333334,36,5,17.333333333333332,6.666666666666667,34.666666666666664,12.666666666666666,8.333333333333334,4.666666666666667,2.6666666666666665,4.333333333333333,0,0,0,1,0,35.666666666666664,0,15,0,33,32.666666666666664,0,0,0,27.333333333333332,11.666666666666666,27.666666666666668,13.333333333333334,25.666666666666668,1.6666666666666667,45.333333333333336,0.6666666666666666,18.666666666666668,0,14.666666666666666,0,0,10.666666666666666,33,3,5.333333333333333,15.666666666666666,0,11.666666666666666,0,5.666666666666667,3.6666666666666665,1.6666666666666667,13,0,0,2.6666666666666665,0,0,0,8.333333333333334,13,1.3333333333333333,12.666666666666666,0,8,16.333333333333332,1,0,0.3333333333333333,4.666666666666667,0,2,0,0,33.333333333333336,0,16.333333333333332,0.6666666666666666,18.666666666666668,11,16.666666666666668,28.666666666666668,58.666666666666664,7.666666666666667,54.666666666666664,11,31.666666666666668,7.333333333333333,0,25.666666666666668,5.666666666666667,15.666666666666666,0,33.333333333333336,2.3333333333333335,7.333333333333333,2,44.333333333333336,8,0.3333333333333333,1.3333333333333333,5,2.3333333333333335,2.3333333333333335,29.666666666666668,0.6666666666666666,7.333333333333333,44.666666666666664,39.333333333333336,7.666666666666667,3.3333333333333335,1,3,24.333333333333332,2.3333333333333335,3,2.3333333333333335,16,0,0,0,0,18.333333333333332,0,0,12.333333333333334,0,31.666666666666668,19.333333333333332,15.333333333333334,10.666666666666666,33.333333333333336,47,7.666666666666667,0,3,0,3.3333333333333335,34.333333333333336,9.666666666666666,1,3,3,0,0,34.333333333333336,13.666666666666666,56,0,0,5.333333333333333,22.666666666666668,3,4,0,0,0,0,20.666666666666668,0,5.333333333333333,10.333333333333334,2.6666666666666665,5.333333333333333,1,11.333333333333334,0,0,3.3333333333333335,4.333333333333333,0,0,0,0,0.3333333333333333,0,33.333333333333336,3,0,0,0,0,19.666666666666668,8,13.666666666666666,0,2.3333333333333335,5.666666666666667,0,0,12.333333333333334,9,0,0,0,0,0,0,0,5.666666666666667,13.333333333333334,0,3.3333333333333335,2,32.333333333333336,0,1,0.6666666666666666,0,0,0,22.333333333333332,0,36.666666666666664,16.333333333333332,26.333333333333332,9,6.666666666666667,54.333333333333336,49.333333333333336,0,33.666666666666664,14,0.3333333333333333,17.333333333333332
2017-10-01,17.333333333333332,22.666666666666668,2.6666666666666665,5.666666666666667,4.666666666666667,13.333333333333334,1.3333333333333333,20.666666666666668,16.333333333333332,35,11.666666666666666,23.333333333333332,0,15.666666666666666,6.333333333333333,33.333333333333336,9.333333333333334,8.666666666666666,3.6666666666666665,8,4.333333333333333,0,0,7,0.3333333333333333,0,36.666666666666664,0,16,0.3333333333333333,28.666666666666668,39.666666666666664,0,0,0,31.666666666666668,11.333333333333334,28.666666666666668,13,25,2.6666666666666665,44,0.3333333333333333,13,0,25.666666666666668,0,0,11.666666666666666,11,2.6666666666666665,5.333333333333333,15,0,7.666666666666667,0,14.333333333333334,3,1.6666666666666667,16,0,0,2.3333333333333335,0,0,0,8,22,2.3333333333333335,8.333333333333334,0,8,16,1,0,0,3.6666666666666665,4,2.3333333333333335,16,9.666666666666666,62,0,0,1,10,0,14.666666666666666,32.666666666666664,78.33333333333333,12,73.33333333333333,10.666666666666666,31.333333333333332,8.333333333333334,0,22.666666666666668,8.666666666666666,18.333333333333332,0,12.666666666666666,2.3333333333333335,19,2,19.333333333333332,3,0.3333333333333333,1,7.666666666666667,12,3,37,0.6666666666666666,10.333333333333334,52,17,7,1.3333333333333333,2.3333333333333335,0,36.333333333333336,2.6666666666666665,2,2.3333333333333335,48.666666666666664,0,0,0,0,16.333333333333332,0,0,10.666666666666666,0,30.333333333333332,19.333333333333332,11.333333333333334,0,29.666666666666668,42.333333333333336,7.666666666666667,0,4.333333333333333,0,0,29.666666666666668,9,1,0,4.666666666666667,0,0,35.333333333333336,4.333333333333333,57.666666666666664,0,0,5,19.333333333333332,3.3333333333333335,2.6666666666666665,0,0,0,0,20.333333333333332,0,5.333333333333333,10.333333333333334,2.3333333333333335,8.333333333333334,0.3333333333333333,3.3333333333333335,0,0,3.3333333333333335,0,0,0,0,0,0,0,0,2.3333333333333335,0,18.666666666666668,0,0,20,9.333333333333334,14.666666666666666,0,2.6666666666666665,9.333333333333334,3.6666666666666665,0,9.666666666666666,0,0,0,0,0,0,0,0,6,11.333333333333334,0,3.3333333333333335,2.6666666666666665,33.333333333333336,0.3333333333333333,0.6666666666666666,0.6666666666666666,0,0,0,15,0,35.333333333333336,16.666666666666668,23.333333333333332,10.333333333333334,6.333333333333333,50,38,0,15,0,0.6666666666666666,30.333333333333332
2018-01-01,19,26,3,5,5.333333333333333,13.333333333333334,1,22,16,38.666666666666664,7.333333333333333,31.666666666666668,0,20.666666666666668,9.666666666666666,34.333333333333336,11.333333333333334,9.333333333333334,5.333333333333333,8.333333333333334,5.666666666666667,0,0,11,0,0,30.666666666666668,0,16,0,33,43.666666666666664,0,0,0,35.666666666666664,18.333333333333332,31.333333333333332,16.333333333333332,29.333333333333332,3,58.333333333333336,0.6666666666666666,12.333333333333334,0,37.666666666666664,0,0,18.666666666666668,35.666666666666664,2,5.333333333333333,13.666666666666666,0,8.333333333333334,0,13,4.333333333333333,1.6666666666666667,20.333333333333332,0,0,3,0,0,0,8.333333333333334,31,2,12.333333333333334,0,8,16,1,0,0,4,4.333333333333333,2.3333333333333335,56,9,49.333333333333336,7.666666666666667,0,0.6666666666666666,20,11.666666666666666,15,35.666666666666664,85.33333333333333,11.666666666666666,77.66666666666667,11.333333333333334,38,7.333333333333333,0,22.666666666666668,5.333333333333333,18,0,0,19.333333333333332,45.333333333333336,5.666666666666667,12.666666666666666,1.6666666666666667,0,1,7.333333333333333,8.666666666666666,2,28.333333333333332,1,12.333333333333334,16.333333333333332,7.666666666666667,2,0.6666666666666666,1.3333333333333333,0,43,2.6666666666666665,4.333333333333333,3,17,0,0,0,0,15.666666666666666,0,0,12.333333333333334,0,35,24.333333333333332,19,15.666666666666666,0,58,11.333333333333334,0,3.3333333333333335,0,4,36.666666666666664,10.666666666666666,1.3333333333333333,5.333333333333333,6.333333333333333,0,0,32.333333333333336,4.666666666666667,58.333333333333336,0,0,5,22.666666666666668,4,3.6666666666666665,0,0,0,0,30.333333333333332,0,5.666666666666667,11,3,8,0,3,0,0,5,3,0,0,0,0,0,0,0,8,0,0,0,0,22.333333333333332,9.333333333333334,14.666666666666666,0,3.6666666666666665,6,0,0,13.666666666666666,6,0,0,0,0,0,0,0,7,13.666666666666666,0,3.3333333333333335,3.3333333333333335,28,0,1,1,0,0,17,26.333333333333332,0,46,19,29,10.666666666666666,6.333333333333333,54,49.333333333333336,48,36.666666666666664,10,0,13.333333333333334
2018-04-01,18,22.333333333333332,2.3333333333333335,5,4.666666666666667,12.333333333333334,1,19.666666666666668,13.333333333333334,24,10,22.666666666666668,5,32.333333333333336,24,37,11.666666666666666,10,3,0,4.333333333333333,0,0,12,0,0,32,0,15.333333333333334,0,31.333333333333332,37,0,0,0,35,13.333333333333334,32.333333333333336,15.333333333333334,24.333333333333332,2.3333333333333335,50,0,9.666666666666666,0,32.333333333333336,0,10.333333333333334,0,33,2.6666666666666665,5,15.333333333333334,0,21,0,21.666666666666668,3.6666666666666665,2,14.666666666666666,0,4.666666666666667,3,0,0,0,8.333333333333334,11.666666666666666,2,13.666666666666666,60.666666666666664,9.333333333333334,20.666666666666668,1,0,0,3.6666666666666665,10.333333333333334,2,60.666666666666664,22,56.666666666666664,0,0,0.3333333333333333,30.333333333333332,0,14.666666666666666,32.666666666666664,79.66666666666667,11.333333333333334,89.33333333333333,11,28.333333333333332,8,0,21.333333333333332,8.333333333333334,17,0,0,11.666666666666666,12.666666666666666,3.3333333333333335,11.333333333333334,2.6666666666666665,0.3333333333333333,58,10.333333333333334,3.6666666666666665,4.333333333333333,34,1.3333333333333333,11.333333333333334,19.333333333333332,10.666666666666666,3,0.6666666666666666,1.3333333333333333,0,55,3,4.666666666666667,2.6666666666666665,15.666666666666666,0,0,0,0,20.666666666666668,0,0,12.333333333333334,0,36.333333333333336,21.666666666666668,18.666666666666668,11,0,51.666666666666664,9.666666666666666,0,3.6666666666666665,0,3.3333333333333335,31.666666666666668,10,1.3333333333333333,9.333333333333334,4.666666666666667,0,0,35.333333333333336,12.333333333333334,29,0,0,5.666666666666667,17.333333333333332,4,3.3333333333333335,0,0,0,0,30.666666666666668,0,7.333333333333333,11.333333333333334,2.6666666666666665,10,0,2.3333333333333335,0,0,5,0,0,0,0,0,0.3333333333333333,0,0,0,0,0,0,0,25,9.666666666666666,17.333333333333332,0,3.6666666666666665,6,3.3333333333333335,0,13.333333333333334,3,12.333333333333334,0,0,9,0,0,0,8.333333333333334,13,0,3,1.6666666666666667,30,0,0.6666666666666666,1,0,0,14.333333333333334,27,0,42,17.666666666666668,31.666666666666668,4.666666666666667,7,51.333333333333336,49,33.333333333333336,32.666666666666664,0,0.6666666666666666,29.333333333333332
2018-07-01,18,21,2.6666666666666665,4.666666666666667,4.666666666666667,12.666666666666666,1.3333333333333333,18.666666666666668,15,45.333333333333336,16.666666666666668,23.333333333333332,4.333333333333333,13.666666666666666,7.666666666666667,35,13.333333333333334,8.333333333333334,4.333333333333333,8.333333333333334,2.6666666666666665,0,0,8.333333333333334,0.3333333333333333,0,33,0,16.333333333333332,0,24,35.666666666666664,0,0,0,30.333333333333332,17,30.333333333333332,15.333333333333334,22.333333333333332,3,57,0,11.333333333333334,33.333333333333336,22,0,0,13.666666666666666,18,2.6666666666666665,5.666666666666667,15,0,17,0,16,3.6666666666666665,2,17.333333333333332,0,4,2.6666666666666665,0,0,0,8,0,1,14.333333333333334,21.666666666666668,9,21.333333333333332,1,0,0,5,7.666666666666667,2,30.666666666666668,0,26.333333333333332,17,26,0.6666666666666666,17,4,13.666666666666666,28.333333333333332,86.66666666666667,10.666666666666666,80.66666666666667,10,35,6.333333333333333,0,19.666666666666668,7.333333333333333,12.666666666666666,0,0,1,4.333333333333333,2.3333333333333335,7.666666666666667,1,0,11.333333333333334,11.666666666666666,5.666666666666667,3.6666666666666665,46,1.3333333333333333,14,20.666666666666668,8.666666666666666,4.333333333333333,0.6666666666666666,0.6666666666666666,0,53.666666666666664,2.6666666666666665,4,2.3333333333333335,12.333333333333334,0.3333333333333333,0,0,0,35.333333333333336,0,0,13,0,33.666666666666664,20,17.333333333333332,20.333333333333332,0,49.666666666666664,7.666666666666667,0,5,0,0,34,10.333333333333334,1.6666666666666667,11,6.333333333333333,0,0.3333333333333333,48.666666666666664,17.666666666666668,41,0,0,6.666666666666667,18.666666666666668,3.6666666666666665,3.3333333333333335,0,0,0,0,33.666666666666664,0,5.333333333333333,11,3,30.333333333333332,8,3.3333333333333335,0,0,4.333333333333333,0,0,0,0,0,0,0,0,6,0,0,0,0,23,8.333333333333334,14.333333333333334,0,4,12.333333333333334,6.333333333333333,0,15,9.666666666666666,24.333333333333332,0,0,0,0,0,0,8,11.333333333333334,0,4,2,37.333333333333336,0,1,1,0,0,5.666666666666667,25.333333333333332,0,43.333333333333336,17.666666666666668,31,9.666666666666666,5.666666666666667,48.333333333333336,52,0,25.333333333333332,34,1,12.333333333333334
2018-10-01,18.666666666666668,19.666666666666668,2,7.333333333333333,4.666666666666667,10.333333333333334,1.3333333333333333,18.666666666666668,11.666666666666666,35.666666666666664,8,18.333333333333332,0,15.666666666666666,12,31,10.666666666666666,7.666666666666667,5.666666666666667,7.333333333333333,4.666666666666667,0,0,11.666666666666666,17.666666666666668,0,31,0,19.333333333333332,0,27.333333333333332,36.333333333333336,0,0,0,27.333333333333332,14.666666666666666,23,13,38,1.3333333333333333,47,0.3333333333333333,11,0,8.333333333333334,0,9.333333333333334,9.666666666666666,0,2,5.666666666666667,13.333333333333334,0,11.666666666666666,2.6666666666666665,26,3.3333333333333335,1.3333333333333333,16.333333333333332,0,9.333333333333334,2.6666666666666665,0,0,0,8.666666666666666,12,3,15.333333333333334,0,8.333333333333334,18.666666666666668,1,0,0,3.6666666666666665,3.6666666666666665,2,19,17,47.666666666666664,0,15.666666666666666,1,19.666666666666668,11.333333333333334,14.333333333333334,21.666666666666668,75.33333333333333,9.666666666666666,76,8.666666666666666,32,6.333333333333333,0,16,4.666666666666667,10.666666666666666,0,0,10.666666666666666,17.666666666666668,5,22,1,0,5.666666666666667,13.333333333333334,7.333333333333333,3.3333333333333335,46.333333333333336,2,20.333333333333332,20.666666666666668,21.333333333333332,6.333333333333333,3.3333333333333335,1,0,43.333333333333336,2.3333333333333335,3.3333333333333335,2,8.666666666666666,0,0,0,0,32.666666666666664,0,0,12.333333333333334,0,35.666666666666664,20.333333333333332,16.333333333333332,14,22.666666666666668,34,4.666666666666667,33.333333333333336,4.333333333333333,0,4,35,9.666666666666666,1,5.666666666666667,4.666666666666667,0,0,54.666666666666664,22.333333333333332,50.333333333333336,0,0,5,18.333333333333332,3.3333333333333335,2.3333333333333335,0,0,0,0,17.333333333333332,0,5.666666666666667,8.666666666666666,2.3333333333333335,73.66666666666667,11.666666666666666,14.666666666666666,0,0,5.333333333333333,6,0,0,0,0,0,0,0,0,0,19,0,0,45,29,19.333333333333332,0,4,9.666666666666666,0,0,13.333333333333334,6.333333333333333,0,0,0,4.333333333333333,0,0,0,8.666666666666666,10.666666666666666,0,3.6666666666666665,3.3333333333333335,35,0,0.6666666666666666,0.3333333333333333,0.3333333333333333,0,0,24.333333333333332,0,43,17.666666666666668,36.666666666666664,14.333333333333334,7.666666666666667,43,52.666666666666664,32.333333333333336,32.666666666666664,19.666666666666668,0.6666666666666666,0
2019-01-01,18,20.666666666666668,2,4.666666666666667,4,11,1.3333333333333333,18,15,44,9.333333333333334,14.666666666666666,0,20.666666666666668,16,37.666666666666664,14,9,6,6,3.3333333333333335,0,0,6.666666666666667,4.333333333333333,0,40,0,19.333333333333332,0.3333333333333333,28.666666666666668,40.333333333333336,0,0,0,31.666666666666668,15.333333333333334,24.333333333333332,14.666666666666666,34,2.3333333333333335,63,0.6666666666666666,12.333333333333334,0,10.333333333333334,0,9,16.333333333333332,15.666666666666666,2.3333333333333335,5,15.666666666666666,0,19.666666666666668,0,21.666666666666668,4.333333333333333,1.6666666666666667,18.333333333333332,0,0,3,0,0,0,8,31.666666666666668,2.6666666666666665,10.666666666666666,23.666666666666668,10,21.666666666666668,1,0,0,4,4,2,34.333333333333336,13,32.666666666666664,12.666666666666666,0,1,24.666666666666668,15.666666666666666,16,20.666666666666668,84,12,80.66666666666667,8.666666666666666,28.333333333333332,7.666666666666667,0,19,1.6666666666666667,14.666666666666666,0,0,8.333333333333334,14,8.333333333333334,29.666666666666668,1,0,2,8.666666666666666,7,2.3333333333333335,4.333333333333333,0.6666666666666666,20,9.333333333333334,13.333333333333334,6,1.3333333333333333,2.3333333333333335,0,30,3,4.333333333333333,2,12.333333333333334,0,0,0,0,30,0,0,13,0,35.333333333333336,23.666666666666668,20.333333333333332,0,0,43.666666666666664,10.666666666666666,0,4,0,4.333333333333333,47.666666666666664,11,1.6666666666666667,5.666666666666667,5,0,0,42.333333333333336,24.666666666666668,45,0,0,5.333333333333333,19.333333333333332,4,3.3333333333333335,0,0,0,0,19,0,6,8,2,43.333333333333336,3.3333333333333335,18,0,0,4.333333333333333,0,0,0,0,4,0,0,0,2.6666666666666665,0,0,0,0,42.666666666666664,24,18.666666666666668,0,3.6666666666666665,5.333333333333333,0,0,13.666666666666666,10,24.666666666666668,0,0,0,0,0,0,9,10.666666666666666,0,3.3333333333333335,3.3333333333333335,34,0,1,0,0,0,0,19.666666666666668,0,47,19.666666666666668,36.666666666666664,11,7,51,66.66666666666667,70.33333333333333,36.333333333333336,21.333333333333332,0.6666666666666666,33.333333333333336
2019-04-01,19.666666666666668,21.333333333333332,2.3333333333333335,36.333333333333336,4,12.666666666666666,1.3333333333333333,18,14.666666666666666,47.333333333333336,10.333333333333334,26.333333333333332,0,18.333333333333332,16.666666666666668,40.333333333333336,17.333333333333332,8,5.333333333333333,5.333333333333333,2.6666666666666665,0,0,10.666666666666666,7.333333333333333,0,39.333333333333336,0,33.333333333333336,0,29,42.333333333333336,0,0,0,31,21.666666666666668,27,16.666666666666668,31.333333333333332,2.6666666666666665,54.333333333333336,0,15,0,20,0,0,10.666666666666666,19.666666666666668,2,5.333333333333333,16,0,16.333333333333332,0,20.333333333333332,3.3333333333333335,1.6666666666666667,17.666666666666668,0,13.666666666666666,3.6666666666666665,23.666666666666668,6,0,9.333333333333334,44.666666666666664,2.6666666666666665,13.333333333333334,0,8.333333333333334,21.333333333333332,1,0,0,4,5,2,19.333333333333332,0,13,0,0,1,8,11.333333333333334,21.333333333333332,24.666666666666668,87,11.333333333333334,65,12.333333333333334,30,9.666666666666666,0,19.333333333333332,5.666666666666667,15.333333333333334,0,0,7.333333333333333,3,3,15.333333333333334,1.6666666666666667,4.666666666666667,2.6666666666666665,11,8,2.6666666666666665,32,1.3333333333333333,20,11.666666666666666,23,4,1.3333333333333333,2,0,33.666666666666664,3,4,3.3333333333333335,15.666666666666666,0,0,0,0,38,0,0,18,0,37.333333333333336,24.666666666666668,19.333333333333332,16.333333333333332,27.333333333333332,58.666666666666664,9,0,5.333333333333333,0,0,39,12,1.6666666666666667,8,3.6666666666666665,0,0,49,33,49.666666666666664,0,0,7.333333333333333,19.333333333333332,5.666666666666667,3,0,0,0,0,30.666666666666668,0,6.333333333333333,11.666666666666666,3.3333333333333335,44.333333333333336,0,1.3333333333333333,0,0,5.666666666666667,3.3333333333333335,0,0,0,0,0,0,0,4.666666666666667,0,16.333333333333332,0,0,34.666666666666664,15.666666666666666,16,0,4.333333333333333,6.333333333333333,0,0,18.666666666666668,8.666666666666666,26.666666666666668,0,0,0,0,0,0,11.333333333333334,12,0,4.333333333333333,3,33.333333333333336,0,1.3333333333333333,0.6666666666666666,0.3333333333333333,0,11.666666666666666,32.333333333333336,0,47.666666666666664,19.333333333333332,36.666666666666664,9.666666666666666,8,35.666666666666664,66,49.333333333333336,37.333333333333336,21,0.3333333333333333,51
2019-07-01,20,20.333333333333332,2.3333333333333335,8.333333333333334,4.333333333333333,12.666666666666666,1.6666666666666667,18,17.333333333333332,48,55.333333333333336,9,5.666666666666667,23.333333333333332,27,44,14,8.333333333333334,5.666666666666667,10.333333333333334,3.6666666666666665,0,0,11.333333333333334,12.666666666666666,0,34,0,35.333333333333336,0,29.666666666666668,44,0,0,0,33,24.666666666666668,31,18.333333333333332,32,3.3333333333333335,69.33333333333333,0.3333333333333333,11,0,27.666666666666668,0,0,17.666666666666668,19.666666666666668,3,6,19.333333333333332,0,22,1.6666666666666667,21,3,2,20.333333333333332,0,17.333333333333332,3.6666666666666665,9.333333333333334,18,0,9.333333333333334,38.666666666666664,2,14,31.666666666666668,10,22.333333333333332,1.3333333333333333,0,0,5.333333333333333,10,2,35.666666666666664,8.333333333333334,49,0,26.333333333333332,0.6666666666666666,20.333333333333332,14.666666666666666,18,24.333333333333332,90.66666666666667,11.666666666666666,67.66666666666667,10.666666666666666,37,10,0,21.666666666666668,6,13,0,0,12.333333333333334,10,1.3333333333333333,7.666666666666667,1.6666666666666667,1,3.3333333333333335,10.666666666666666,3.6666666666666665,1.6666666666666667,35,1.6666666666666667,19,12.666666666666666,21.666666666666668,4.666666666666667,1.6666666666666667,1,0,40,3,4.666666666666667,2.3333333333333335,13.666666666666666,0,0,0,0,59,0,0,20,0,35.333333333333336,24,17.666666666666668,0,0,50.666666666666664,8,0,5.333333333333333,0,3.3333333333333335,43,12.333333333333334,2,13.666666666666666,1.6666666666666667,0,0,40.333333333333336,40.666666666666664,49,0,3.3333333333333335,8.333333333333334,19.333333333333332,4.666666666666667,5,0,0,0,0,29,0,6,10.666666666666666,2.6666666666666665,50,0.6666666666666666,1.3333333333333333,0,0,5.666666666666667,0,0,0,33.333333333333336,0,0,0,0,8,0,54.666666666666664,0,0,35.333333333333336,20,16.333333333333332,0,5,6,0,0,15.333333333333334,13,32.333333333333336,0,0,0,0,0,0,11.666666666666666,13,0,5.333333333333333,2,35.666666666666664,0,0.6666666666666666,0.6666666666666666,0,0.6666666666666666,17.666666666666668,25,0,48.666666666666664,20,40,18,10.666666666666666,57.666666666666664,51,49,34.666666666666664,37.666666666666664,0.6666666666666666,36.666666666666664
2019-10-01,18.666666666666668,19,2,4.666666666666667,3.6666666666666665,12.333333333333334,1.3333333333333333,16.333333333333332,15.666666666666666,53.333333333333336,29.666666666666668,28.333333333333332,11,14.666666666666666,10.333333333333334,36.333333333333336,16,8,4.666666666666667,9.333333333333334,3.6666666666666665,0,0,10.333333333333334,7,0,38.666666666666664,0,26.666666666666668,0,26.333333333333332,34.666666666666664,0,0,0,30.666666666666668,21,26.666666666666668,15,33.333333333333336,3.3333333333333335,56.333333333333336,0,11.666666666666666,0,29.333333333333332,0,0,10,0,2.6666666666666665,5.666666666666667,21,0,22.666666666666668,3.3333333333333335,23,3,2,18,0,16.666666666666668,4,0,17.666666666666668,0,8.333333333333334,32,2.6666666666666665,9.666666666666666,26.333333333333332,9.666666666666666,18,1,10.666666666666666,0.3333333333333333,4,3.6666666666666665,2,28.666666666666668,8.666666666666666,31.333333333333332,0,0,1,16.666666666666668,13,15.666666666666666,25,81.66666666666667,8,57.666666666666664,8.333333333333334,30.666666666666668,12.666666666666666,7,20,5.333333333333333,13.666666666666666,0,0,8,18,2,17.333333333333332,1,0.3333333333333333,1,15.666666666666666,8,3,50.666666666666664,2,15.666666666666666,12.333333333333334,6.333333333333333,3,0.3333333333333333,1.6666666666666667,0,36,2.3333333333333335,4.666666666666667,2.6666666666666665,10.333333333333334,0,0,0,0,48.666666666666664,0,0,16.666666666666668,0,34,23.666666666666668,17.333333333333332,24.666666666666668,0,44.666666666666664,7.333333333333333,0,6.666666666666667,0,3,35,12.333333333333334,2,19.666666666666668,3.3333333333333335,0,0,40,40,43.666666666666664,0,0,6,19.333333333333332,5,5.333333333333333,0,0,0,0,28.666666666666668,0,6,10.666666666666666,3.3333333333333335,61.666666666666664,4,2,0,0,6.333333333333333,3.3333333333333335,0,0,0,0,0,0,0,5,0,36,0,0,32,16,16,0,5.333333333333333,6,0,0,17.333333333333332,12.333333333333334,29,0,0,3.6666666666666665,0,0,0,12.333333333333334,12,0,5,2,38.666666666666664,0,0.6666666666666666,0.6666666666666666,0,0,16,27.333333333333332,0,47.666666666666664,19.666666666666668,36,19,10.666666666666666,48.666666666666664,56.333333333333336,60.666666666666664,39.666666666666664,28.666666666666668,1,18.333333333333332
2020-01-01,18.666666666666668,20.666666666666668,2.6666666666666665,5.333333333333333,4,13,1.3333333333333333,15.333333333333334,14.666666666666666,50,28.666666666666668,27.666666666666668,5,24.333333333333332,32.333333333333336,42,17.333333333333332,8,5.666666666666667,7.333333333333333,3.3333333333333335,0,0,12.666666666666666,6,0,35,0,26,0,32.333333333333336,37,0,0,0,34,27.666666666666668,29.666666666666668,16,34,3,76.33333333333333,0.6666666666666666,9.333333333333334,0,21.333333333333332,0,0,10.666666666666666,28.333333333333332,4.333333333333333,5.666666666666667,22.333333333333332,6.666666666666667,35.333333333333336,3,19,3,2,17.333333333333332,0,17.666666666666668,3.6666666666666665,24.333333333333332,18,0,9.333333333333334,40.666666666666664,2,18.333333333333332,21.666666666666668,10,19.333333333333332,1.3333333333333333,0,0,3.6666666666666665,15.666666666666666,2,29.666666666666668,19.666666666666668,45.333333333333336,14,11.666666666666666,1,25.666666666666668,10.333333333333334,14,23,93,8.333333333333334,61,9,39.666666666666664,14,8,20.333333333333332,3.6666666666666665,15.333333333333334,0,0,3.6666666666666665,4,3,21,7.666666666666667,0.3333333333333333,1.3333333333333333,16.666666666666668,10.666666666666666,2.6666666666666665,47.333333333333336,2,32.333333333333336,10.666666666666666,14.333333333333334,2.3333333333333335,0.6666666666666666,1.3333333333333333,0,47,2.6666666666666665,4.666666666666667,2,12.666666666666666,0,0,0.3333333333333333,0,47.666666666666664,0,0,22.666666666666668,0,40,24.666666666666668,18.333333333333332,20.666666666666668,21.666666666666668,49.666666666666664,10,0,8,0,3,30.666666666666668,13,1.6666666666666667,21,5.333333333333333,0,0.3333333333333333,38.333333333333336,27.333333333333332,26.333333333333332,0,0,6,17.333333333333332,4.666666666666667,8.333333333333334,0,0,0,0,24,0,6.666666666666667,9.666666666666666,3,24.666666666666668,0,4,0,0,6.666666666666667,3,0,0,0,0,0,0,0,6.666666666666667,0,0,11.333333333333334,0,34.333333333333336,18,16.666666666666668,0,6,7.333333333333333,0,13,18,20,49,0,0,9.333333333333334,0,0,0,15.333333333333334,13.666666666666666,0,5.666666666666667,6.666666666666667,36,0,1,0.3333333333333333,0.3333333333333333,0.6666666666666666,23,27.666666666666668,0,50.666666666666664,20.666666666666668,43.666666666666664,14,10.666666666666666,51,64,45,32,34,1,54.666666666666664
2020-04-01,14.333333333333334,12.666666666666666,2,3.3333333333333335,3,8.666666666666666,1,10.333333333333334,11,41.333333333333336,10.666666666666666,21.333333333333332,0,8.333333333333334,8.666666666666666,31.666666666666668,14,5,4.666666666666667,7,2,0,0,4.666666666666667,2.6666666666666665,21,39.666666666666664,0,29,0,21.333333333333332,29.333333333333332,0,0,0,21,19.666666666666668,19.333333333333332,7.666666666666667,20.666666666666668,2.3333333333333335,37.666666666666664,0,3,0,5,0,0,11.666666666666666,0,6.333333333333333,8.666666666666666,24,0,56,4.333333333333333,37.666666666666664,2.3333333333333335,1.3333333333333333,16,0,17,3.3333333333333335,8.333333333333334,19.666666666666668,0,6,21,0.6666666666666666,8.666666666666666,20.666666666666668,6.333333333333333,16,1,0,0,2,11.666666666666666,1.3333333333333333,31.666666666666668,0,29,16.666666666666668,0,0.6666666666666666,26.666666666666668,11.333333333333334,12,22.666666666666668,59.666666666666664,4.666666666666667,39.666666666666664,6,32.333333333333336,11,0,14.666666666666666,2.3333333333333335,11,0,0,2,3.6666666666666665,1,10.333333333333334,3.6666666666666665,0,0,6.666666666666667,1.6666666666666667,0,0,0.6666666666666666,13.333333333333334,33.666666666666664,25.333333333333332,34.333333333333336,11.333333333333334,0.6666666666666666,0,45.333333333333336,1.6666666666666667,3.3333333333333335,1,8.666666666666666,0,0,0,0,71.33333333333333,0,0,63.333333333333336,0,55.333333333333336,33,27.333333333333332,67,18.333333333333332,23.666666666666668,6,0,49.333333333333336,0,7.666666666666667,30,7.666666666666667,1,7.333333333333333,2.3333333333333335,0,0,52,21.666666666666668,24,0,0,3.6666666666666665,13.666666666666666,3.3333333333333335,3.3333333333333335,0.3333333333333333,11.666666666666666,33.333333333333336,0,9.666666666666666,19.333333333333332,5,7,3.6666666666666665,4.333333333333333,0,1.6666666666666667,0,0,6.333333333333333,5.666666666666667,0,0,0,0,0,0,0,0,0,61,10.333333333333334,0,33.333333333333336,16,13.333333333333334,0,40.333333333333336,26.333333333333332,5.333333333333333,0,27.333333333333332,30,40,0,0,17,23,0,0,21.666666666666668,21,0,6.666666666666667,7,28.666666666666668,0,0.6666666666666666,1,1.3333333333333333,3,38,28,0,33,13,24.666666666666668,7.666666666666667,7,25.333333333333332,33.333333333333336,25.333333333333332,19.333333333333332,22,0.3333333333333333,21.333333333333332
2020-07-01,15,15.666666666666666,1.3333333333333333,3,2,9,0.3333333333333333,11.666666666666666,11.666666666666666,30.666666666666668,29.666666666666668,26.333333333333332,8.666666666666666,20.333333333333332,22.666666666666668,37.666666666666664,13,5.333333333333333,5,7.666666666666667,2,0,0,1.3333333333333333,2.6666666666666665,31,38,0,25.333333333333332,0,25,37,0,0,0,25.333333333333332,21.666666666666668,21.666666666666668,12,24.333333333333332,2.3333333333333335,59.333333333333336,0.3333333333333333,4.666666666666667,24.333333333333332,0,0,0,4.666666666666667,0,3.3333333333333335,6,20.333333333333332,6,33.666666666666664,3.6666666666666665,28,2.6666666666666665,1.6666666666666667,14.333333333333334,0,13.666666666666666,2.6666666666666665,17.666666666666668,22.333333333333332,0,5.666666666666667,9.333333333333334,1.3333333333333333,10.666666666666666,0,6.333333333333333,16.333333333333332,1,0,0,2.3333333333333335,12.666666666666666,2,39.333333333333336,6.333333333333333,36,20.333333333333332,19.666666666666668,0.3333333333333333,18.333333333333332,8.666666666666666,12.333333333333334,29,62,4,48,7,28,16,3,19.666666666666668,0,16.333333333333332,0,16,27.666666666666668,21.666666666666668,10.666666666666666,20.666666666666668,2,0,1,5,1.3333333333333333,0,5.333333333333333,0.6666666666666666,6,33.666666666666664,20.666666666666668,18,6.666666666666667,2,0,56.666666666666664,1,3.3333333333333335,1.3333333333333333,8.666666666666666,0,0,0.6666666666666666,0,43,0,0,25.666666666666668,0,47.333333333333336,25.333333333333332,20.666666666666668,80.33333333333333,0,25.333333333333332,3.6666666666666665,0,20.666666666666668,0,7,25.333333333333332,7,1,11,0,0,0,45,18,31.333333333333332,0,0,5,13,3,4.666666666666667,0,29.666666666666668,0,0,10,0,4.333333333333333,7.666666666666667,3,3.3333333333333335,2.6666666666666665,2.3333333333333335,0,0,5.333333333333333,5.666666666666667,0,0,0,0,0,0,0,0,0,36,9,0,48,27.333333333333332,20,0,19.666666666666668,29.666666666666668,26.333333333333332,21,23.333333333333332,24.666666666666668,39,0,0,9.666666666666666,8.666666666666666,0,0,19.666666666666668,22.333333333333332,0,6.666666666666667,13,35.333333333333336,0,0.3333333333333333,0,0.3333333333333333,0.3333333333333333,15.666666666666666,23.333333333333332,0.3333333333333333,38,16,30.666666666666668,10.666666666666666,7,45,39,50.666666666666664,32.333333333333336,26,0.6666666666666666,39.666666666666664
2020-10-01,12.333333333333334,11.666666666666666,1,3.3333333333333335,2.6666666666666665,10,1,9.333333333333334,10.666666666666666,20,17.666666666666668,25,12.333333333333334,10.666666666666666,10.333333333333334,31.333333333333332,13,4.333333333333333,3.6666666666666665,15,1,0,0,4,2,0,36,0,27.666666666666668,0,19,30,0,0,0,19.333333333333332,16,13,10.666666666666666,18.333333333333332,1.6666666666666667,57.333333333333336,0,8.666666666666666,0,0,0,0,5.333333333333333,0,2.6666666666666665,4,17.666666666666668,0,22.333333333333332,7.333333333333333,14.333333333333334,3,1.3333333333333333,14,0,13,2.6666666666666665,17,17,0,6,8.666666666666666,1.3333333333333333,8.333333333333334,33.333333333333336,4.666666666666667,13.666666666666666,1,0,0,2,0,1.6666666666666667,35.666666666666664,0,49.333333333333336,6.333333333333333,0,0.6666666666666666,11.333333333333334,11.333333333333334,9.333333333333334,18.666666666666668,47.333333333333336,1.3333333333333333,43,5.333333333333333,27.666666666666668,17,0,15.666666666666666,5.333333333333333,10.333333333333334,0,17,5.333333333333333,19,1,22,3,0,0.6666666666666666,16,2.3333333333333335,0.6666666666666666,14,1,15.333333333333334,10.666666666666666,4.666666666666667,6.333333333333333,1,6,0,57,1,3.3333333333333335,1.6666666666666667,7.666666666666667,0,0,0,0,27.666666666666668,0,0,15.666666666666666,0,35.333333333333336,21,18,51,0,34.666666666666664,6.666666666666667,0,26,0,2.6666666666666665,23.333333333333332,8,1,13.333333333333334,2.6666666666666665,0,0,53.666666666666664,36,28.333333333333332,0,5.666666666666667,5.333333333333333,15,4,7,0,18,0,0,13.333333333333334,0,5.666666666666667,8.333333333333334,3,6,0.3333333333333333,8,0,12.333333333333334,6.333333333333333,0,0,0,0,0,0,0,0,0,0,27.333333333333332,9.666666666666666,0,83.33333333333333,78.33333333333333,20,0,22.666666666666668,32.333333333333336,79.66666666666667,0,18,19.333333333333332,21.333333333333332,0,0,0,0,0,0,16,19.333333333333332,0,7.333333333333333,9.333333333333334,38.666666666666664,0,0.6666666666666666,0,0.6666666666666666,0,15.333333333333334,27.666666666666668,0,26,13.333333333333334,25,10.333333333333334,4.666666666666667,32.666666666666664,29.666666666666668,20.666666666666668,24.333333333333332,18,0.6666666666666666,0
2021-01-01,13,14.333333333333334,1.3333333333333333,3,3,11.666666666666666,1.3333333333333333,9.666666666666666,10.666666666666666,43.333333333333336,14,25.333333333333332,7.666666666666667,10,9.333333333333334,36.333333333333336,14.666666666666666,4.333333333333333,4.333333333333333,8,2.3333333333333335,0,0,6,2.3333333333333335,0,35,0,34.333333333333336,0,24.666666666666668,36.333333333333336,0,0,0,24,21,17,14.333333333333334,21.666666666666668,2,69.33333333333333,0,5,0,23.333333333333332,0,0,3,6,3.3333333333333335,4.666666666666667,14.666666666666666,6,29,8.666666666666666,17.666666666666668,2.3333333333333335,1.6666666666666667,13,0,15.333333333333334,3,0,21.333333333333332,0,6,21.666666666666668,1,11,17.666666666666668,5.333333333333333,15,1,0,0,2.3333333333333335,14.666666666666666,2,41.333333333333336,19.666666666666668,52.333333333333336,5.333333333333333,0,1,27.666666666666668,8.666666666666666,11.333333333333334,20.666666666666668,49.333333333333336,0,45.666666666666664,5.333333333333333,30.666666666666668,20.333333333333332,2.6666666666666665,15,2.3333333333333335,10.666666666666666,0,0,2.3333333333333335,12,4.333333333333333,10,1.6666666666666667,0,1,14.333333333333334,6.333333333333333,1,18.666666666666668,1,16.666666666666668,13.333333333333334,3.6666666666666665,10,1.6666666666666667,2.6666666666666665,0,62.333333333333336,1,3.6666666666666665,2,10.333333333333334,0,0,0,0,35,0,0,16.666666666666668,0,39.666666666666664,23.666666666666668,19.666666666666668,47.333333333333336,17,51.666666666666664,11,0,31.333333333333332,0,3.3333333333333335,34,9,1.3333333333333333,16.333333333333332,3,0,0,40.333333333333336,37.666666666666664,43.666666666666664,0,5.333333333333333,5.666666666666667,16.333333333333332,3.6666666666666665,5.666666666666667,0,27.666666666666668,33,0,25,0,5.666666666666667,11.333333333333334,3.6666666666666665,5,0,1.6666666666666667,0,0.6666666666666666,7,8.333333333333334,0,0,0,0,0,0,0,5.666666666666667,0,15.666666666666666,0,0,58,49.333333333333336,19,0,46.666666666666664,24.333333333333332,39,0,21,21.666666666666668,13,0,0,12.666666666666666,0,0,0,21,23.666666666666668,0,6.333333333333333,16,40.333333333333336,0,1,0.6666666666666666,0.3333333333333333,0,14,25.333333333333332,0,29.333333333333332,14.333333333333334,27.333333333333332,7.666666666666667,6,37,42,24.666666666666668,32.666666666666664,18,0.3333333333333333,24.333333333333332
2021-04-01,11.666666666666666,11.333333333333334,1.3333333333333333,2.3333333333333335,3,10,1,7.666666666666667,9,40.333333333333336,13,24,12.333333333333334,6,5,29.666666666666668,15.333333333333334,3.3333333333333335,5,6.666666666666667,1.6666666666666667,0,0,3.6666666666666665,1.6666666666666667,0,41,0,44,0,23.333333333333332,33,0,0,0,19.333333333333332,19,13,11.666666666666666,16.666666666666668,2,54.333333333333336,0,4,22,21,0,0,3,6,3,4,16.333333333333332,5.333333333333333,29.333333333333332,20,21,1.6666666666666667,1.3333333333333333,13,0,17.666666666666668,3,7,21,0,5.333333333333333,24.333333333333332,2,7,0,4.666666666666667,14,1,0,0,2,15,1.3333333333333333,38,12.666666666666666,44,5,0,0.6666666666666666,15,9.333333333333334,10,18.333333333333332,39.666666666666664,0,40.666666666666664,5,38.333333333333336,20.666666666666668,6.333333333333333,10.666666666666666,0,6.333333333333333,0,0,2,7.666666666666667,2,5,1.6666666666666667,0,1,14,6.333333333333333,1.6666666666666667,27.666666666666668,1.3333333333333333,13,15.666666666666666,3.6666666666666665,10.333333333333334,1,0.6666666666666666,0,51.333333333333336,1,3,1.6666666666666667,11.333333333333334,0,0,0,19,44,0,0,15.666666666666666,0,36,19,13.666666666666666,62,21.666666666666668,41,8.333333333333334,0,18.333333333333332,0,0,35.666666666666664,8.666666666666666,1,14.333333333333334,4.666666666666667,0,0,39.333333333333336,32.666666666666664,23.333333333333332,0,5.333333333333333,6,17.333333333333332,3,5,0,19.333333333333332,0,0,23.666666666666668,0,6.666666666666667,14,3.3333333333333335,4.333333333333333,0.6666666666666666,3,0,0.6666666666666666,6.666666666666667,10,0,0,0,0,0,0,0,1.6666666666666667,0,43.333333333333336,0,0,40.333333333333336,31.666666666666668,15.333333333333334,0,27,20.333333333333332,17,0,23,23.333333333333332,27.666666666666668,0,0,9.333333333333334,0,0,0,21.333333333333332,30.333333333333332,11.333333333333334,7.333333333333333,5,31.666666666666668,0,1,0.3333333333333333,0.6666666666666666,0,18.666666666666668,28.666666666666668,0,24,12.333333333333334,23,8,4,32.666666666666664,30.333333333333332,32.666666666666664,22,13.333333333333334,0.3333333333333333,18.666666666666668
2021-07-01,12.666666666666666,11.666666666666666,1.6666666666666667,3,3,9.666666666666666,1,7.666666666666667,9.666666666666666,37.333333333333336,10.666666666666666,16.666666666666668,7,13.333333333333334,17,33,13.333333333333334,3.6666666666666665,4,7.666666666666667,1.6666666666666667,29.666666666666668,0,5.333333333333333,2,0,45,0,81.66666666666667,0,20.666666666666668,37,0,0,0,21.666666666666668,20.666666666666668,13.333333333333334,12.666666666666666,17.666666666666668,2,61.666666666666664,0,4.333333333333333,0,21.666666666666668,0,0,6,8,3.3333333333333335,5,16.666666666666668,13.333333333333334,34.666666666666664,23.333333333333332,12.333333333333334,2,1,11.666666666666666,0,20,3,13.666666666666666,26,16,5.666666666666667,24.666666666666668,1.6666666666666667,7,20.666666666666668,6.333333333333333,13,1,5.333333333333333,0,2.3333333333333335,14.333333333333334,1.6666666666666667,44,23,28,12,26.666666666666668,1,12,5.666666666666667,9.666666666666666,17.666666666666668,40.333333333333336,0,44.666666666666664,4.666666666666667,34.333333333333336,23,3.3333333333333335,14,2.6666666666666665,10.333333333333334,0,6,3.6666666666666665,8.333333333333334,2.6666666666666665,5.666666666666667,1.3333333333333333,0,3,15.666666666666666,4.333333333333333,1.6666666666666667,32.333333333333336,1.6666666666666667,19.333333333333332,13,3,8.333333333333334,0.3333333333333333,1,0,69,1,3,1.6666666666666667,11,0,0,0,52,47.333333333333336,0,0,15.333333333333334,0,35.666666666666664,20.666666666666668,14,51.666666666666664,0,46.666666666666664,7.666666666666667,0,21.333333333333332,0,0,33.333333333333336,9.666666666666666,1.3333333333333333,21.666666666666668,4.333333333333333,0,0,37,33.666666666666664,36.333333333333336,0,10,8.333333333333334,16.666666666666668,2.6666666666666665,5.666666666666667,0,11.666666666666666,0,0,26,0,6.333333333333333,12.333333333333334,3.6666666666666665,3.6666666666666665,0,1.6666666666666667,0,0,6.666666666666667,7,33.333333333333336,0,0,0,0,0,0,7.333333333333333,0,33.333333333333336,0,0,34,26.666666666666668,14.666666666666666,0,24.666666666666668,18.333333333333332,13.333333333333334,0,29.333333333333332,23.333333333333332,31,0,0,13.333333333333334,0,0,0,23.333333333333332,39,27.666666666666668,7.666666666666667,4.333333333333333,34.666666666666664,0,1,0.6666666666666666,0,0,11,23,0,21,12,22.333333333333332,9,5,27.333333333333332,36,36.666666666666664,21.333333333333332,12.333333333333334,0,29.666666666666668
2021-10-01,11.666666666666666,11,1,3,2.6666666666666665,9.666666666666666,1,6.333333333333333,9,45.333333333333336,11,14,14.333333333333334,11,15.333333333333334,29,13.666666666666666,3.3333333333333335,3.3333333333333335,8.333333333333334,1.6666666666666667,0,0,4,2,36,41.333333333333336,0,48,0,20,36,0,0,0,23,18.666666666666668,11.666666666666666,10.333333333333334,18.666666666666668,2,51.666666666666664,0,4.666666666666667,0,26.333333333333332,0,0,4.666666666666667,0,3,4,15.666666666666666,24.666666666666668,32,35.333333333333336,15,1.3333333333333333,1,9.666666666666666,0,23.333333333333332,2.3333333333333335,9,24.666666666666668,0,5.333333333333333,21.333333333333332,1,13,0,6.666666666666667,12,1,0,0,2,13.333333333333334,1.6666666666666667,37,12,23.666666666666668,16.666666666666668,9,0.3333333333333333,16.666666666666668,6.333333333333333,8.333333333333334,13.666666666666666,38,0,37.333333333333336,4,42.333333333333336,23.333333333333332,3.6666666666666665,11,1.6666666666666667,6.666666666666667,0,6.666666666666667,14.666666666666666,11.333333333333334,1,6.666666666666667,1,1,2,17.666666666666668,6.333333333333333,1.6666666666666667,35.333333333333336,2.6666666666666665,22.666666666666668,11,2.6666666666666665,5.333333333333333,0.3333333333333333,1.3333333333333333,0,32,1,3.3333333333333335,1.3333333333333333,7.666666666666667,0,0,0,28,44.333333333333336,0,0,11.666666666666666,0,30,19,12.333333333333334,39.666666666666664,0,43,6.666666666666667,0,13,0,0,30,9.666666666666666,1.3333333333333333,23.333333333333332,5.666666666666667,0,0,33.666666666666664,32.666666666666664,21.666666666666668,0,10,7.333333333333333,17,2,5,0,4.666666666666667,0,0,28.333333333333332,0,6,12,3.6666666666666665,3.6666666666666665,0.3333333333333333,2.3333333333333335,0,0,6,5,0,0,0,0,0,0,0,1.6666666666666667,0,33.666666666666664,13.666666666666666,0,26.666666666666668,23,11.333333333333334,0,13,16,10,0,32.333333333333336,28.333333333333332,9.666666666666666,0,0,3.6666666666666665,9.666666666666666,0,0,28,37.666666666666664,16.666666666666668,7.333333333333333,4.333333333333333,28.666666666666668,0,0.6666666666666666,0.3333333333333333,0.3333333333333333,0,12.666666666666666,19.666666666666668,0,20.333333333333332,10,18.333333333333332,6,4.333333333333333,22.333333333333332,23.666666666666668,0,21.333333333333332,6.333333333333333,0.3333333333333333,0
2022-01-01,19.666666666666668,18,2,5,4,13,1,9,12.333333333333334,65,16.333333333333332,29.666666666666668,19.666666666666668,10.666666666666666,13.333333333333334,55,22.333333333333332,5,9,11.666666666666666,2.6666666666666665,0,0,8,3,47,71,0,49.666666666666664,0,30,47,0,0,0,44.333333333333336,45.333333333333336,24.333333333333332,18.333333333333332,35,3.6666666666666665,81.33333333333333,0.6666666666666666,6.666666666666667,0,28.666666666666668,0,0,14.333333333333334,22,5.666666666666667,7.666666666666667,30.666666666666668,44.666666666666664,64.33333333333333,26,29,2.3333333333333335,1.3333333333333333,15.666666666666666,31.666666666666668,64,5,27,50,0,8.666666666666666,35.666666666666664,2.3333333333333335,15,55.333333333333336,9,16.666666666666668,2,4,0,3,78.33333333333333,2.6666666666666665,58.333333333333336,31.333333333333332,54.666666666666664,25.333333333333332,9,1,26.333333333333332,16.666666666666668,13.333333333333334,19.333333333333332,44.333333333333336,1,41.333333333333336,5,74,54.333333333333336,19,14.666666666666666,0.6666666666666666,9,0,0,7,9.666666666666666,2.6666666666666665,34,1.3333333333333333,0,2.3333333333333335,19.666666666666668,7.666666666666667,2.3333333333333335,39.333333333333336,3,24.666666666666668,16,3.6666666666666665,10,1.6666666666666667,1.3333333333333333,3.6666666666666665,64.66666666666667,2,5,2.3333333333333335,12,0,0,0.3333333333333333,45.666666666666664,81.33333333333333,0,0,22.333333333333332,0,38.666666666666664,30.333333333333332,21,46.333333333333336,50.666666666666664,63,11.666666666666666,0,12,0,4.333333333333333,52.333333333333336,17.666666666666668,2,51,8.333333333333334,0,0,40.333333333333336,56.666666666666664,49,0,22.666666666666668,13,25.333333333333332,3.3333333333333335,7.333333333333333,0,6,0,33.333333333333336,23,0,10.333333333333334,15,4.666666666666667,5.333333333333333,0,7.333333333333333,0,0,7.666666666666667,8,0,0,0,2.6666666666666665,0,0,0,6,0,54.666666666666664,18.333333333333332,0,47,32,19.333333333333332,0,10.333333333333334,19.333333333333332,11,6.666666666666667,69.66666666666667,50,62.333333333333336,0,33,31.333333333333332,38,0,4.333333333333333,67.33333333333333,52.666666666666664,48.666666666666664,9.666666666666666,8.333333333333334,41.666666666666664,0,1,1,0.6666666666666666,0.3333333333333333,11.333333333333334,30.666666666666668,0,33,14,29.666666666666668,9,6.666666666666667,34.333333333333336,34.333333333333336,38,38,29.333333333333332,0.6666666666666666,41.666666666666664
2022-04-01,19.666666666666668,16.333333333333332,2,3.6666666666666665,3,10.666666666666666,1,8,12.333333333333334,57,16.333333333333332,29.333333333333332,18.666666666666668,10.333333333333334,14.666666666666666,52,21.333333333333332,4.666666666666667,11.666666666666666,7.666666666666667,2,0,0,8.333333333333334,3,52,70,0,55.333333333333336,0,28.666666666666668,41.666666666666664,0,0,0,38.333333333333336,46.333333333333336,23,17.666666666666668,30.333333333333332,3.6666666666666665,65.66666666666667,1,6.333333333333333,0,21,16,0,9.333333333333334,14,6.333333333333333,8.666666666666666,36.333333333333336,58,74,54,28,2.3333333333333335,1,16.333333333333332,76.66666666666667,75,5,35.666666666666664,73,22,7.333333333333333,30.666666666666668,1.6666666666666667,13,32,9,19,2,0,0,3,72,3,59.333333333333336,31.333333333333332,54.333333333333336,20,19,1,23.666666666666668,16,14.333333333333334,22,43,0.3333333333333333,43.666666666666664,4.333333333333333,80,67.33333333333333,20.333333333333332,13.666666666666666,2.6666666666666665,7,0,4.666666666666667,3.6666666666666665,10.666666666666666,5,6.333333333333333,2,0,1,17.666666666666668,5.666666666666667,1,27.333333333333332,3,32.333333333333336,12.666666666666666,2.6666666666666665,7.666666666666667,0.6666666666666666,1.3333333333333333,1.6666666666666667,55,2,4.333333333333333,2.6666666666666665,13,0.3333333333333333,0,0.6666666666666666,51,81,0,0,31.333333333333332,5.333333333333333,35,25.333333333333332,19,48,55.666666666666664,53,8.666666666666666,0,12.666666666666666,0,2,60,18.666666666666668,2.6666666666666665,55,8.666666666666666,0,0.3333333333333333,43.333333333333336,63,62,0,32.666666666666664,14.333333333333334,24.666666666666668,3.6666666666666665,7.666666666666667,0,3,0,0,14.333333333333334,0,11.333333333333334,16.666666666666668,4.333333333333333,5.333333333333333,0.3333333333333333,13.333333333333334,0,0.3333333333333333,8.666666666666666,10,0,0,14.333333333333334,2.6666666666666665,0,0,0,5,0,56.666666666666664,13.666666666666666,0,42,27,18.333333333333332,0,9.333333333333334,15,10,15.333333333333334,85,54.666666666666664,61.666666666666664,0,62,49.666666666666664,34.666666666666664,0,4.333333333333333,82,56.333333333333336,78.33333333333333,10.333333333333334,4.333333333333333,35.666666666666664,0,1,0.6666666666666666,0.3333333333333333,0.6666666666666666,16.666666666666668,28.333333333333332,0,33.666666666666664,14.333333333333334,31.333333333333332,11,6.666666666666667,29.333333333333332,43.666666666666664,49.666666666666664,40.333333333333336,23.333333333333332,1,42.333333333333336
2022-07-01,21.666666666666668,16.666666666666668,2,4.666666666666667,3,11,1,8.333333333333334,16.666666666666668,67.66666666666667,15,35.666666666666664,17,13,21.666666666666668,57.666666666666664,22.333333333333332,5.666666666666667,12.666666666666666,8,2.3333333333333335,33.333333333333336,0,7.333333333333333,4,70.33333333333333,93,0,44.333333333333336,0,31,56.666666666666664,0,0,0.3333333333333333,46,61,29.666666666666668,21,36,4.333333333333333,81,0.6666666666666666,14.333333333333334,21.333333333333332,14.333333333333334,25.333333333333332,0,14.333333333333334,27,6.333333333333333,9.666666666666666,33.333333333333336,53.666666666666664,87.66666666666667,46.666666666666664,29.333333333333332,2.3333333333333335,1.3333333333333333,17.333333333333332,25,87.66666666666667,6,38.666666666666664,71.66666666666667,29.333333333333332,8,24.333333333333332,1.6666666666666667,14.666666666666666,70.66666666666667,11.333333333333334,21.666666666666668,2,4.666666666666667,0,3.6666666666666665,89,3,52.333333333333336,35.333333333333336,60.333333333333336,26.666666666666668,18.333333333333332,1,33,17.666666666666668,15.666666666666666,23.666666666666668,48.333333333333336,0,56.666666666666664,6,90.66666666666667,80.66666666666667,30,14,1.6666666666666667,6.333333333333333,0,5,9.666666666666666,4,1.3333333333333333,27.333333333333332,3.3333333333333335,0,1,15.666666666666666,5.666666666666667,1.3333333333333333,26.333333333333332,3,33.666666666666664,10.666666666666666,3.6666666666666665,5.666666666666667,0,1.3333333333333333,0,44.666666666666664,2,5.666666666666667,2.6666666666666665,11.666666666666666,0.3333333333333333,0,1,57,88.33333333333333,89.33333333333333,0,28,0,36.333333333333336,26,20.333333333333332,26.333333333333332,63.333333333333336,44.666666666666664,6.666666666666667,0,12.333333333333334,0,2.3333333333333335,56,22.333333333333332,2.6666666666666665,72,9.333333333333334,0,0.3333333333333333,48.333333333333336,86.33333333333333,65.66666666666667,0,41.666666666666664,17.666666666666668,24.666666666666668,3.6666666666666665,9,0,2.3333333333333335,0,30.666666666666668,15.333333333333334,0,10.333333333333334,19.666666666666668,3.6666666666666665,5,1,15,0,0.3333333333333333,8.666666666666666,9.333333333333334,0,0,0,0,0,0,0,7,0,69.33333333333333,22.666666666666668,0,41.333333333333336,31.333333333333332,18.333333333333332,0,9.666666666666666,13,0,18.666666666666668,88.66666666666667,59,58,0,58,61.333333333333336,49.666666666666664,0.6666666666666666,8.666666666666666,92.33333333333333,56,67.33333333333333,10.666666666666666,5.333333333333333,39.666666666666664,0,1.3333333333333333,0.3333333333333333,0.6666666666666666,0.3333333333333333,14.666666666666666,29.666666666666668,0,31.333333333333332,14,34.666666666666664,12,7,30,38.333333333333336,47,45.333333333333336,24.333333333333332,1,38.666666666666664
2022-10-01,19.666666666666668,14.333333333333334,2,4,3.3333333333333335,11.666666666666666,1,7,15,62.333333333333336,15,40.333333333333336,17.666666666666668,17,35.666666666666664,52,20.666666666666668,5,10,8,2,0,0,7.666666666666667,2.6666666666666665,40.333333333333336,71.66666666666667,0,33.333333333333336,0,25,47.666666666666664,0,0,0,42.333333333333336,47.666666666666664,25.333333333333332,15.666666666666666,26.333333333333332,3,58.666666666666664,0,7.333333333333333,0,29.333333333333332,0,5,7.666666666666667,15.333333333333334,5.666666666666667,8,28.333333333333332,54,71,31,24.333333333333332,2.3333333333333335,1.3333333333333333,15.333333333333334,21,71,5.333333333333333,32.666666666666664,63,12.333333333333334,7,30.666666666666668,1.3333333333333333,14.333333333333334,39.666666666666664,8,19,2,0,0,3.6666666666666665,78.66666666666667,3,49.666666666666664,23.666666666666668,56,29.333333333333332,28.666666666666668,1,29,17.666666666666668,12.333333333333334,19.666666666666668,46.333333333333336,0,50.666666666666664,6.333333333333333,84.33333333333333,76.33333333333333,29.333333333333332,13.666666666666666,2.3333333333333335,5.666666666666667,0,6.666666666666667,4.666666666666667,13.666666666666666,2,10.666666666666666,2.3333333333333335,0,2,14,5.666666666666667,1.6666666666666667,27.333333333333332,2,18.666666666666668,9.666666666666666,3.3333333333333335,5.666666666666667,0,1,0,45.666666666666664,1.6666666666666667,5,2.3333333333333335,11.666666666666666,0.3333333333333333,0,0,35,63.666666666666664,47.666666666666664,0,21.333333333333332,5,32,21.333333333333332,19.333333333333332,33.666666666666664,29.333333333333332,48,7.333333333333333,17.666666666666668,11.666666666666666,0,4.333333333333333,55.333333333333336,22,3,62.333333333333336,7.666666666666667,0,0,46.333333333333336,72,63.333333333333336,33.333333333333336,52.666666666666664,14,20,4,9.666666666666666,0,1.3333333333333333,0,0,26.666666666666668,0,9.333333333333334,18.666666666666668,4.666666666666667,4.333333333333333,0,6.666666666666667,0,0,7.666666666666667,6,0,0,0,0,0,0,0,4.666666666666667,0,53,21,0,34.666666666666664,23,16.666666666666668,0,8,10.333333333333334,0,0,66.66666666666667,54.333333333333336,60.666666666666664,0,0,44,55.666666666666664,0,0,71.66666666666667,51,56,10,5,37,0,1,1,0.3333333333333333,2.3333333333333335,15.333333333333334,32.666666666666664,0,27.333333333333332,12.333333333333334,29,9.666666666666666,6.666666666666667,28.333333333333332,31.333333333333332,38.333333333333336,32,30.333333333333332,1,38.333333333333336
2023-01-01,20,14.666666666666666,2,4,2.6666666666666665,11,1,6.333333333333333,15.666666666666666,77.33333333333333,16.666666666666668,32.666666666666664,17.333333333333332,27.666666666666668,64.66666666666667,58.666666666666664,27.333333333333332,5,9.333333333333334,6.666666666666667,1.6666666666666667,0,0,7.333333333333333,3,37.666666666666664,72.33333333333333,0,30,0,27.333333333333332,48,0,0,0,47,53.333333333333336,25.333333333333332,16.666666666666668,29.666666666666668,4,70,0.3333333333333333,5.333333333333333,0,32.666666666666664,0,0,13.666666666666666,5,6.333333333333333,8,29.333333333333332,55,75,31.666666666666668,20.333333333333332,2.3333333333333335,1.3333333333333333,15,55.333333333333336,82.33333333333333,5,30.666666666666668,75,26.333333333333332,7.333333333333333,28,2,12,29,7.333333333333333,18.333333333333332,2,4.666666666666667,0,4,64.33333333333333,3.3333333333333335,58.666666666666664,30,49,24.333333333333332,14.666666666666666,1,36.333333333333336,16.333333333333332,14.666666666666666,21,50.666666666666664,0.3333333333333333,52.333333333333336,7.333333333333333,88,89,36,17.333333333333332,2.3333333333333335,8,0,5.666666666666667,2.3333333333333335,11.666666666666666,3,11,14,0,1.3333333333333333,15.333333333333334,5,1.3333333333333333,25,2.6666666666666665,34.666666666666664,6.666666666666667,5,4,0.6666666666666666,0.6666666666666666,1.3333333333333333,35,2,5,2.3333333333333335,12.666666666666666,0,0,0.3333333333333333,16,67.33333333333333,0,0,22,0,35.333333333333336,25.333333333333332,23,14,44,45,10,16.333333333333332,9,0,0,49.666666666666664,25.333333333333332,3.6666666666666665,86.66666666666667,11.333333333333334,0,0,40.333333333333336,84.66666666666667,54,0,56,11.666666666666666,21.333333333333332,4,7.333333333333333,0,2,0,0,25,0,9.333333333333334,15.666666666666666,4,4.333333333333333,0.6666666666666666,1.3333333333333333,0,0.6666666666666666,9,7.666666666666667,57,0,18.333333333333332,0,0,0,0,4.666666666666667,0,51.333333333333336,32,0,38.333333333333336,27.333333333333332,16.666666666666668,0,6.333333333333333,7,1.6666666666666667,0,65,57.666666666666664,60.333333333333336,0,23,41.666666666666664,78.33333333333333,0,4,79,48.666666666666664,55.333333333333336,9,8,37,0,1.3333333333333333,0.3333333333333333,1,1.6666666666666667,19.666666666666668,29.666666666666668,0,30.333333333333332,14,30.333333333333332,9.333333333333334,6.666666666666667,34,35.333333333333336,43.666666666666664,45,34.333333333333336,1,35.666666666666664
2023-04-01,21,14.333333333333334,2,3.6666666666666665,3,12,1,7,19,60,16,32.333333333333336,18.666666666666668,18,35.333333333333336,58.666666666666664,32.333333333333336,5,10,7.666666666666667,1.6666666666666667,0,0,7.333333333333333,4.333333333333333,68.66666666666667,80,0,29,0,27.333333333333332,50.666666666666664,0,0,0,39.333333333333336,51.666666666666664,24,16.666666666666668,27.666666666666668,3.3333333333333335,67,1,6,0,22.333333333333332,20,0,15.666666666666666,21.666666666666668,6.666666666666667,8.666666666666666,28.666666666666668,59,83,20,23,2,1,16.333333333333332,30.333333333333332,74.66666666666667,5,21.333333333333332,82.66666666666667,39.666666666666664,7.333333333333333,25,2,12,38.333333333333336,7.333333333333333,20.333333333333332,2,8,0,3.6666666666666665,61.666666666666664,3,57.666666666666664,26.333333333333332,44.666666666666664,27,20.333333333333332,1,51.666666666666664,20,16.666666666666668,18.666666666666668,57.666666666666664,0,51.333333333333336,5.666666666666667,96.66666666666667,89.66666666666667,26.666666666666668,16.666666666666668,2.6666666666666665,8,0,11,2,10.333333333333334,3,21.666666666666668,3.6666666666666665,0,1.3333333333333333,18,8.666666666666666,1.6666666666666667,22.666666666666668,2.6666666666666665,31.666666666666668,7.333333333333333,4.333333333333333,3.3333333333333335,1,0.6666666666666666,0,35.333333333333336,1.6666666666666667,5.333333333333333,3,12.666666666666666,0.3333333333333333,0,0.3333333333333333,14.666666666666666,59.333333333333336,21,0,21.666666666666668,0,35.333333333333336,22,19,27.666666666666668,28,51,8.333333333333334,0,11,0,4,58.666666666666664,28.333333333333332,5,73.33333333333333,12,0,0,37.333333333333336,76.33333333333333,61.333333333333336,0,47.666666666666664,13.666666666666666,20,3.3333333333333335,8.333333333333334,0,2,0,0,26,0,9.333333333333334,15.666666666666666,4.666666666666667,7.666666666666667,1.3333333333333333,1.3333333333333333,0,0.3333333333333333,7.333333333333333,6.666666666666667,0,0,0,0,0,0,0,7,0,55.666666666666664,32,0,37.666666666666664,24.666666666666668,16.666666666666668,0,7.666666666666667,15.333333333333334,1.6666666666666667,8.666666666666666,63.333333333333336,57,60,0,60.333333333333336,45.666666666666664,58.333333333333336,0,9.333333333333334,72.66666666666667,45,65,10.333333333333334,24,45,0,1.3333333333333333,0.6666666666666666,0.6666666666666666,0.6666666666666666,17.666666666666668,33,0,30,14.333333333333334,30.666666666666668,8.333333333333334,7,28,31.666666666666668,39.666666666666664,36.333333333333336,19,1,40.333333333333336
2023-07-01,22.666666666666668,14,2.3333333333333335,4,2.6666666666666665,10.333333333333334,1,6.333333333333333,18.333333333333332,66,12,34.333333333333336,17.666666666666668,7.333333333333333,11.333333333333334,63.333333333333336,28.666666666666668,5,11.333333333333334,8,2,0,5.333333333333333,6,6,52.666666666666664,81.66666666666667,0,25.666666666666668,0,26,41,0,0,0,39.666666666666664,56,24,16.333333333333332,29.333333333333332,3.6666666666666665,67,0.3333333333333333,5.666666666666667,0,20.333333333333332,0,0,10.333333333333334,4.333333333333333,7.333333333333333,9.333333333333334,29.333333333333332,71,89.66666666666667,15,19.333333333333332,2,1.3333333333333333,17,51.666666666666664,84.33333333333333,5.666666666666667,29.333333333333332,85.33333333333333,51.666666666666664,8.333333333333334,35,2,12,18.666666666666668,11.333333333333334,20,2,11.666666666666666,0,3.6666666666666665,55.333333333333336,3,65.66666666666667,26.666666666666668,48.333333333333336,31.666666666666668,8.666666666666666,1,39,18.333333333333332,17,18.666666666666668,58.333333333333336,0,50,6,94.66666666666667,98.33333333333333,33,14,1.3333333333333333,6.666666666666667,0,7,3.3333333333333335,8.666666666666666,3,5.333333333333333,1,0,1,18.666666666666668,5,2.3333333333333335,46,3.6666666666666665,38.666666666666664,9.666666666666666,2.3333333333333335,6.666666666666667,0.6666666666666666,0.6666666666666666,2,47,1.6666666666666667,5,3,13.666666666666666,0,0,0.6666666666666666,50,63,81,0,23,0,30,21,16.666666666666668,17,0,43.666666666666664,6,0,10.333333333333334,0,0,55,31.666666666666668,6,72.66666666666667,10.666666666666666,0.3333333333333333,0.3333333333333333,38,80.33333333333333,64.66666666666667,0,64.33333333333333,14.333333333333334,16.333333333333332,5,7.666666666666667,0,1.6666666666666667,0,0,20.333333333333332,14.333333333333334,9,15,4.333333333333333,9.333333333333334,5.333333333333333,3,0.3333333333333333,0.3333333333333333,7.666666666666667,7,0,0,0,2,0,0,0,5.666666666666667,0,33.333333333333336,28.333333333333332,0,42,29,18.666666666666668,0,7.333333333333333,13.666666666666666,0,8.333333333333334,73.66666666666667,62,70.33333333333333,0,74.66666666666667,50,70.33333333333333,0,0,81.33333333333333,52.666666666666664,72.66666666666667,10.666666666666666,28,44.333333333333336,0,1,0.3333333333333333,0.3333333333333333,0.6666666666666666,14.666666666666666,33,0,29.333333333333332,13,27.666666666666668,9,6.333333333333333,30,37,38.666666666666664,31,25.333333333333332,1,30
2023-10-01,20.333333333333332,12.333333333333334,2,4.333333333333333,2.3333333333333335,9.333333333333334,1.3333333333333333,6,12.333333333333334,66,11,36,18.666666666666668,15.666666666666666,34,48,22.666666666666668,4,10.333333333333334,8.666666666666666,1.3333333333333333,0,0,8.333333333333334,16,18.666666666666668,62.333333333333336,0,26,0,22.333333333333332,40.666666666666664,0,0,0,37.333333333333336,43.666666666666664,17.333333333333332,12.666666666666666,21.666666666666668,2.6666666666666665,47,0.3333333333333333,4.333333333333333,0,21.333333333333332,0,6,14,0,5.666666666666667,8,26.333333333333332,68,75,13.666666666666666,17.666666666666668,2,1,14,58,77.33333333333333,5,28.666666666666668,73.66666666666667,53.333333333333336,6.333333333333333,26.666666666666668,1.3333333333333333,12.333333333333334,26.666666666666668,9.666666666666666,19.666666666666668,2,4.333333333333333,0,3,56,2.3333333333333335,51.666666666666664,21,45,35.333333333333336,14,1.3333333333333333,25.666666666666668,16.666666666666668,16,15.666666666666666,50,0,47.333333333333336,6,71.33333333333333,87.66666666666667,29.333333333333332,13,1,6.666666666666667,0,0,31.666666666666668,25,8,8.666666666666666,1,0,11.666666666666666,19,7,2.3333333333333335,43.666666666666664,3.6666666666666665,38.666666666666664,6.666666666666667,2.3333333333333335,3.6666666666666665,0.3333333333333333,1,1.3333333333333333,53.666666666666664,1.3333333333333333,4.666666666666667,2,9.333333333333334,0,0,0.3333333333333333,18,54.666666666666664,26.333333333333332,0,19,0,27,19.666666666666668,14.666666666666666,38.666666666666664,0,36.666666666666664,5.333333333333333,0,8.333333333333334,0,0,55.333333333333336,27.666666666666668,4.666666666666667,66.66666666666667,9.333333333333334,0,0.3333333333333333,43.666666666666664,69.33333333333333,62,0,48.333333333333336,10.666666666666666,16.666666666666668,3,9,0,2.3333333333333335,0,0,25.333333333333332,0,8,15,4.333333333333333,8,5,3.3333333333333335,0,0.3333333333333333,7.666666666666667,7.333333333333333,0,0,0,0,0,0,0,4.666666666666667,0,42,27,0,38.333333333333336,34.333333333333336,17,0,6.333333333333333,27,1.6666666666666667,7.666666666666667,66,54.666666666666664,79.33333333333333,0,43.333333333333336,44,66.33333333333333,0,9.333333333333334,75.33333333333333,54.333333333333336,58,9.666666666666666,10.333333333333334,47.333333333333336,0,1,0.3333333333333333,1,0.6666666666666666,8,29.333333333333332,0,24,12,24.666666666666668,6.666666666666667,6,31.666666666666668,33.333333333333336,24.666666666666668,30,4.666666666666667,1,41.666666666666664
2024-01-01,19.333333333333332,13.333333333333334,2,4.333333333333333,2.6666666666666665,10.666666666666666,1,6.333333333333333,14.666666666666666,71.66666666666667,15,30,19,17.333333333333332,40.666666666666664,51,25.666666666666668,4.333333333333333,10.666666666666666,6.666666666666667,1.6666666666666667,0,0,8.666666666666666,3.6666666666666665,39.333333333333336,74.66666666666667,0,25.666666666666668,0,24.333333333333332,42.666666666666664,0,0,0.3333333333333333,36.333333333333336,55,20.333333333333332,13.666666666666666,24,3,57.666666666666664,0,5,0,18.666666666666668,0,0,14.333333333333334,0,6,8,25,83.33333333333333,87.33333333333333,13.666666666666666,18.666666666666668,2,1.3333333333333333,13.333333333333334,25,75,5,31,75.66666666666667,62.666666666666664,6.333333333333333,18,1.3333333333333333,8.666666666666666,42.666666666666664,8.666666666666666,18.333333333333332,2,4.333333333333333,0,2.3333333333333335,50.666666666666664,2.3333333333333335,49,25,35.333333333333336,31,7.666666666666667,1,32,17.666666666666668,17,19.333333333333332,55.333333333333336,0,49.333333333333336,5.333333333333333,76,88.33333333333333,31.333333333333332,14,2.3333333333333335,7,0,0,27,8,5.333333333333333,29.333333333333332,1.3333333333333333,0,53,19,9.333333333333334,2,35.333333333333336,3,41,3,2,1.3333333333333333,0.3333333333333333,0.3333333333333333,0,49.333333333333336,1.3333333333333333,5.333333333333333,3,8.666666666666666,0,0,0,0,52.333333333333336,0,0,18,0,28.333333333333332,22.666666666666668,19.333333333333332,28.333333333333332,26,43,8.333333333333334,0,6,0,1.6666666666666667,50,30.333333333333332,4.333333333333333,50.333333333333336,10.666666666666666,0,0,40.666666666666664,73.33333333333333,58.333333333333336,0,39.666666666666664,9,16,2.3333333333333335,6.333333333333333,0,1,0,0,21,0,8.666666666666666,20,3.6666666666666665,13.333333333333334,0.6666666666666666,1.3333333333333333,0,0,9,0,0,0,17.666666666666668,0,0,0,0,5,0,40.666666666666664,26.666666666666668,0,42.333333333333336,33,18.666666666666668,0,5.333333333333333,27,0,0,69,66.33333333333333,70.66666666666667,0,61.666666666666664,54.666666666666664,68,0,9,86,60,55.333333333333336,11.666666666666666,18.333333333333332,40.666666666666664,0,2,1,1,1.3333333333333333,14.666666666666666,27.666666666666668,0,24,11.333333333333334,24.333333333333332,9.666666666666666,4.333333333333333,25.333333333333332,30.333333333333332,22.666666666666668,31.333333333333332,21,1,30.333333333333332
2024-04-01,18,11.666666666666666,2,3.6666666666666665,2.3333333333333335,8.333333333333334,1,6,12.333333333333334,55,16.333333333333332,33,12,11.333333333333334,27.333333333333332,57.333333333333336,28,3.6666666666666665,10,3.6666666666666665,1,0,5.333333333333333,5.666666666666667,4.333333333333333,42.666666666666664,67.66666666666667,0,25,0,22,40.666666666666664,0,0,0,33.666666666666664,52.666666666666664,19.333333333333332,11.333333333333334,20,2.3333333333333335,46.666666666666664,0,5.333333333333333,0,15,0,0,12.666666666666666,11.333333333333334,6,7,21.666666666666668,66,75.66666666666667,11,20.333333333333332,2,1,13.333333333333334,0,65.66666666666667,4.333333333333333,25.333333333333332,72.66666666666667,67.66666666666667,6.333333333333333,26.666666666666668,1.6666666666666667,10.666666666666666,0,9.333333333333334,18,2,5,0,3,38.333333333333336,2,39.666666666666664,24.666666666666668,44,29.666666666666668,9.333333333333334,1.6666666666666667,38.333333333333336,19.666666666666668,14.333333333333334,15.666666666666666,50.333333333333336,0,42,4.333333333333333,67.33333333333333,83,35,12,1.6666666666666667,6,0,17.333333333333332,14.666666666666666,21.333333333333332,2,5.666666666666667,1,0,9.666666666666666,19,7.333333333333333,1.6666666666666667,39.333333333333336,2.3333333333333335,33.333333333333336,2,0.6666666666666666,1,0,0,2.3333333333333335,64.66666666666667,1,5.666666666666667,2.6666666666666665,10,0,0,0.3333333333333333,0,47.333333333333336,0,0,17,0,24.333333333333332,18,12.666666666666666,9.333333333333334,0,32,5.666666666666667,0,7,0,0,45.333333333333336,25.333333333333332,3.3333333333333335,38.666666666666664,10.333333333333334,0.3333333333333333,0.6666666666666666,33,48.333333333333336,49,0,32,8,14,2,5,0,0,0,0,19,0,8,17,3.3333333333333335,41.666666666666664,10,4.333333333333333,0,0,6.666666666666667,6.333333333333333,0,0,0,0,0,0,0,3.6666666666666665,0,46.333333333333336,35,0,46.666666666666664,55.333333333333336,18.333333333333332,0,8,70,3.6666666666666665,7.666666666666667,63,60.666666666666664,57.333333333333336,0,59,55.666666666666664,43,0,10.333333333333334,77,60.333333333333336,49,11,18,40.666666666666664,0,1,0.6666666666666666,0.6666666666666666,2,22.333333333333332,30.666666666666668,0,21,11.333333333333334,21.666666666666668,6.666666666666667,4.666666666666667,22.333333333333332,24.666666666666668,42.666666666666664,30,20.666666666666668,1,30.333333333333332
2024-07-01,19,12,2,4.666666666666667,2.6666666666666665,8.333333333333334,1,5.666666666666667,12.666666666666666,55.666666666666664,36.666666666666664,39.333333333333336,12,9.666666666666666,19.333333333333332,46.666666666666664,23,4,10,7.333333333333333,1.6666666666666667,21.666666666666668,0,9.666666666666666,6.666666666666667,38,67.66666666666667,0,22,0,21.666666666666668,34,0,0,0,35.666666666666664,56.666666666666664,16,11.333333333333334,20.666666666666668,2.3333333333333335,48.333333333333336,0.3333333333333333,6,0,11.333333333333334,0,0,6.666666666666667,0,7,8,26,91.33333333333333,94.33333333333333,12.666666666666666,14,2,1,15.333333333333334,22.666666666666668,68,4.333333333333333,23.666666666666668,90,67.33333333333333,6.333333333333333,31,1.6666666666666667,12.333333333333334,41,9,16.333333333333332,1.6666666666666667,10,0,3,36.666666666666664,2,44.333333333333336,22.333333333333332,45.666666666666664,30.666666666666668,0,1,23.333333333333332,16.333333333333332,16.333333333333332,18,56,0,41,6,75.33333333333333,90.66666666666667,47,12.333333333333334,2,5.666666666666667,0,0,5.333333333333333,8.666666666666666,4.666666666666667,7.333333333333333,1.3333333333333333,0,9.333333333333334,21.333333333333332,9.666666666666666,1.6666666666666667,43.666666666666664,3,51.333333333333336,1,0.6666666666666666,0.3333333333333333,0,2.3333333333333335,7,67.33333333333333,1,6,2.6666666666666665,9,0,0,1,0,49.333333333333336,49,0,18,0,22.666666666666668,17,13.333333333333334,33,0,30,3.6666666666666665,0,7,0,0,46.333333333333336,26.333333333333332,3,35.333333333333336,10,0,1,30.333333333333332,56,54.666666666666664,0,23.666666666666668,8.333333333333334,14,2,5.333333333333333,0,1,0,0,20,0,7,14.333333333333334,3.3333333333333335,42,0.6666666666666666,1,0,4,7,4,0,0,33.333333333333336,0,0,0,0,6.666666666666667,0,48.666666666666664,42.666666666666664,0,46.333333333333336,51.333333333333336,17.333333333333332,0,7.333333333333333,36,16,0,66,84.33333333333333,47,0,60.666666666666664,90.66666666666667,37.666666666666664,0,15,74.33333333333333,73.33333333333333,62.333333333333336,10.333333333333334,23,43.666666666666664,0,1,0.3333333333333333,0.3333333333333333,0.6666666666666666,12.666666666666666,25.333333333333332,0,25.666666666666668,10.333333333333334,22,6.666666666666667,5.666666666666667,24,27.333333333333332,28.666666666666668,33,19,1,20
2024-10-01,17.333333333333332,10,1.6666666666666667,5,2,10,1,5,11.666666666666666,53.333333333333336,45.666666666666664,37.333333333333336,14,10.666666666666666,25.333333333333332,39.666666666666664,16.666666666666668,4,9.333333333333334,40.666666666666664,1.6666666666666667,0,0,8,4,45,64.66666666666667,0,20.333333333333332,0,20.333333333333332,37,0,0,0,28.333333333333332,40.666666666666664,12.333333333333334,9,16.333333333333332,2,35,0,5.666666666666667,0,20,0,0,9.666666666666666,6,5.666666666666667,7,27.666666666666668,76.33333333333333,73,10.333333333333334,35,2,1,14,0,58.666666666666664,4,21,76,48.666666666666664,6,30.333333333333332,1.6666666666666667,9,14.333333333333334,9.333333333333334,13,1.6666666666666667,0,0,2.6666666666666665,33.333333333333336,2,27.666666666666668,23.333333333333332,40,37,16,1,18.333333333333332,12.333333333333334,15,12.333333333333334,52,0,38.333333333333336,4.666666666666667,68,76,46.666666666666664,10.666666666666666,1.3333333333333333,6,0,0,2,16.666666666666668,3.3333333333333335,17.333333333333332,1,3,3.3333333333333335,18.666666666666668,13,1.3333333333333333,19,1.6666666666666667,29,1.3333333333333333,0,0,0,1.3333333333333333,2.3333333333333335,35.333333333333336,1,4.333333333333333,2.3333333333333335,6.333333333333333,0,0,0.3333333333333333,0,47,0,0,16,0,23.333333333333332,15.666666666666666,11.666666666666666,7.333333333333333,0,25.333333333333332,3.6666666666666665,19,5.666666666666667,0,0,40.333333333333336,23.666666666666668,2.3333333333333335,44,8.333333333333334,0,1,27.333333333333332,49,57.666666666666664,0,28.333333333333332,7.333333333333333,12,1.6666666666666667,4.333333333333333,0,0.6666666666666666,0,0,15.666666666666666,0,6,10.666666666666666,3,23.666666666666668,0,1,0,0,8.333333333333334,10.333333333333334,0,0,0,0,0,0,0,2,0,21,39,0,34,27.666666666666668,15.666666666666666,0,5.666666666666667,18.666666666666668,4,0,62.333333333333336,68.66666666666667,49,0,76.33333333333333,78,38,0,9,69.66666666666667,82,64.66666666666667,10,19.666666666666668,44.666666666666664,0,1,0,0,1,4.333333333333333,23.333333333333332,0,21.333333333333332,10,20.666666666666668,9,4.666666666666667,23.333333333333332,25.333333333333332,19.333333333333332,29,12,0.6666666666666666,30.666666666666668
2025-01-01,18,11.666666666666666,2,5.333333333333333,2.3333333333333335,10,1,5.666666666666667,14,63.333333333333336,23.333333333333332,37.666666666666664,13.666666666666666,15,33,45.333333333333336,24,4.666666666666667,9.333333333333334,38.333333333333336,1.3333333333333333,0,0,6.666666666666667,7,23.666666666666668,59,0,21.333333333333332,0,23.666666666666668,49,0,0,0,31.333333333333332,45,12.333333333333334,10,20,2.6666666666666665,46.666666666666664,0,4.666666666666667,0,21.666666666666668,0,0,11.333333333333334,5,5.666666666666667,6.666666666666667,24,76.33333333333333,81,11,18.666666666666668,2,1,15,0,56.666666666666664,4.333333333333333,6.666666666666667,76.66666666666667,64.66666666666667,5.666666666666667,7.666666666666667,0.6666666666666666,9,56.666666666666664,8.333333333333334,15.666666666666666,2,7.666666666666667,0,2.6666666666666665,35,2,24.333333333333332,28.333333333333332,40.666666666666664,29,7,1,23.333333333333332,12,15.333333333333334,16,50,0,42.333333333333336,5.333333333333333,80,83.33333333333333,83.66666666666667,15,10.333333333333334,8.666666666666666,0,11.333333333333334,7.333333333333333,5,1.3333333333333333,9.666666666666666,1.3333333333333333,2.6666666666666665,1.6666666666666667,25.333333333333332,16.666666666666668,1.6666666666666667,25.666666666666668,3.6666666666666665,36.666666666666664,2,2.3333333333333335,1,0.3333333333333333,1.3333333333333333,5.333333333333333,48.333333333333336,1,5,3.3333333333333335,8,0,0,0,0,44.333333333333336,0,0,16.333333333333332,0,22.666666666666668,16,14,13,0,32.666666666666664,6.666666666666667,0,7,0,2.6666666666666665,52.666666666666664,25.333333333333332,2,46.333333333333336,8.666666666666666,0.3333333333333333,0,50,44,56.666666666666664,0,30,7,13.666666666666666,2,4.666666666666667,0,0.3333333333333333,0,0,19.333333333333332,0,7.333333333333333,12,2.6666666666666665,9.666666666666666,0,1,0,0,8.333333333333334,3.6666666666666665,0,0,0,0,0,0,0,1.6666666666666667,0,20,37.333333333333336,0,42.333333333333336,30.333333333333332,19.333333333333332,0,5.333333333333333,13,2,0,52.333333333333336,70.66666666666667,43.333333333333336,0,66.33333333333333,73.33333333333333,22.333333333333332,0,5.666666666666667,66.33333333333333,84.33333333333333,32.333333333333336,10,11.333333333333334,41.333333333333336,0,0.6666666666666666,0,0.3333333333333333,1,10.333333333333334,25,0,25,11.333333333333334,23,9.666666666666666,6,22,25.333333333333332,25.333333333333332,36,16.333333333333332,0.6666666666666666,34.333333333333336
2025-04-01,16.333333333333332,10.666666666666666,2,5.333333333333333,2.6666666666666665,8.666666666666666,1,5,12.666666666666666,58.333333333333336,17,36,16.666666666666668,10.333333333333334,22.666666666666668,61.666666666666664,21.666666666666668,4,8.666666666666666,35.666666666666664,1,0,0,6.666666666666667,4,47,59.333333333333336,0,19.333333333333332,0,26,50,0,0,0,25,35.333333333333336,9.333333333333334,8,13.666666666666666,1,34.666666666666664,0,5.333333333333333,24.333333333333332,11.333333333333334,0,6,7.333333333333333,0,5.666666666666667,6.666666666666667,25,68.33333333333333,68.66666666666667,8.666666666666666,15,1.6666666666666667,1,15,0,49.666666666666664,4.333333333333333,17,67.66666666666667,60,5.666666666666667,32.333333333333336,1,8.333333333333334,32.666666666666664,8,16,1,0,0,2.6666666666666665,32.333333333333336,1.6666666666666667,45,25.666666666666668,43.333333333333336,34,16,1,28,15,12.666666666666666,19.666666666666668,46,0,35,5.333333333333333,70.33333333333333,78,46.666666666666664,11.333333333333334,3,5.666666666666667,0,0,5,21,1,5,4,0,3.3333333333333335,25.333333333333332,14.333333333333334,2.3333333333333335,30.333333333333332,3.3333333333333335,26,1,0.6666666666666666,0,0,0.6666666666666666,1.6666666666666667,52,1,4.666666666666667,5,8.666666666666666,0,0,0,0,43,0,0,13.666666666666666,6,22.333333333333332,13.333333333333334,8,6.333333333333333,16,28,4.666666666666667,0,8,0,0,52,23.666666666666668,2,39,6.333333333333333,0.3333333333333333,0,53.333333333333336,43.666666666666664,50.666666666666664,0,29,9,20.666666666666668,1.6666666666666667,13,0,0.6666666666666666,24.333333333333332,0,16.333333333333332,0,6.333333333333333,13,3.3333333333333335,10.333333333333334,0,1,0,0,8.333333333333334,4,26.333333333333332,0,0,0,0.3333333333333333,0,0,2.6666666666666665,0,12,52.333333333333336,0,37.666666666666664,31,18.333333333333332,0,5.333333333333333,13.666666666666666,4.333333333333333,0,50.666666666666664,72,38.666666666666664,0,78.66666666666667,67.33333333333333,12.666666666666666,0,5.333333333333333,68.33333333333333,96,50,9.333333333333334,7.666666666666667,51,0,0.6666666666666666,0.3333333333333333,0.3333333333333333,1,8.333333333333334,32.333333333333336,0,22.333333333333332,11,20.666666666666668,9.333333333333334,4.333333333333333,21.666666666666668,29.666666666666668,17.333333333333332,38,5.666666666666667,0.6666666666666666,27.333333333333332
2025-07-01,14.666666666666666,10.666666666666666,2,5,2,12,1,5,13.666666666666666,75.66666666666667,27,40.666666666666664,14.333333333333334,20.666666666666668,58.333333333333336,48.666666666666664,19.333333333333332,3.3333333333333335,7,69.66666666666667,1.3333333333333333,0,0,7,2,44,67,0,19,0,29,45.666666666666664,0,0,0,23,32.666666666666664,8.666666666666666,7.666666666666667,15.666666666666666,1,35.333333333333336,0,4.666666666666667,0,17,0,0,5.666666666666667,0,5.333333333333333,6.666666666666667,21,69.33333333333333,65,8.666666666666666,20.666666666666668,1.6666666666666667,1,10,28.666666666666668,48,4,7.333333333333333,60.666666666666664,56.333333333333336,5.666666666666667,27,0.6666666666666666,10.333333333333334,18.333333333333332,9.333333333333334,12.333333333333334,1.6666666666666667,5.333333333333333,0,2.6666666666666665,26.666666666666668,1.6666666666666667,42.666666666666664,21.333333333333332,42,33.666666666666664,15.666666666666666,1,22,12.666666666666666,14.333333333333334,19.666666666666668,49.666666666666664,0,32.666666666666664,5.333333333333333,76,72.66666666666667,40.666666666666664,11.333333333333334,5.666666666666667,5,0,4.666666666666667,4.666666666666667,5.666666666666667,2,6,10.333333333333334,1,15,23,10,1.3333333333333333,30.333333333333332,3.3333333333333335,29,1,0.6666666666666666,0,0,1.3333333333333333,4.666666666666667,36,1,5,3.3333333333333335,6.333333333333333,0.3333333333333333,0,0.6666666666666666,0,42.333333333333336,0,0,15,0,19.666666666666668,13,8.333333333333334,13,0,25.333333333333332,2.6666666666666665,0,8,0,0,52.333333333333336,22,2,32.333333333333336,7,0,0,23,44.666666666666664,59,0,61.666666666666664,9,14,1.3333333333333333,9,0,1,0,0,14.333333333333334,11.666666666666666,6.333333333333333,11,3.6666666666666665,9.333333333333334,0,2,0,0,8.333333333333334,4,0,0,0,0,0,33.333333333333336,0,6.333333333333333,0,9.333333333333334,38.333333333333336,0,45.666666666666664,46,22,0,5.666666666666667,16,9.666666666666666,0,48.333333333333336,75,42.333333333333336,0,90,49.333333333333336,20.666666666666668,0,5.333333333333333,72,95.33333333333333,43,10.666666666666666,11,45,0,0.3333333333333333,0,0.6666666666666666,1,3.3333333333333335,19.666666666666668,0,19.333333333333332,10.333333333333334,18.333333333333332,9,3.6666666666666665,22.333333333333332,20.333333333333332,19,23.333333333333332,12.666666666666666,1,10
2025-10-01,13.666666666666666,9,2,6,2,10.333333333333334,1,5,15.666666666666666,59,20.666666666666668,61.666666666666664,13.333333333333334,20.333333333333332,67.33333333333333,40,23,3,8,41,0.6666666666666666,0,5.666666666666667,6.666666666666667,2,45.333333333333336,70.66666666666667,0,16,0,24.666666666666668,42.666666666666664,0,0,0,19,22,6.333333333333333,6.333333333333333,10.666666666666666,0.3333333333333333,23,0,5,0,27,13,0,12.666666666666666,10,4.666666666666667,5.333333333333333,16.666666666666668,75,52,8.666666666666666,51,1.6666666666666667,0.6666666666666666,13,23,45.666666666666664,4.333333333333333,0,55.666666666666664,49,5,20,0.3333333333333333,4.666666666666667,33.333333333333336,9.666666666666666,13.333333333333334,1,4.666666666666667,0,2,26.666666666666668,1,28.333333333333332,13,27,32.666666666666664,25,1,19.333333333333332,12,15.333333333333334,16.666666666666668,43,0,26.666666666666668,5,73,66.66666666666667,32.333333333333336,12.666666666666666,3,4.333333333333333,0,5,16.333333333333332,21.333333333333332,5.666666666666667,22.666666666666668,4.666666666666667,0.3333333333333333,7.333333333333333,46.333333333333336,38,1.6666666666666667,38.333333333333336,3.6666666666666665,71.33333333333333,1,0.3333333333333333,0,0,1.6666666666666667,1.3333333333333333,48.666666666666664,1,5,2.6666666666666665,5.333333333333333,0.3333333333333333,0,0,0,41,0,33.333333333333336,13.333333333333334,5,17,10.666666666666666,9,31,20,22.666666666666668,3.3333333333333335,0,8.333333333333334,0,0,49.666666666666664,20.333333333333332,2,30.666666666666668,5.333333333333333,0,0.3333333333333333,17,53,47.333333333333336,0,30.333333333333332,6.333333333333333,13.666666666666666,1.3333333333333333,7.333333333333333,0,2,24.666666666666668,0,16.333333333333332,0,7.666666666666667,12,3.3333333333333335,6.666666666666667,0,3.6666666666666665,0,0.3333333333333333,8,2,0,0,46.333333333333336,8.333333333333334,0.6666666666666666,0,0,4,0,40,60.666666666666664,0,52.333333333333336,46,28.666666666666668,0,10.666666666666666,13.666666666666666,7.666666666666667,0,42.333333333333336,78.33333333333333,40.333333333333336,0,20.333333333333332,52.666666666666664,28.333333333333332,0,8.333333333333334,68.33333333333333,90.66666666666667,48.666666666666664,17.333333333333332,15,72,0,0.3333333333333333,0.6666666666666666,1,1.3333333333333333,3.3333333333333335,23.666666666666668,0,16.666666666666668,8.666666666666666,16.333333333333332,7.666666666666667,3.6666666666666665,22.666666666666668,14,9.333333333333334,27,12.666666666666666,0,0
2026-01-01,15.333333333333334,10.666666666666666,2.6666666666666665,8.333333333333334,2.3333333333333335,10,1,6,16.333333333333332,70,12.666666666666666,66.33333333333333,22,13,41,49,27.333333333333332,4,9,27,1.6666666666666667,0,0,3.6666666666666665,2.6666666666666665,40.333333333333336,75.33333333333333,0,16.666666666666668,0,33.333333333333336,63,0,0,0,20,35.666666666666664,5.333333333333333,6.666666666666667,13,0.6666666666666666,30.666666666666668,0,3,46.333333333333336,29,0,0,13.666666666666666,11.666666666666666,4,5.333333333333333,16.333333333333332,79.66666666666667,50.333333333333336,9.666666666666666,45.666666666666664,2,1,16.666666666666668,57,55.666666666666664,6.333333333333333,7.333333333333333,56.333333333333336,60.333333333333336,6,30.333333333333332,1,8,58.333333333333336,11.333333333333334,17.333333333333332,1.6666666666666667,10.333333333333334,0,2.3333333333333335,33.333333333333336,1.6666666666666667,28.333333333333332,6.666666666666667,42.333333333333336,42.666666666666664,35.666666666666664,1,27.666666666666668,12,16,18.333333333333332,47.333333333333336,0,28.333333333333332,5.333333333333333,87.33333333333333,76.33333333333333,35.333333333333336,13,1,4.666666666666667,0,9.666666666666666,24.333333333333332,8.333333333333334,1.3333333333333333,4,1,0,1.6666666666666667,17.666666666666668,14.333333333333334,1.6666666666666667,25.666666666666668,3,52,1,0,0,0,1,3.6666666666666665,84.66666666666667,1,5.333333333333333,3,6.666666666666667,0,0,0,0,45.333333333333336,0,0,12,0,19.666666666666668,12,14.333333333333334,23.666666666666668,12,31,5.333333333333333,0,6.666666666666667,0,0,59.333333333333336,20,2,28.333333333333332,4.666666666666667,0,0,15,56.333333333333336,49,0,23.333333333333332,6.666666666666667,15,1.6666666666666667,7,0,3.3333333333333335,23.666666666666668,0,19.666666666666668,0,7,11.666666666666666,3.6666666666666665,6.333333333333333,0,1.6666666666666667,0,0.3333333333333333,9.666666666666666,4.666666666666667,0,0,43,2.3333333333333335,0,0,0,5.666666666666667,0,35,64.66666666666667,0,57.666666666666664,49.333333333333336,27.666666666666668,0,10.333333333333334,13.666666666666666,4,8.333333333333334,42,94.33333333333333,43,0,70.66666666666667,55,0,0,9,73,68,39,16.333333333333332,29.666666666666668,86.66666666666667,0,0.6666666666666666,0.3333333333333333,1,1.3333333333333333,6,28.666666666666668,0,20,9.666666666666666,19.333333333333332,7,4,24,28,22,25.333333333333332,17,1,25.333333333333332
2026-04-01,15,9.5,2,5,2,9,1,4,14,64.5,11,48,23,15,44.5,53,27.5,3.5,9,20,1.5,14,3.5,6.5,2,48,82,0,16.5,0,34,84,0,50,0,19.5,24,6.5,6,10.5,1,25.5,0,3.5,57.5,18,30.5,2.5,16,16,5,5.5,16,82,56.5,9,30,1.5,1,13.5,78,52.5,5.5,16.5,47.5,71.5,4.5,18.5,0.5,6,43,9.5,16,1.5,5,0,2.5,30,1,46,7,37,34.5,25,1,24.5,16.5,14,21.5,46.5,0,30,5,86,79.5,34.5,10.5,3.5,3.5,2.5,11.5,25.5,19.5,1,2.5,1,0.5,1,16,8.5,2,31,3.5,32,0.5,0.5,0,0,1,6.5,64.5,1,5.5,3,10.5,0.5,50,0,4,52,8,8,10,3.5,17,9.5,7.5,27,33,26.5,4,3.5,6.5,0,0.5,57,18.5,2,25.5,3,0,0,16,62,52,0,20.5,6,13.5,1.5,5.5,0.5,1.5,52,0,23,2,6,11.5,5.5,8.5,0,1.5,0,0,8.5,6.5,10,0,39,8,0,22,0,5.5,50,46.5,84.5,0,38.5,39.5,19.5,0,5.5,11,2,5.5,38.5,93.5,41.5,0,46.5,44.5,17,0,10.5,72.5,70.5,38.5,12.5,21,58,0,1,0.5,1,1.5,8.5,28,0,19,9,17,7.5,3.5,18,23.5,24.5,27.5,22,1,7.5
