"date","jobs","job vacancy","job search","job openings","job opportunity","employment","employment opportunities","latest jobs","new jobs","work opportunities","job portal","job board","hire me","recruitment","recruitment portal","apply for job","find a job","graduate jobs","entry level jobs","youth employment","jobs for graduates","jobs after school","jobs after university","NYSC jobs","jobs near me","work no dey","no job","job wahala","hustle","hustle no easy","any job","looking for work","I dey find work","where work dey","no work for area","CV sample","resume template","cover letter sample","interview questions","how to write a CV","how to write a resume","how to write application letter","how to pass interview","aptitude test questions","career advice","career guidance","temporary jobs","casual jobs","contract jobs","weekend jobs","work from home","online jobs","freelance jobs","online remote jobs","work from home jobs","side hustle","online income","oil and gas jobs","banking jobs","finance jobs","fintech jobs","tech jobs","IT jobs","software developer jobs","data analyst jobs","cybersecurity jobs","engineering jobs","electrical engineering jobs","mechanical engineering jobs","civil engineering jobs","architecture jobs","construction jobs","sales jobs","marketing jobs","call center jobs","lecturer jobs","teaching jobs","healthcare jobs","nursing jobs","doctor jobs","medical laboratory jobs","pharmacy jobs","warehouse jobs","transport jobs","driver jobs","factory jobs","cleaning jobs","security jobs","jobberman","myjobmag","ngcareers","hotnigerianjobs","hot jobs","LinkedIn jobs","Indeed jobs","Glassdoor jobs","government jobs","civil service jobs","federal government jobs","public sector jobs","local government jobs","police recruitment","army recruitment","air force recruitment","navy recruitment","immigration recruitment","customs recruitment","fire service recruitment","NYSC portal","NYSC registration","NYSC posting","NYSC relocation","NYSC ppa","NYSC clearance","Npower","Npower recruitment","Npower portal","Npower application","youth empowerment program","grant opportunities","business grant","short courses","professional certification","vocational training","skill acquisition","skills for employment","courses that get jobs","tech bootcamp","coding bootcamp","digital skills","online courses for jobs","best courses to get a job","free online courses","job skills training","how to start a business","business ideas","small business ideas","small business loan","startup ideas","entrepreneurship","self employment","side business ideas","microfinance loan","agribusiness ideas","small scale business ideas","work abroad","work visa","Canada work visa","UK work visa","USA work visa","Germany work visa","schengen work visa","how to migrate","how to relocate","jobs abroad","healthcare jobs abroad","skilled worker visa","student visa","study abroad","Canada immigration","UK immigration","relocation opportunities","unemployment benefits","unemployment support","jobless support","social welfare","palliative distribution","cost of living","inflation","financial help","minimum wage","labour strike","strike","protest economic hardship","youth protest","how to save money","how to manage money","low budget food","cheap food ideas","cheap transport","cheap housing","affordable housing","help with rent","how to survive without a job","job stress","career stress","depression help","mental health support","job loss depression","business registration","CAC registration","company registration","SME support","loan application","government loan","youth loan","startup loan","freelancing","remote work","digital marketing jobs","content creator jobs","social media manager jobs","virtual assistant jobs","copywriting jobs","graphic design jobs","video editing jobs","upwork","fiverr","online freelancing","food price","fuel price","transport cost","cost of living crisis","economic crisis","financial crisis","job loss","layoff","retrenchment","redundancy","retrenchment benefits","jobs in Lagos","jobs in Abuja","jobs in Port Harcourt","jobs in Kano","jobs in Ibadan","jobs in Kaduna","jobs in Enugu","jobs in Owerri","jobs in Benin","jobs in Warri","jobs in Ilorin","jobs in Jos"
2004-01-01,51,0,0,0,0,0,0,0,0,0,0,0,0,0,0,0,0,0,0,0,0,0,0,0,0,0,0,0,0,0,0,0,0,0,0,0,0,0,0,0,0,0,0,0,0,0,0,0,0,0,0,0,0,0,0,0,0,0,0,0,0,0,0,0,0,0,0,0,0,0,0,0,0,0,0,0,0,0,0,0,0,0,0,0,0,0,0,0,0,0,0,0,0,0,0,0,0,0,0,0,0,0,0,0,0,0,0,0,0,0,0,0,0,0,0,0,0,0,0,0,0,0,0,0,0,0,0,0,0,0,0,0,0,0,0,0,0,0,0,0,0,0,0,0,0,0,0,0,0,0,0,0,0,0,0,0,0,0,0,0,0,0,0,0,0,0,0,0,0,0,0,0,0,0,0,0,0,0,0,0,0,0,0,0,0,0,0,0,0,0,0,0,0,0,0,0,0,0,0,0,0,0,0,0,0,0,0,0,0,0,0,0,0,0,0,0,0,0,0,0,0,0,0,0,0,0,0,0,0,0,0,0
2004-02-01,51,0,0,0,0,100,0,0,0,0,0,0,0,11,0,0,0,0,0,0,0,0,0,0,0,0,0,0,0,0,0,0,0,0,0,0,0,0,0,0,0,0,0,0,0,0,0,0,0,0,0,0,0,0,0,0,0,0,0,0,0,0,0,0,0,0,0,0,0,0,0,0,0,0,0,0,0,0,0,0,0,0,0,0,0,0,0,0,0,0,0,0,0,0,0,0,0,0,0,0,0,0,0,0,0,0,0,0,0,0,0,0,0,0,0,0,0,0,0,0,0,0,0,0,0,0,0,0,0,0,0,0,0,0,0,0,0,0,0,0,0,0,0,0,0,0,0,0,0,0,0,0,0,0,0,0,0,0,0,0,0,0,0,0,0,0,0,0,0,0,0,0,0,0,0,0,0,0,0,0,0,0,0,0,0,0,0,0,0,0,0,0,0,0,0,0,0,0,0,0,0,0,0,0,0,0,0,0,0,0,0,0,0,0,0,0,0,0,0,0,0,0,0,0,0,0,0,0,0,0,0,0
2004-03-01,42,0,0,0,0,81,0,0,0,0,0,0,0,0,0,0,0,0,0,0,0,0,0,0,0,0,0,0,0,0,0,0,0,0,0,0,0,0,0,0,0,0,0,0,0,0,0,0,0,0,0,0,0,0,0,0,0,0,0,0,0,0,0,0,0,0,0,0,0,0,0,0,0,0,0,0,0,0,0,0,0,0,0,0,0,0,0,0,0,0,0,0,0,0,0,0,0,0,0,0,0,0,0,0,0,0,0,0,0,0,0,0,0,0,0,0,0,0,0,0,0,0,0,0,0,0,0,0,0,0,0,0,0,0,0,0,0,0,0,0,0,0,0,0,0,0,0,0,0,0,0,0,0,0,0,0,0,0,0,100,0,0,0,0,0,0,0,0,0,0,0,0,0,0,0,0,0,0,0,0,0,0,0,0,0,0,0,0,0,0,0,0,0,0,0,0,0,0,0,0,0,0,0,0,0,0,0,0,0,0,0,0,0,0,0,0,0,0,0,0,0,0,0,0,0,0,0,0,0,0,0,0
2004-04-01,83,0,0,0,0,61,0,0,0,0,0,0,0,12,0,0,0,0,0,0,0,0,0,0,0,0,0,0,0,0,0,0,0,0,0,0,0,0,0,0,0,0,0,0,0,0,0,0,0,0,0,0,0,0,0,0,0,0,0,0,0,0,0,0,0,0,0,0,0,0,0,0,0,0,0,0,0,0,0,0,0,0,0,0,0,0,0,0,0,0,0,0,0,0,0,0,0,0,0,0,0,0,0,0,0,0,0,0,0,0,0,0,0,0,0,0,0,0,0,0,0,0,0,0,0,0,0,0,0,0,0,0,0,0,0,0,0,0,0,0,0,0,0,0,0,0,0,0,0,0,0,0,0,0,0,0,0,0,0,0,0,0,0,0,0,0,0,0,0,0,0,0,0,0,0,0,0,0,0,0,0,0,0,0,0,0,0,0,0,0,0,0,0,0,0,0,0,0,0,0,0,0,0,0,0,0,0,0,0,0,0,0,0,0,0,0,0,0,0,0,0,0,0,0,0,0,0,0,0,0,0,0
2004-05-01,69,0,0,0,0,51,0,0,0,0,0,0,0,0,0,0,0,0,0,0,0,0,0,0,0,0,0,0,0,0,0,0,0,0,0,0,0,0,0,0,0,0,0,0,0,0,0,0,0,0,0,0,0,0,0,0,0,0,0,0,0,0,0,0,0,0,0,0,0,0,0,0,0,0,0,0,0,0,0,0,0,0,0,0,0,0,0,0,0,0,0,0,0,0,0,0,0,0,0,0,0,0,0,0,0,0,0,0,0,0,0,0,0,0,0,0,0,0,0,0,0,0,0,0,0,0,0,0,0,0,0,0,0,0,0,0,0,0,0,0,0,0,0,0,0,0,0,0,0,0,100,0,0,0,0,0,0,0,0,0,0,0,0,0,0,0,0,0,0,0,0,0,0,0,0,0,0,0,0,0,0,0,0,0,0,0,0,0,0,0,0,0,0,0,0,0,0,0,0,0,0,0,0,0,0,0,0,0,0,0,0,0,0,0,0,0,0,0,0,0,0,0,0,0,0,0,0,0,0,0,0,0
2004-06-01,55,0,0,0,0,77,0,0,0,0,0,0,0,14,0,0,0,0,0,0,0,0,0,0,0,0,0,0,0,0,0,0,0,0,0,0,0,0,0,0,0,0,0,0,0,0,0,0,0,0,0,100,0,0,0,0,0,0,0,0,0,0,0,0,0,0,0,0,0,0,0,0,0,0,0,100,100,0,0,0,0,0,0,0,0,0,0,0,0,0,0,0,0,0,0,0,0,0,0,0,0,0,0,0,0,0,0,0,0,0,0,0,0,0,0,0,0,0,0,0,0,0,0,0,0,0,0,0,0,0,0,0,0,0,0,0,0,0,0,0,0,0,0,0,0,0,0,0,0,0,0,0,0,0,0,0,0,100,0,0,0,0,0,0,0,0,0,0,0,0,0,0,0,0,0,0,0,0,100,0,0,0,0,0,0,0,0,0,0,0,0,0,0,0,0,0,0,0,0,0,100,0,0,0,0,0,0,0,0,0,0,0,0,0,0,0,0,0,0,0,0,0,0,0,0,0,0,0,0,0,0,0
2004-07-01,53,0,0,0,0,66,0,0,0,0,0,0,0,0,0,0,0,0,0,0,0,0,0,0,0,0,0,0,0,0,0,0,0,0,0,0,0,0,0,0,0,0,0,0,0,0,0,0,0,0,0,0,0,0,0,0,0,0,0,0,0,0,0,0,0,0,0,0,0,0,0,0,0,0,0,0,0,0,0,0,0,0,0,0,0,0,0,0,0,0,0,0,0,0,0,0,0,0,0,0,0,0,0,0,0,0,0,0,0,0,0,0,0,0,0,0,0,0,0,0,0,100,0,0,0,0,0,0,0,0,0,0,0,0,0,0,0,0,0,0,0,0,0,0,0,0,0,0,0,0,0,0,0,0,0,0,0,0,0,69,0,0,0,0,0,0,0,0,0,0,0,0,0,0,0,0,0,0,0,0,0,0,0,0,0,0,0,0,0,0,0,0,0,0,0,0,0,0,0,0,0,0,0,0,100,0,0,0,0,0,0,0,0,0,0,0,0,0,0,0,0,0,0,0,0,0,0,0,0,0,0,0
2004-08-01,52,0,0,0,0,53,0,0,0,0,0,0,0,0,0,0,0,0,0,0,0,0,0,0,0,0,0,0,0,0,0,0,0,0,0,0,0,0,0,0,0,0,0,0,0,0,0,0,0,0,0,0,0,0,0,0,0,0,0,0,0,0,0,0,0,0,0,0,0,0,0,0,0,0,0,0,0,0,0,0,0,0,0,0,0,0,0,0,0,0,0,0,0,0,0,0,0,0,0,0,0,0,0,0,0,0,0,0,0,0,0,0,0,0,0,0,0,0,0,0,0,0,0,0,0,0,0,0,0,0,0,0,0,0,0,0,0,0,0,0,0,0,0,0,0,0,0,0,0,0,0,0,0,0,0,0,0,0,0,0,0,0,0,0,0,0,0,0,0,0,0,0,0,0,0,0,0,0,0,0,0,0,0,0,0,0,0,0,0,0,0,0,0,0,0,0,0,0,0,0,0,0,0,0,0,0,0,0,0,0,0,0,0,0,0,0,0,0,0,0,0,0,0,0,0,0,0,0,0,0,0,0
2004-09-01,43,0,0,0,0,69,0,0,0,0,0,0,0,0,0,0,0,0,0,0,0,0,0,0,100,0,0,0,0,0,0,0,0,0,0,0,0,0,0,0,0,0,0,0,0,0,0,0,0,0,0,0,0,0,0,0,0,0,0,0,0,0,0,0,0,0,0,0,0,0,0,0,0,0,0,0,0,0,0,0,0,0,0,0,0,0,0,0,0,0,0,0,0,0,0,0,0,0,0,0,0,0,0,0,0,0,0,0,0,0,0,0,0,0,0,0,0,0,0,0,0,0,0,0,0,0,0,0,0,0,0,0,0,0,0,0,0,0,0,0,0,0,0,0,0,0,0,0,0,0,0,0,0,0,0,0,0,0,0,0,0,0,0,0,0,0,0,0,0,0,0,0,0,0,0,0,0,0,0,0,0,0,0,0,0,0,0,0,0,0,0,0,0,0,0,0,0,0,0,0,0,0,0,0,0,0,0,0,0,0,0,0,0,0,0,0,0,0,0,0,0,0,0,0,0,0,0,0,0,0,0,0
2004-10-01,51,0,0,0,0,59,0,0,0,0,0,0,0,0,0,0,0,0,0,0,0,0,0,0,0,0,0,0,0,0,0,0,0,0,0,0,0,0,0,0,0,0,0,0,0,0,0,0,0,0,0,0,0,0,0,0,0,0,0,0,0,0,0,0,0,0,0,0,0,0,0,0,0,0,0,0,0,0,0,0,0,0,0,0,100,0,0,0,0,0,0,0,0,0,0,0,0,0,0,0,0,0,0,0,0,0,0,0,0,0,0,0,0,0,0,0,0,0,0,0,0,0,0,0,0,0,0,0,0,0,0,0,0,0,0,0,0,0,0,0,0,0,0,0,0,0,0,0,0,0,0,0,0,0,0,0,0,0,0,0,0,0,0,0,0,0,0,0,0,0,0,0,0,0,0,0,0,0,0,0,0,0,0,0,0,0,0,0,0,0,0,0,0,0,0,0,0,0,0,0,0,0,0,0,0,0,0,0,0,0,0,0,0,0,0,0,0,0,0,0,0,0,0,0,0,0,0,0,0,0,0,0
2004-11-01,58,0,0,0,0,80,0,0,0,0,0,0,0,0,0,0,0,0,0,0,0,0,0,0,0,0,0,0,0,0,0,0,0,0,0,0,0,0,0,0,0,0,0,0,0,0,0,0,0,0,0,0,0,0,0,0,0,0,0,0,0,0,0,0,0,0,0,0,0,0,0,0,0,0,0,0,0,0,0,0,0,0,0,0,0,0,0,0,0,0,0,0,0,0,0,0,0,0,0,0,0,0,0,0,0,0,0,0,0,0,0,0,0,0,0,0,0,0,0,0,0,0,0,0,0,0,0,0,0,0,0,0,0,0,0,0,0,0,0,0,0,0,0,0,0,0,0,0,0,0,0,0,0,0,0,0,0,0,0,0,0,0,0,0,0,0,0,0,0,0,0,0,0,0,0,0,0,0,0,0,0,0,0,0,0,0,0,0,0,0,0,0,0,0,0,0,0,0,0,0,0,0,0,0,0,0,0,0,0,0,0,0,0,0,0,0,0,0,0,0,0,0,0,0,0,0,0,0,0,0,0,0
2004-12-01,64,0,0,0,0,92,0,0,0,0,0,0,0,9,0,0,0,0,0,0,0,0,0,0,0,0,0,0,0,0,0,0,0,0,0,0,0,0,100,0,0,0,0,0,0,0,0,0,0,0,0,0,0,0,0,0,0,0,0,0,0,0,0,0,0,0,0,0,0,0,0,0,0,0,0,0,0,0,0,0,0,0,0,0,0,0,0,0,0,0,0,0,0,0,0,0,0,0,0,0,0,0,0,0,0,0,0,0,0,0,0,0,0,0,0,0,0,0,0,0,0,0,0,0,0,0,0,0,0,0,0,0,0,0,0,0,0,0,0,0,0,0,0,0,0,0,0,0,0,0,0,0,0,0,0,0,0,0,0,75,0,0,0,0,0,0,0,0,0,0,0,0,0,0,0,0,0,0,0,0,0,0,0,0,0,0,0,0,0,0,0,0,0,0,0,0,0,0,0,0,0,0,0,0,0,0,0,0,0,0,0,0,0,0,0,0,0,0,0,0,0,0,0,0,0,0,0,0,0,0,0,0
2005-01-01,52,0,0,0,0,77,0,0,0,0,0,0,0,9,0,0,0,0,0,0,0,0,0,0,0,0,0,0,0,0,0,0,0,0,0,0,0,0,0,0,0,0,0,0,0,0,0,0,0,0,0,0,0,0,0,0,0,0,0,0,0,0,0,0,0,0,0,0,0,0,0,0,0,0,0,0,0,0,0,0,0,0,0,0,0,0,0,0,0,0,0,0,0,0,0,0,0,0,0,0,0,0,0,0,0,0,0,0,0,0,0,0,0,0,0,0,0,0,0,0,0,0,0,0,0,0,0,0,0,0,0,0,0,0,0,0,0,0,0,0,0,0,0,0,0,0,0,0,0,0,0,0,0,0,0,0,0,0,0,0,0,0,0,0,0,0,0,0,0,0,0,0,0,0,0,0,0,0,0,0,0,0,0,0,0,0,0,0,0,0,0,0,0,0,0,0,0,0,0,0,0,0,0,0,0,0,0,0,0,0,0,0,0,0,0,0,0,0,0,0,0,0,0,0,0,0,0,0,0,0,0,0
2005-02-01,54,100,0,0,0,56,0,0,0,0,0,0,0,12,0,0,0,0,0,0,0,0,0,0,0,0,0,0,0,0,0,0,0,0,0,0,0,0,0,0,0,0,0,0,0,0,0,0,0,0,0,0,0,0,0,0,0,0,0,0,0,0,0,0,0,0,0,0,0,0,0,0,0,0,0,0,0,0,100,0,0,0,0,0,0,0,0,0,0,0,0,0,0,0,0,0,0,0,0,0,0,0,0,0,0,0,0,0,0,0,0,0,0,0,0,0,0,0,0,0,0,0,0,0,0,0,0,0,0,0,0,0,0,0,0,0,0,0,0,0,0,0,0,0,0,0,0,0,0,0,0,0,0,0,0,0,0,0,0,0,0,0,0,0,0,0,0,0,0,0,0,0,0,0,0,0,0,0,0,0,0,100,0,0,0,0,0,0,100,0,0,0,0,0,0,0,0,0,0,0,0,0,0,0,0,0,0,0,0,0,0,0,0,0,0,0,0,0,0,0,0,0,0,0,0,0,0,0,0,0,0,0
2005-03-01,47,0,0,0,0,45,0,0,0,0,0,0,0,7,0,0,0,0,0,0,0,0,0,0,0,0,0,0,0,0,0,0,0,0,0,0,0,0,0,0,0,0,0,0,0,0,0,0,0,0,0,0,0,0,0,0,0,0,0,0,0,0,0,0,0,0,0,0,0,0,0,0,0,0,0,0,0,0,0,0,0,0,0,0,0,0,0,0,0,0,0,0,0,0,0,0,0,0,0,0,0,0,0,0,0,0,0,0,0,0,0,0,0,0,0,0,0,0,0,0,0,0,0,0,0,0,0,0,0,0,0,0,0,0,0,0,0,0,0,0,0,0,0,0,0,0,0,0,0,0,0,0,0,0,0,0,0,0,0,0,0,0,0,0,0,0,0,0,0,0,0,0,0,0,0,0,0,0,0,0,0,0,0,0,0,0,0,0,0,0,0,0,0,0,0,0,0,0,0,0,0,0,0,0,0,0,0,0,0,0,0,0,0,0,0,0,0,0,0,0,0,0,0,0,0,0,0,0,0,0,0,0
2005-04-01,46,0,0,0,0,74,0,0,0,0,0,0,0,7,0,0,0,0,0,0,0,0,0,0,0,0,0,0,0,0,0,0,0,0,0,0,0,0,67,0,0,0,0,0,0,0,0,0,0,0,0,0,0,0,0,0,0,0,0,0,0,0,0,0,0,0,0,0,0,0,0,0,0,0,0,0,0,0,0,0,0,0,0,0,0,0,0,0,0,0,0,0,0,0,0,0,0,0,0,0,0,0,0,0,0,0,0,0,0,0,0,0,0,0,0,0,0,0,0,0,0,0,0,0,0,0,0,0,0,0,0,0,0,0,0,0,0,0,0,0,0,0,0,0,0,0,0,0,0,0,0,0,0,0,0,0,0,0,0,0,0,0,0,0,0,0,0,0,0,0,0,0,0,0,0,0,0,0,0,0,0,0,0,0,0,0,0,0,0,0,0,0,100,0,0,0,0,0,0,0,0,0,0,0,0,0,0,0,0,0,0,0,0,0,0,0,0,0,0,0,0,0,0,0,0,0,0,0,0,0,0,0
2005-05-01,50,0,0,0,0,66,0,0,0,0,0,0,0,8,0,0,0,0,0,0,0,0,0,0,0,0,0,0,0,0,0,0,0,0,0,0,0,0,0,0,0,0,0,0,0,0,0,0,0,0,0,0,0,0,0,0,0,0,0,0,0,0,0,0,0,0,0,0,0,0,0,0,0,0,0,0,0,0,0,0,0,0,0,0,0,0,0,0,0,0,0,0,0,0,0,0,0,0,0,0,0,0,0,0,0,0,0,0,0,0,0,0,100,0,0,0,0,100,0,0,0,63,0,0,0,0,0,0,0,0,0,0,0,0,0,0,0,0,0,0,0,0,0,0,0,0,0,0,0,0,0,0,0,0,0,0,0,74,0,0,0,0,0,0,0,0,0,0,100,0,0,0,0,0,0,0,0,0,0,0,0,0,0,0,0,0,0,0,0,0,0,0,0,0,0,0,0,0,0,0,0,0,0,0,0,0,0,0,0,0,0,0,0,0,0,0,0,0,0,0,0,0,0,0,0,0,0,0,0,0,0,0
2005-06-01,48,0,0,0,0,55,0,0,0,0,0,0,0,5,0,0,0,0,0,0,0,0,0,0,0,0,0,0,0,0,0,0,0,0,0,0,0,0,0,0,0,0,0,0,0,0,0,0,0,0,100,0,0,0,0,0,0,0,0,0,0,0,0,0,0,0,0,0,0,0,0,0,0,0,0,0,0,0,0,0,0,0,0,0,0,0,0,0,0,0,0,0,0,0,0,0,0,0,0,0,0,0,0,0,0,0,0,0,0,0,0,0,0,0,0,0,0,0,0,0,0,0,0,0,0,0,0,0,0,0,0,0,0,0,0,0,0,0,0,0,0,0,0,0,0,0,0,0,0,0,0,0,0,0,0,0,0,50,0,0,0,0,0,0,0,0,0,0,0,0,0,0,0,0,0,0,0,0,0,0,0,0,0,0,0,0,0,0,0,0,0,0,0,0,0,0,0,0,0,0,0,0,0,0,0,0,0,0,0,0,0,0,0,0,0,0,0,0,0,0,0,0,0,0,0,0,0,0,0,0,0,0
2005-07-01,52,0,0,0,100,55,0,0,0,0,0,0,0,0,0,0,0,0,0,0,0,0,0,0,0,0,0,0,0,0,0,0,0,0,0,0,0,0,0,0,0,0,0,0,0,0,0,0,0,0,0,0,0,0,0,0,0,0,0,0,0,0,0,0,0,0,0,0,0,0,0,0,0,94,0,0,0,0,0,0,0,0,0,0,0,0,0,0,0,0,0,0,0,0,0,0,0,0,0,0,0,0,0,0,0,0,0,0,0,0,0,0,0,0,0,0,0,0,0,0,0,0,0,0,0,0,0,0,0,0,0,0,0,0,0,0,0,0,0,0,0,0,0,0,0,0,0,0,0,0,0,0,0,0,0,0,0,47,0,34,0,0,0,0,0,0,0,0,0,0,0,0,0,0,0,0,0,0,0,0,0,0,0,0,0,0,0,0,0,0,0,0,0,0,0,0,0,0,0,0,0,0,0,0,0,0,0,0,0,0,0,0,0,0,0,0,0,0,0,0,0,0,0,0,0,0,0,0,0,0,0,0
2005-08-01,48,0,82,0,0,68,0,0,0,0,0,0,0,4,0,0,0,0,0,0,0,0,0,0,0,0,0,0,0,0,0,0,0,0,0,0,0,0,0,0,0,0,0,0,0,0,0,0,0,0,0,0,0,0,0,0,0,0,0,0,0,0,0,0,0,0,0,0,0,0,0,0,0,0,0,0,0,0,0,0,0,0,0,0,0,0,0,0,0,0,0,0,0,0,0,0,0,0,0,0,0,0,0,0,0,0,0,0,0,0,0,0,0,0,0,0,0,0,0,0,0,0,0,0,0,0,0,0,0,0,0,0,0,0,0,0,0,0,0,0,0,0,0,0,0,0,0,0,0,0,0,0,0,0,0,0,0,66,0,0,0,0,0,0,0,0,0,0,0,0,0,0,0,0,0,0,0,0,0,0,0,0,0,0,0,0,0,0,0,0,0,0,0,0,0,0,0,0,0,0,0,0,0,0,0,0,0,0,0,0,0,0,0,0,0,0,0,0,0,0,0,0,0,0,0,0,0,0,0,0,0,0
2005-09-01,54,0,0,0,0,41,0,0,0,0,0,0,0,10,0,0,0,0,0,0,0,0,0,0,0,0,0,0,0,0,0,0,0,0,0,0,0,0,0,0,0,0,0,0,0,0,0,0,0,0,0,0,0,0,0,0,0,0,0,0,0,0,100,0,0,0,0,0,0,0,0,0,0,100,0,0,0,0,0,0,0,0,0,0,0,0,0,0,0,0,0,0,0,0,0,0,0,0,0,0,0,0,0,0,0,0,0,0,0,0,0,0,0,0,0,0,0,0,0,0,0,0,0,0,0,0,0,0,0,0,0,0,0,0,0,0,0,0,0,0,0,0,0,0,0,0,0,0,0,0,0,100,0,0,0,0,0,0,0,0,0,0,0,0,0,0,0,0,0,0,0,0,0,0,0,0,0,0,0,0,0,0,0,0,0,0,0,0,0,0,0,0,0,0,0,0,0,0,0,0,0,0,0,0,0,0,0,0,0,0,0,0,0,0,0,0,0,0,0,0,0,0,0,0,0,0,0,0,0,0,0,0
2005-10-01,49,0,86,0,0,45,0,0,0,0,0,0,0,5,0,0,0,0,0,0,0,0,0,0,0,0,0,0,0,0,0,0,0,0,0,0,0,0,0,0,0,0,0,0,0,0,0,0,0,0,0,0,0,0,0,0,0,0,0,0,0,0,0,0,0,0,0,0,0,0,0,0,0,0,0,0,0,0,0,0,0,0,0,0,0,0,0,0,0,0,0,0,0,0,0,0,0,0,0,0,0,0,0,0,0,0,0,0,0,0,0,0,0,0,0,0,0,0,0,0,0,48,0,0,0,0,0,0,0,0,0,0,0,0,0,0,0,0,0,0,0,0,0,100,0,0,0,0,0,0,0,0,0,0,0,0,0,0,0,39,0,100,0,0,0,0,0,0,0,0,0,0,0,0,0,0,0,0,0,0,0,0,0,0,0,0,0,0,0,0,0,0,0,0,0,0,0,0,0,0,0,0,0,0,0,0,0,0,0,0,0,0,0,0,0,0,0,0,0,0,0,0,0,0,0,0,0,0,0,0,0,0
2005-11-01,50,0,0,0,76,74,0,0,0,0,0,0,0,0,0,0,0,0,0,0,0,0,0,0,0,0,0,0,0,0,0,0,0,0,0,0,0,0,0,0,0,0,0,0,0,0,0,0,0,0,0,0,0,0,0,0,0,0,0,0,0,0,0,0,0,0,0,0,0,0,0,0,0,0,0,0,0,0,0,0,0,0,0,0,0,0,0,0,0,0,0,0,0,0,0,0,0,0,0,0,0,0,0,0,0,0,0,0,0,0,0,0,0,0,0,0,0,0,0,0,0,0,0,0,0,0,0,0,0,0,0,0,0,0,0,0,0,0,0,0,0,0,0,0,0,0,0,0,0,0,0,0,0,0,0,0,0,0,0,0,0,0,0,0,0,0,0,0,0,0,0,0,0,0,0,0,0,0,0,0,0,0,0,0,0,0,0,0,0,0,0,0,0,0,0,0,0,0,0,0,0,0,0,0,0,0,0,0,0,0,0,0,0,0,0,0,0,0,0,0,0,0,0,0,0,0,0,0,0,0,0,0
2005-12-01,46,0,0,0,0,75,0,0,0,0,0,0,0,6,0,0,0,0,0,0,0,0,0,0,0,0,0,0,0,0,0,0,0,0,0,0,0,0,0,0,0,0,0,0,0,0,0,0,0,0,0,35,0,0,0,0,0,0,0,0,0,0,0,0,0,0,0,0,0,0,0,0,0,0,0,0,0,0,0,0,0,0,0,0,0,0,0,0,0,0,0,0,0,0,0,0,0,0,0,0,0,0,0,0,0,0,0,0,0,0,0,0,0,0,0,0,0,0,0,0,0,0,0,0,0,0,0,0,0,0,0,0,0,0,0,0,0,0,0,0,0,0,0,0,0,0,0,100,0,0,0,0,0,0,0,0,0,0,0,40,0,0,0,0,0,0,0,0,0,0,0,0,0,0,0,0,0,0,0,0,0,0,0,0,0,0,0,0,0,0,0,0,0,0,0,0,0,0,0,0,0,0,0,0,0,0,0,0,0,0,0,0,0,0,0,0,0,0,0,0,0,0,0,0,0,0,0,0,0,0,0,0
2006-01-01,59,0,0,0,0,45,0,0,0,0,0,0,0,7,0,0,0,0,0,0,0,0,0,0,0,0,0,0,0,0,0,0,0,0,0,0,0,0,0,0,0,0,0,0,0,0,0,0,0,0,0,0,0,0,0,0,0,0,0,0,0,0,0,0,0,0,0,0,0,0,0,0,0,0,0,0,0,0,0,0,0,0,0,0,0,0,0,0,0,0,0,0,0,0,0,0,0,0,0,0,0,0,0,0,0,0,0,0,0,0,0,0,0,0,0,0,0,0,0,0,0,0,0,0,0,0,0,0,0,0,0,0,0,0,0,0,0,0,0,0,0,0,0,0,0,0,0,0,0,0,0,0,0,0,0,0,0,0,0,0,0,0,0,0,0,0,0,0,0,0,0,0,0,0,0,0,0,0,0,0,0,0,0,0,0,0,0,0,0,0,0,0,0,0,0,0,0,0,0,0,0,0,0,0,0,0,0,0,0,0,0,0,0,0,0,0,0,0,0,0,0,0,0,0,0,0,0,0,0,0,0,0
2006-02-01,58,0,71,0,0,63,100,0,0,0,0,0,0,4,0,0,0,0,0,0,0,0,0,0,0,0,0,0,0,0,0,0,0,0,0,0,0,0,42,0,0,0,0,0,0,0,0,0,0,0,0,0,0,0,0,0,0,0,0,0,0,0,0,0,0,0,0,0,0,0,0,0,0,0,0,0,0,0,0,0,0,0,0,0,0,0,0,0,0,0,0,0,0,0,0,0,0,0,0,0,0,0,0,0,0,0,0,0,0,0,0,0,0,0,0,0,0,0,0,0,0,0,0,0,0,0,0,0,0,0,0,0,0,0,0,0,0,0,0,0,0,0,0,0,0,0,100,0,0,0,0,0,0,0,0,0,0,44,0,57,0,0,0,0,0,0,0,0,0,0,0,0,0,0,0,0,0,0,0,0,0,0,0,0,0,0,0,0,0,0,0,0,0,0,0,0,0,0,0,0,0,0,0,0,0,0,0,0,0,0,0,0,0,0,0,0,0,0,0,0,0,0,0,0,0,0,0,0,0,0,0,0
2006-03-01,53,0,68,0,0,63,0,0,0,0,0,0,0,10,0,0,0,0,0,0,0,0,0,0,0,0,0,0,0,0,0,0,0,0,0,0,0,0,0,0,0,0,0,0,0,0,0,0,0,0,0,31,0,0,0,0,0,0,0,0,0,0,0,0,0,0,0,0,0,0,0,0,0,0,0,0,0,0,0,0,0,0,0,0,0,0,0,0,0,0,0,0,0,0,0,0,0,0,0,0,0,0,0,0,0,0,0,0,0,0,0,0,0,0,0,0,0,0,0,0,0,0,0,0,0,0,0,0,0,0,0,0,0,0,0,0,0,0,0,0,0,0,0,0,0,0,0,0,0,0,0,0,0,0,0,0,0,0,0,29,0,0,0,0,0,0,0,0,0,0,0,0,0,0,0,0,0,0,0,0,0,0,0,0,0,0,0,0,0,0,0,0,0,0,0,0,0,0,0,0,0,0,0,0,0,0,0,0,0,0,0,0,0,0,0,0,0,0,0,0,0,0,0,0,0,0,0,0,0,0,0,0
2006-04-01,50,0,0,0,0,56,0,0,0,0,0,0,0,6,0,0,0,0,0,0,0,0,0,0,0,0,0,0,0,0,0,0,0,0,0,0,0,0,0,0,0,0,0,0,0,0,0,0,0,0,0,0,0,0,0,0,0,0,0,0,0,0,0,0,0,0,0,0,0,0,0,0,0,0,0,0,0,0,0,0,0,0,0,0,0,0,0,0,0,0,0,0,0,0,0,0,0,0,0,0,0,0,0,0,0,0,0,0,0,0,0,0,0,0,0,0,0,0,0,0,0,45,0,0,0,0,0,0,0,0,0,0,0,0,0,0,0,0,0,0,0,0,0,0,0,0,0,0,0,0,0,0,0,0,0,0,0,41,0,0,0,0,0,0,0,0,0,0,0,0,0,0,0,0,0,0,0,0,0,0,0,0,0,0,0,0,0,0,0,0,0,0,0,0,0,0,0,0,0,0,0,0,0,0,0,0,0,0,0,0,0,0,0,0,0,0,0,0,0,0,0,0,0,0,0,0,0,0,0,0,0,0
2006-05-01,52,0,0,0,0,69,0,0,0,0,0,0,0,5,0,0,0,0,0,0,0,0,0,0,0,0,0,0,0,0,0,0,0,0,0,0,0,0,33,0,0,0,0,0,0,0,0,0,0,0,0,0,0,0,0,0,0,0,0,0,0,0,0,0,0,0,0,0,0,0,0,0,0,0,0,0,0,0,0,0,0,0,0,0,0,0,0,0,0,0,0,0,0,0,0,0,0,0,0,0,0,0,0,0,0,0,0,0,0,0,0,0,0,0,0,0,0,0,0,0,0,0,0,0,0,0,0,0,0,0,0,0,0,0,0,0,0,0,0,0,0,0,0,0,0,0,88,0,0,0,0,0,0,0,0,0,0,50,0,0,0,0,0,0,0,0,0,0,0,0,0,0,0,0,0,0,0,0,0,0,0,0,0,0,0,0,0,0,0,0,0,0,0,0,0,0,0,0,0,0,0,0,0,0,0,0,0,0,0,0,0,0,0,0,0,0,0,0,0,0,0,0,0,0,0,0,0,0,0,0,0,0
2006-06-01,58,0,83,0,91,54,0,0,0,0,0,0,0,6,0,0,0,0,0,0,0,0,0,0,0,0,0,0,0,0,0,0,0,0,0,0,0,0,0,0,0,0,0,0,0,0,0,0,0,0,0,0,0,0,0,0,0,0,0,0,0,0,77,0,0,0,0,0,0,0,0,0,0,0,0,0,0,0,0,0,0,0,0,0,0,0,0,0,0,0,0,0,0,0,0,0,0,0,0,0,0,0,0,0,0,0,0,0,0,0,0,0,0,0,0,0,0,0,0,0,0,0,0,100,0,0,0,0,0,0,0,0,0,0,0,0,0,0,0,0,0,0,0,0,0,0,0,0,0,0,0,0,0,0,0,0,0,35,0,28,0,0,0,0,0,0,0,100,0,0,0,0,0,0,0,0,0,0,0,0,0,0,0,0,0,0,0,0,0,0,0,0,0,0,0,0,0,0,0,0,0,0,0,0,0,0,0,0,0,0,0,0,0,0,0,0,0,0,0,0,0,0,0,0,0,0,0,0,0,0,0,0
2006-07-01,44,0,100,0,0,56,0,0,0,0,0,0,0,5,0,0,0,0,0,0,0,0,0,0,0,0,0,0,0,0,0,0,0,0,0,0,0,0,0,0,0,0,0,0,0,0,0,0,0,0,0,0,0,0,0,0,0,0,0,0,0,0,0,0,0,0,0,0,0,0,0,0,0,0,0,0,0,0,0,0,0,0,0,0,0,0,0,0,0,0,0,0,0,0,0,0,0,0,0,0,0,0,0,0,0,0,0,0,0,0,0,0,0,0,0,0,0,0,0,0,0,0,0,0,0,0,0,0,0,0,0,0,0,0,0,0,0,0,0,0,0,0,0,0,0,0,0,0,0,0,0,0,0,0,0,0,0,0,0,28,0,0,0,0,0,0,0,0,0,0,0,0,0,0,0,0,0,0,0,0,0,0,0,0,0,0,0,0,0,0,0,0,0,0,0,0,0,0,0,0,0,0,0,0,0,0,0,0,0,0,0,0,100,100,0,0,0,0,0,0,0,0,0,0,0,0,0,0,0,0,0,0
2006-08-01,53,0,72,0,59,57,0,0,0,0,0,0,0,7,0,0,0,0,0,0,0,0,0,0,0,0,0,0,0,0,0,0,0,0,0,0,0,0,29,0,0,0,0,0,0,0,0,0,0,0,0,0,0,0,0,0,0,0,100,0,0,0,0,0,0,0,0,0,0,0,0,0,0,0,0,0,0,0,0,0,0,0,0,0,0,0,0,0,0,0,0,0,0,0,0,0,0,0,0,0,0,0,0,0,0,0,0,0,0,0,0,0,0,0,0,0,0,0,0,0,0,38,0,0,0,0,0,0,0,0,0,0,0,0,0,0,0,0,0,0,0,0,0,0,0,0,0,0,0,0,0,0,0,0,0,0,0,36,0,22,0,0,0,0,0,0,0,0,0,0,0,0,0,0,0,0,0,0,0,0,0,0,0,0,0,0,0,0,0,0,0,0,0,0,0,0,0,0,0,0,0,0,0,0,0,0,0,0,0,0,0,0,0,0,0,0,0,0,0,0,0,0,0,0,0,0,0,0,0,0,0,0
2006-09-01,51,0,70,0,0,60,0,0,0,0,0,0,0,4,0,0,0,0,0,0,0,0,0,0,0,0,0,0,0,0,0,0,0,0,0,0,0,0,0,0,0,0,0,0,0,0,0,0,0,0,0,0,0,0,0,0,0,0,0,0,0,0,0,0,0,0,0,0,0,0,0,0,0,0,0,0,0,0,0,0,0,0,0,0,0,0,0,0,0,0,0,0,0,0,0,0,0,0,0,0,0,0,0,0,0,0,0,0,0,0,0,0,0,0,0,0,0,0,0,0,0,0,0,0,0,0,0,0,0,0,0,0,0,0,0,0,0,0,0,0,0,0,0,0,0,0,0,0,0,0,0,0,0,0,0,0,0,34,0,33,0,0,0,0,0,0,0,0,0,0,0,0,0,0,0,0,0,0,0,0,0,0,0,0,0,0,0,0,0,0,0,0,0,51,0,0,0,0,0,0,0,0,0,0,0,0,0,0,0,0,0,0,0,0,0,0,0,0,0,0,0,0,0,0,0,0,0,0,0,0,0,0
2006-10-01,42,0,0,0,60,56,0,0,0,0,0,0,0,9,0,0,0,0,0,0,0,0,0,0,0,0,0,0,0,0,0,0,0,0,0,0,0,0,29,0,0,0,0,0,0,0,0,0,0,0,0,0,0,0,0,0,0,0,0,0,0,0,0,0,0,0,0,0,0,0,0,0,0,0,0,0,0,0,0,0,0,0,0,0,0,0,0,0,0,0,0,0,0,0,0,0,0,0,0,0,0,0,0,0,0,0,0,0,0,0,0,0,0,0,0,0,0,0,0,0,0,41,0,0,0,0,0,0,0,0,0,0,0,0,0,0,0,0,0,0,0,0,0,0,0,0,0,0,0,0,0,0,0,0,0,0,0,0,0,25,0,0,0,0,0,0,0,0,0,0,0,0,0,0,0,0,0,0,0,0,0,0,0,0,0,0,0,0,0,0,0,0,0,0,0,0,0,0,0,0,0,0,0,0,0,0,0,0,0,0,0,0,0,0,0,0,0,0,0,0,0,0,0,0,0,0,0,0,0,0,0,0
2006-11-01,54,41,54,0,0,54,0,0,0,0,0,0,0,7,0,0,0,0,0,0,0,0,0,0,0,0,0,0,0,0,0,0,0,0,0,0,0,0,0,0,0,0,0,0,0,0,0,0,0,0,0,0,0,0,0,0,0,0,0,0,0,0,0,0,0,0,0,0,0,0,0,0,0,0,0,0,0,0,0,0,0,0,0,0,0,0,0,0,0,0,0,0,0,0,0,0,0,0,0,0,0,0,0,0,0,0,0,0,0,0,0,0,0,0,0,0,0,0,0,0,0,0,0,0,0,0,0,0,0,0,0,0,0,0,0,0,0,0,0,0,0,0,0,0,0,0,0,0,0,0,0,0,0,0,0,0,0,0,0,0,0,0,0,0,0,0,0,0,0,0,0,0,0,0,0,0,0,0,0,0,0,0,0,0,0,0,0,0,0,0,0,0,0,0,0,0,0,0,0,0,0,0,0,0,0,0,0,0,0,0,0,0,0,0,0,100,0,0,0,0,0,0,0,0,0,0,0,0,0,0,0,0
2006-12-01,53,51,61,0,0,55,0,0,0,0,0,0,0,4,0,0,0,0,0,0,0,0,0,0,0,0,0,0,0,100,0,0,0,0,0,0,0,0,0,0,0,0,0,0,0,0,0,0,0,0,0,32,0,0,0,0,0,0,0,0,0,0,0,0,0,0,0,0,0,0,0,0,0,0,0,0,0,0,0,0,0,0,0,0,0,0,0,0,0,0,0,0,0,0,0,0,0,0,0,0,0,0,0,0,0,0,0,0,0,0,0,0,0,0,0,0,0,0,0,0,0,0,0,0,0,0,0,0,0,0,0,0,0,0,0,0,0,0,0,0,0,0,0,0,0,0,0,0,0,0,0,0,0,0,0,0,0,0,0,35,0,0,0,0,0,0,0,0,0,0,0,0,0,0,0,0,0,0,0,0,0,0,0,0,0,0,0,0,0,0,0,0,0,0,0,0,0,0,0,0,0,0,0,0,0,0,0,0,0,100,0,0,0,0,0,0,0,0,0,0,0,0,0,0,0,0,0,0,0,0,0,0
2007-01-01,50,45,0,0,54,68,0,0,0,0,0,0,0,7,0,0,0,0,0,0,0,0,0,0,0,0,0,0,0,0,0,0,0,0,0,0,0,0,0,0,0,0,100,0,0,0,0,0,0,0,0,0,0,0,0,0,0,0,0,0,0,0,0,0,0,0,0,0,0,0,0,0,0,0,0,0,0,0,0,0,0,0,0,0,0,0,0,0,0,0,0,0,0,0,0,0,0,0,0,0,0,0,0,0,0,0,0,0,0,0,0,0,0,0,0,0,0,0,0,0,0,30,0,0,0,0,0,0,0,0,0,0,0,0,0,0,0,0,0,0,0,0,0,0,0,0,0,0,0,0,0,0,0,0,0,0,0,0,0,20,0,0,0,0,0,0,0,0,0,0,0,0,0,0,0,0,0,0,0,0,0,0,0,0,0,0,0,0,0,0,0,0,0,0,0,0,0,0,0,0,0,0,0,0,0,0,0,0,0,0,0,0,0,0,0,0,0,0,0,0,0,0,0,0,0,0,0,0,0,0,0,0
2007-02-01,61,38,50,0,53,67,0,0,0,0,0,0,0,10,0,0,0,0,0,0,0,0,0,0,0,0,0,0,0,0,0,0,0,0,0,0,0,0,0,0,0,0,0,0,0,0,0,0,0,0,0,28,0,0,0,0,0,0,0,0,0,0,0,0,0,0,78,0,0,0,0,0,0,0,0,0,0,0,0,0,0,0,0,0,0,0,0,0,0,0,0,0,0,0,0,0,0,0,0,0,0,0,0,0,0,0,0,0,0,0,99,0,0,0,0,0,0,0,0,0,0,32,0,0,0,0,0,0,0,0,0,0,0,0,0,0,0,0,0,0,0,0,0,0,0,0,0,0,0,0,0,0,0,0,0,0,0,26,0,23,0,0,0,0,0,0,0,0,0,0,0,0,0,0,0,0,0,0,0,0,0,0,0,0,0,0,0,0,0,0,0,0,0,0,0,0,0,0,0,0,0,0,0,0,0,0,0,0,0,0,0,0,0,0,0,0,0,0,0,0,0,0,0,0,0,0,0,0,0,0,0,0
2007-03-01,59,45,74,0,0,60,0,0,0,0,0,0,0,8,0,0,0,0,0,0,0,0,0,0,0,0,0,0,0,0,0,0,0,0,0,0,0,0,0,0,0,0,0,0,0,0,0,0,0,0,0,29,0,0,0,0,0,0,0,0,0,0,0,0,0,0,0,0,0,0,0,0,0,0,0,0,0,0,0,0,0,0,0,0,0,0,0,0,0,0,0,0,0,0,0,0,0,0,0,0,0,0,0,0,0,0,0,0,0,0,0,0,0,0,0,0,0,0,0,0,0,0,0,0,0,0,0,0,0,0,0,0,0,0,0,0,0,0,0,0,0,0,0,0,0,0,0,0,0,0,0,0,0,0,0,0,0,0,0,23,0,0,0,0,0,0,0,0,55,0,0,0,0,100,0,0,0,0,0,0,0,0,0,0,0,0,0,0,0,0,0,0,0,0,0,0,0,0,0,0,0,0,0,0,0,0,0,0,0,0,0,0,0,0,0,0,0,0,0,0,0,0,0,0,0,0,0,0,0,0,0,0
2007-04-01,55,0,55,0,0,53,0,0,0,0,0,0,0,9,0,0,0,0,0,0,0,0,0,0,0,0,0,0,0,0,0,0,0,0,0,0,0,0,0,0,0,0,0,0,0,0,0,0,0,0,0,26,0,0,0,0,0,0,0,0,0,0,0,0,0,0,100,0,0,0,0,0,0,0,0,0,0,0,0,0,0,0,0,0,0,0,0,0,0,0,0,0,0,0,0,0,0,0,0,0,0,0,0,0,0,0,0,0,0,0,0,0,0,0,0,0,0,0,0,0,0,0,0,0,0,0,0,0,0,0,0,0,0,0,0,0,0,0,0,0,0,0,0,0,0,0,0,0,0,0,0,0,0,0,0,0,0,0,0,20,0,0,0,0,0,0,0,0,36,0,0,0,0,0,0,0,0,0,0,0,0,0,0,0,0,0,0,0,0,0,0,0,0,0,0,0,0,0,0,0,0,0,0,0,0,0,0,0,0,0,0,0,0,0,0,0,0,0,0,0,0,0,0,0,0,0,0,0,0,0,0,0
2007-05-01,55,0,0,0,0,48,0,0,0,0,0,0,0,7,0,0,0,0,0,0,0,0,0,0,0,0,0,0,0,0,0,0,0,0,0,0,0,0,0,0,0,0,0,0,0,0,0,0,0,0,0,16,0,0,0,0,0,0,0,0,0,0,0,0,0,0,0,0,0,0,0,0,0,0,0,0,0,0,0,0,0,0,0,0,0,0,0,0,0,0,0,0,0,0,0,0,0,0,0,0,0,0,0,0,0,0,0,0,0,0,0,0,0,0,0,0,0,0,100,0,0,30,0,0,0,0,0,0,0,0,0,0,0,0,0,0,0,0,0,0,0,0,0,0,0,0,0,0,0,0,0,0,0,0,0,0,0,0,0,35,95,0,0,0,0,0,0,0,0,0,0,0,2,0,0,0,0,0,0,0,0,0,0,0,0,0,0,0,0,0,0,0,0,0,0,0,0,0,0,0,0,0,0,0,0,0,0,0,0,0,0,0,0,0,0,0,0,0,0,0,0,0,0,0,0,0,0,0,0,0,0,0
2007-06-01,59,54,0,0,0,46,0,0,0,0,0,0,0,8,0,0,0,0,0,0,0,0,0,0,0,0,0,0,0,0,0,0,0,0,0,0,0,0,0,0,0,0,0,0,0,0,0,0,0,0,0,20,0,0,0,0,0,0,0,0,0,0,0,0,0,0,0,0,0,0,0,0,0,0,0,0,0,0,0,0,0,0,0,0,0,0,0,0,0,0,0,0,0,0,0,0,0,0,0,0,0,0,0,0,0,0,0,0,0,0,0,0,0,0,0,0,0,0,0,0,0,0,0,0,0,0,0,0,0,0,0,0,0,0,0,0,0,0,0,73,0,0,0,0,0,0,0,0,0,0,0,0,100,0,0,0,0,0,0,29,0,0,0,0,0,0,0,0,29,0,0,0,6,0,0,0,0,0,0,0,0,0,0,0,0,0,0,0,0,0,0,0,0,0,0,0,0,0,0,0,0,0,0,0,0,0,0,0,0,0,0,0,0,0,0,0,0,0,0,0,0,0,0,0,0,0,0,0,0,0,0,0
2007-07-01,58,40,57,0,0,65,0,0,0,0,0,0,0,5,0,0,0,0,0,0,0,0,0,0,0,0,0,0,0,0,0,0,0,0,0,0,0,0,17,0,0,0,0,0,0,0,0,0,0,0,0,20,0,0,0,0,0,0,0,0,0,0,0,0,0,0,0,0,0,0,0,0,0,0,0,0,0,0,0,0,0,0,0,0,0,0,0,0,0,0,0,0,0,0,0,0,0,0,0,0,0,0,0,0,0,0,0,0,0,0,0,0,0,0,0,0,0,0,0,0,0,30,0,0,0,0,0,0,0,0,0,0,0,0,0,0,0,0,0,75,0,0,0,0,0,0,0,0,0,0,0,0,0,0,0,0,0,47,0,30,0,0,0,0,0,0,0,0,35,0,0,0,0,0,0,0,0,0,0,0,0,0,0,0,0,0,0,0,0,0,0,0,0,0,0,0,0,0,0,0,0,0,0,0,0,0,0,0,0,0,0,0,0,0,0,0,0,0,0,0,0,0,0,0,0,0,0,0,0,0,0,0
2007-08-01,57,44,54,0,46,59,0,0,0,0,0,0,0,7,0,0,0,0,0,0,0,0,0,0,0,0,0,0,0,0,0,0,0,0,0,0,0,0,0,0,0,0,0,0,0,0,0,0,0,0,0,20,0,0,0,0,0,0,0,0,0,0,0,0,0,0,0,0,0,0,0,0,0,0,0,0,0,0,0,0,0,0,0,0,0,0,0,0,0,0,0,0,36,0,0,0,0,0,0,0,0,0,0,0,0,0,0,0,0,0,0,0,0,0,0,0,0,0,0,0,0,25,0,0,0,100,0,0,0,0,0,0,0,0,0,0,0,0,0,0,0,0,0,0,0,0,0,0,0,0,0,0,0,0,0,0,0,28,100,18,0,0,0,0,0,0,0,0,40,0,0,0,0,0,0,0,0,0,0,0,0,0,0,0,0,0,0,0,0,0,0,0,0,0,0,0,0,0,0,0,0,0,0,0,0,0,100,0,0,0,0,0,0,0,0,0,0,0,0,0,0,0,0,0,0,0,0,0,0,0,0,0
2007-09-01,59,40,53,0,0,46,0,0,0,0,0,0,0,6,0,0,0,0,0,0,0,0,0,0,0,0,0,0,0,0,0,0,0,0,0,0,0,0,20,0,0,0,0,0,0,0,0,0,0,0,0,24,0,0,0,0,0,0,0,0,0,0,0,0,0,0,0,0,0,0,0,0,0,0,0,0,0,0,0,0,0,0,0,0,0,0,0,0,0,0,0,0,51,0,0,0,0,0,0,0,0,0,0,0,0,0,0,0,0,0,0,0,0,0,0,0,0,0,0,0,0,0,0,0,0,0,0,0,0,0,0,0,0,0,0,0,0,0,0,64,0,0,0,0,0,0,0,0,0,0,0,0,0,0,0,0,0,24,0,20,0,0,0,0,0,0,0,0,32,100,0,0,0,0,0,0,0,0,0,0,0,0,0,0,0,0,0,0,0,0,0,0,0,0,0,0,0,0,0,0,0,0,0,0,0,0,0,0,0,0,0,0,0,0,0,0,0,0,0,0,0,0,0,0,0,0,0,0,0,0,0,0
2007-10-01,62,55,74,0,0,51,0,0,0,0,0,0,0,6,0,0,0,0,0,0,0,0,0,0,0,0,0,0,0,0,0,0,0,0,100,0,0,0,18,0,0,0,0,0,0,0,0,0,0,0,0,26,0,0,0,0,0,0,0,0,0,0,0,0,0,0,68,0,0,0,0,0,0,0,0,0,0,0,0,0,0,0,0,0,0,0,0,0,0,0,0,0,0,0,0,0,0,0,0,0,0,0,0,0,0,0,0,0,0,0,0,0,0,0,0,0,0,0,0,0,0,21,0,0,0,0,0,0,0,0,0,0,0,0,0,0,0,0,0,0,0,0,0,0,0,0,0,0,0,0,0,0,0,0,0,0,0,0,0,20,0,0,0,0,0,0,0,0,34,0,0,0,0,0,0,0,0,0,0,0,0,0,0,0,0,0,0,0,0,0,0,0,0,0,0,0,0,0,0,0,0,0,0,0,0,0,0,0,0,0,0,0,0,0,0,0,0,0,0,0,0,0,0,0,0,0,0,0,0,0,0,0
2007-11-01,60,50,67,0,0,46,0,0,0,0,0,0,0,7,0,0,0,0,0,0,0,0,0,0,0,0,0,0,0,0,0,0,0,0,0,0,0,0,37,0,0,0,0,0,0,0,0,0,0,0,0,16,0,0,0,0,0,42,0,0,0,0,0,0,0,0,0,0,0,0,0,0,0,0,0,0,0,0,0,0,0,0,0,0,0,0,0,0,0,0,0,0,0,0,0,0,0,0,0,0,0,0,0,0,0,0,0,0,0,0,0,0,0,0,0,0,0,0,0,0,0,28,0,0,0,0,0,0,0,0,0,0,0,0,0,66,0,0,0,0,0,0,0,0,0,0,0,0,0,0,0,0,0,0,0,0,0,25,0,20,0,0,0,0,0,0,0,0,58,0,0,0,0,0,0,0,0,0,0,0,0,0,0,0,0,0,0,0,0,0,0,0,0,0,0,0,0,0,0,0,0,0,0,0,0,0,0,0,0,0,0,0,0,0,0,0,0,0,0,0,0,0,0,0,0,0,0,0,0,0,0,0
2007-12-01,78,50,73,0,0,53,0,0,0,0,0,0,0,7,0,0,0,0,0,0,0,0,0,0,0,0,0,0,0,0,0,0,0,0,0,0,0,0,0,0,0,0,0,0,0,0,0,0,0,0,0,32,0,0,0,0,0,0,0,0,0,0,0,0,0,0,0,0,0,0,0,0,0,0,0,0,0,0,0,0,0,0,0,0,0,0,0,0,0,0,0,0,48,0,0,0,0,0,0,0,0,0,0,0,0,0,0,0,0,0,0,0,0,0,0,0,0,0,0,0,0,0,0,0,0,0,0,0,0,0,0,0,0,0,0,0,0,0,0,0,0,0,0,0,0,0,0,0,0,0,0,0,0,0,0,0,0,25,0,16,0,0,0,0,0,0,0,0,0,0,0,0,0,0,0,0,0,0,0,0,0,0,0,0,0,0,0,0,0,0,0,0,0,0,0,0,0,0,0,0,0,0,0,0,0,0,0,0,0,0,0,0,0,0,0,0,0,0,0,0,0,0,0,0,0,0,0,0,0,0,0,0
2008-01-01,67,40,68,0,0,54,0,0,0,0,0,0,0,8,0,0,0,0,0,0,0,0,0,0,0,0,0,0,0,0,0,0,0,0,0,0,0,0,0,0,0,0,0,0,0,0,0,0,0,0,0,26,0,0,0,0,0,0,0,0,0,0,41,0,0,0,0,0,0,0,0,0,0,0,0,0,0,0,0,0,0,0,0,0,0,0,0,0,0,0,0,0,0,0,0,0,0,0,0,0,0,0,0,0,0,0,0,0,0,0,0,0,0,0,0,0,0,0,0,0,0,20,0,0,0,0,0,0,0,0,0,0,0,0,0,0,0,0,0,0,0,0,0,0,0,0,0,0,0,0,0,0,0,0,0,0,0,30,0,20,0,0,0,0,0,0,0,0,30,0,0,0,1,0,0,0,0,0,0,0,0,0,0,0,0,0,0,0,0,0,0,0,0,0,0,0,0,0,0,0,0,0,0,0,0,0,0,0,0,0,0,0,0,0,0,0,0,0,0,0,0,0,0,0,0,0,0,0,0,0,100,0
2008-02-01,74,39,60,0,0,49,0,0,0,0,0,0,0,10,0,0,0,0,0,0,0,0,0,0,0,0,0,0,0,0,0,0,0,0,0,0,0,0,20,0,0,0,0,0,0,0,0,0,0,0,0,26,0,0,0,0,0,0,0,0,0,0,0,0,0,0,0,0,0,0,0,0,0,0,0,0,0,0,0,0,0,0,0,0,0,0,0,0,0,0,0,0,34,0,0,0,0,0,0,0,0,0,0,0,0,0,0,0,0,0,0,0,0,0,0,0,0,0,0,0,0,24,0,0,0,0,0,0,0,0,0,0,0,0,0,77,0,0,0,88,0,0,0,0,0,0,0,0,0,0,0,0,0,0,0,0,0,0,0,20,0,0,0,0,0,0,0,0,0,73,0,0,1,0,0,0,0,0,0,0,0,0,0,0,0,0,0,0,0,0,0,0,0,0,0,0,0,0,0,0,0,0,0,0,0,0,0,0,0,0,0,0,0,0,0,0,0,0,0,0,0,0,0,0,0,0,0,0,0,0,0,0
2008-03-01,72,41,44,0,40,57,0,0,0,0,0,0,0,12,0,0,0,0,0,0,0,0,0,0,0,0,0,0,0,0,0,0,0,0,0,0,0,0,21,0,0,0,0,0,0,0,0,0,0,0,0,28,0,0,0,0,0,0,0,0,0,0,0,0,0,0,0,0,0,0,0,0,0,0,0,0,0,0,0,0,0,0,0,0,0,0,0,0,0,0,0,0,87,0,0,0,0,0,0,0,0,0,0,0,40,0,0,0,0,0,100,0,0,0,0,0,0,0,0,0,0,26,0,0,0,0,0,100,0,0,0,0,0,0,0,62,0,0,0,91,0,0,0,0,0,0,0,0,0,0,0,0,0,0,0,0,0,27,0,17,0,0,0,0,0,0,0,0,39,0,0,0,1,0,0,0,0,0,0,0,0,0,0,0,0,0,0,0,0,0,0,0,0,0,0,0,0,0,0,0,0,0,0,0,0,0,0,0,0,0,0,0,0,0,0,0,0,0,0,0,0,55,0,0,0,0,0,0,0,0,0,0
2008-04-01,69,49,88,0,0,56,0,0,0,0,0,0,0,19,0,0,0,0,0,0,0,0,0,0,0,0,0,0,0,0,0,0,0,0,0,0,0,0,29,0,0,0,0,0,0,0,0,0,0,0,0,23,0,0,0,0,0,0,0,0,0,0,0,0,0,0,0,0,0,0,0,0,0,0,0,0,25,0,0,0,0,0,0,0,0,0,0,0,0,0,0,0,57,0,0,0,0,0,0,0,0,0,0,29,49,12,0,0,0,0,0,0,0,0,0,0,0,0,0,0,0,26,0,0,0,0,0,0,0,0,0,0,0,0,0,0,0,0,0,61,0,0,0,0,0,0,0,0,0,0,0,0,0,0,0,0,0,32,0,19,0,0,0,0,0,0,0,0,35,0,0,0,2,0,0,0,0,0,0,0,0,0,0,0,0,0,0,0,0,0,0,0,0,0,0,0,0,0,0,0,0,0,0,0,0,0,0,0,0,0,0,0,0,0,0,0,0,0,0,0,0,40,0,0,0,0,0,0,0,0,0,0
2008-05-01,75,60,54,0,0,59,0,0,0,0,0,0,0,21,0,0,0,0,0,0,0,0,0,0,0,0,0,0,0,0,0,0,0,0,0,0,0,0,22,0,0,0,0,0,0,0,0,0,0,0,0,29,0,0,0,0,0,100,0,0,0,0,0,0,0,0,0,0,0,0,0,0,0,0,0,0,0,0,0,0,0,0,0,0,0,0,0,0,0,0,0,0,54,0,0,0,0,0,0,0,0,0,0,0,69,6,0,0,0,0,0,0,0,0,0,0,0,0,0,0,0,24,0,0,0,0,0,0,0,0,0,0,0,0,0,87,0,0,0,80,0,0,0,0,0,0,0,0,0,0,0,0,0,0,0,0,0,30,0,14,0,0,0,0,0,0,0,0,27,0,0,0,0,0,0,0,0,0,0,0,0,0,0,0,0,0,0,0,0,0,80,0,0,0,0,0,0,0,0,0,0,0,0,0,0,0,0,0,0,0,0,0,0,0,0,0,0,0,0,0,0,0,0,0,0,0,0,0,0,0,0,0
2008-06-01,68,31,54,0,27,60,0,0,0,0,0,0,0,11,0,0,0,0,0,0,0,0,0,0,0,0,0,0,0,0,0,0,0,0,0,0,0,0,24,0,0,0,0,0,0,0,0,0,0,0,0,24,0,0,0,0,0,0,0,0,0,0,0,0,0,0,0,0,0,0,0,0,0,0,0,0,0,0,0,0,0,0,0,0,0,0,0,0,0,0,0,0,95,0,0,0,0,0,0,0,0,0,0,0,0,0,0,0,0,0,0,0,0,0,0,0,0,0,0,0,0,25,0,0,0,0,0,0,0,0,0,0,0,0,0,0,0,0,0,88,0,0,0,0,0,0,0,0,0,0,0,0,0,0,0,0,0,31,0,19,0,0,0,0,0,0,0,0,47,0,0,0,1,0,0,0,0,0,0,0,0,0,0,0,0,0,0,0,0,0,0,0,0,0,0,0,0,0,0,0,0,0,0,0,0,0,0,0,0,0,0,0,0,0,0,0,0,0,0,0,0,0,0,0,0,0,0,0,0,0,0,0
2008-07-01,74,52,52,0,37,50,0,0,0,0,0,0,0,27,0,0,0,43,0,0,100,0,0,0,0,0,0,0,0,0,0,0,0,0,0,0,0,0,19,0,0,0,0,0,0,0,0,0,0,0,0,26,0,0,0,0,0,40,0,0,0,0,28,0,0,0,0,0,0,0,0,0,0,0,0,0,0,0,0,0,0,0,0,0,0,0,0,0,0,0,0,0,71,0,0,0,0,0,0,0,0,36,0,0,0,5,11,0,0,0,0,0,0,0,0,0,0,0,0,0,0,22,0,0,0,0,0,0,0,0,0,0,60,0,0,0,0,0,0,74,0,0,0,0,0,0,0,0,0,0,0,0,0,0,0,0,0,52,0,16,92,0,0,0,0,0,0,0,45,0,0,0,1,0,0,0,0,0,0,0,0,0,0,0,0,0,0,0,0,0,0,0,0,0,0,0,0,0,0,0,0,0,0,0,0,0,0,0,0,0,0,0,0,0,0,0,0,0,0,0,0,0,0,0,0,0,0,0,0,0,0,0
2008-08-01,71,32,74,0,48,48,0,0,0,0,0,0,0,22,0,0,0,44,0,0,0,0,0,0,0,0,0,0,0,0,0,0,0,0,0,0,0,0,17,0,0,0,0,0,0,0,0,0,0,0,0,29,0,0,0,0,0,46,0,0,0,0,0,0,0,0,0,0,0,0,0,0,0,0,0,0,0,0,0,0,0,0,0,0,0,0,0,0,0,0,0,0,65,0,0,0,0,0,0,0,0,17,23,0,0,0,7,0,0,16,0,0,0,0,0,0,0,0,0,0,0,0,0,0,0,0,0,0,0,0,0,0,0,0,0,0,0,0,0,74,0,0,0,0,0,0,0,0,0,0,0,0,0,0,0,0,0,42,0,14,0,0,0,0,0,0,0,0,46,0,0,0,0,0,0,100,0,0,0,0,0,0,0,0,0,0,0,0,0,0,0,0,0,0,0,0,0,0,0,0,0,0,0,0,0,0,0,0,0,0,0,0,0,0,0,0,0,0,0,0,0,0,0,0,0,0,0,0,0,0,0,0
2008-09-01,71,52,47,0,44,44,0,0,0,0,0,0,0,13,0,0,0,0,0,0,0,0,0,0,0,0,0,0,0,0,0,0,0,0,0,0,0,0,25,0,0,0,0,0,0,0,0,0,0,0,0,22,0,0,0,0,0,0,0,0,0,0,0,0,0,0,0,0,0,0,0,0,0,0,0,0,0,0,0,0,0,0,0,0,0,0,0,0,0,0,0,0,33,0,0,0,0,0,0,0,0,0,21,0,0,0,0,0,0,0,0,0,0,0,0,0,0,0,0,0,0,27,0,0,0,0,0,0,0,0,0,0,54,0,0,0,0,0,0,55,0,0,0,0,0,0,0,0,0,0,0,0,0,0,0,0,0,31,81,16,0,0,0,0,0,0,0,0,33,0,0,0,1,0,0,0,0,0,0,0,0,0,0,0,0,0,0,0,0,0,0,0,0,0,0,0,0,0,0,0,0,0,0,0,0,0,0,0,0,0,0,0,0,0,0,0,0,0,0,0,0,0,0,0,0,0,0,0,0,0,0,0
2008-10-01,77,45,48,0,38,41,0,30,0,0,0,0,0,11,0,0,0,44,0,0,0,0,0,0,0,0,0,0,0,0,0,0,0,0,0,0,0,0,21,0,0,0,0,0,0,0,0,0,0,0,0,25,0,0,0,0,0,33,52,0,0,0,0,0,0,0,0,0,0,0,0,0,0,0,0,0,0,0,0,0,0,0,0,0,0,0,0,0,0,0,0,0,84,0,0,0,0,0,0,0,0,0,0,0,0,0,0,0,0,0,0,0,0,0,0,0,0,0,0,0,0,0,0,0,0,0,0,0,0,0,0,0,0,0,0,0,0,0,0,45,0,0,0,0,0,0,0,0,0,0,0,0,0,0,0,0,0,23,95,14,0,0,0,0,0,0,0,0,0,0,0,0,0,0,0,0,0,0,0,0,0,0,0,0,0,0,0,0,0,0,0,0,0,0,0,0,0,0,0,0,0,0,0,0,0,0,0,0,0,0,0,0,0,43,90,0,0,0,0,0,0,0,0,0,0,0,0,0,0,0,0,0
2008-11-01,69,42,45,0,35,37,0,23,0,0,0,0,0,9,0,0,0,58,0,0,0,0,0,0,0,0,0,0,0,0,0,0,0,0,0,0,0,0,15,0,0,0,0,0,0,0,0,0,0,0,0,23,0,0,0,0,0,0,0,0,0,0,0,0,0,0,0,0,0,0,0,0,0,0,0,0,0,0,0,0,0,0,0,0,0,0,0,0,0,0,0,0,75,0,0,0,0,0,0,0,0,0,0,0,0,0,0,0,0,0,0,0,0,0,0,0,0,0,0,0,0,27,0,0,0,0,0,0,0,0,0,0,0,0,0,0,0,0,0,0,0,0,0,0,0,0,33,0,0,0,0,0,0,0,0,0,0,22,0,10,0,0,0,0,0,0,0,0,19,0,0,0,0,0,0,0,0,0,0,0,0,0,0,0,0,0,0,0,0,0,0,0,0,0,0,0,0,0,0,0,0,0,0,0,0,0,0,0,0,0,0,0,0,42,76,0,0,0,0,0,0,0,0,0,0,0,0,0,0,0,0,0
2008-12-01,73,45,0,0,0,36,0,26,0,0,0,0,0,11,0,0,0,0,0,0,0,0,0,0,0,0,0,0,0,0,0,0,0,0,0,0,0,0,15,0,0,0,0,0,0,0,0,0,0,0,0,23,0,0,0,0,0,0,0,0,0,0,0,0,0,0,44,0,0,0,0,0,0,0,0,0,0,0,0,0,0,0,0,0,0,0,0,0,0,0,0,0,42,0,0,0,0,0,0,0,0,0,0,0,0,0,0,0,0,0,0,0,0,0,0,0,0,0,0,0,0,19,0,0,0,0,0,0,0,0,0,0,0,0,0,68,0,0,0,53,0,0,0,0,0,0,0,0,0,0,0,0,0,0,0,0,0,31,0,10,0,0,0,0,0,0,0,0,38,0,0,0,0,0,0,0,0,0,0,0,0,0,0,0,0,0,0,0,0,0,0,0,0,0,0,0,0,0,0,0,0,0,0,0,0,0,0,0,0,0,0,0,0,0,46,0,0,0,0,0,0,0,0,0,100,0,0,0,0,0,0,0
2009-01-01,89,71,72,0,47,43,0,39,0,0,0,0,0,17,0,0,0,44,0,0,0,0,0,0,0,0,0,0,0,0,0,0,0,0,0,0,0,0,24,0,0,0,0,0,0,0,0,0,0,0,0,30,0,0,0,0,0,70,68,0,0,0,0,0,0,0,38,0,0,0,0,0,0,0,0,0,0,0,0,0,0,0,0,0,0,0,0,0,0,0,0,0,88,0,0,0,0,0,0,0,0,0,37,0,0,0,0,0,0,0,0,0,0,0,0,0,0,0,0,0,0,20,0,0,0,0,0,0,0,0,0,0,0,0,0,50,0,0,0,48,0,0,0,0,0,0,0,0,0,0,0,0,0,0,0,0,0,32,0,14,0,0,0,0,0,0,0,0,0,0,0,0,0,0,0,0,0,0,0,0,0,0,0,0,0,0,0,0,0,0,0,0,0,0,0,0,0,0,0,0,0,0,0,0,0,0,0,0,0,0,0,0,0,67,57,0,0,0,0,0,62,0,0,0,0,0,0,0,0,0,0,0
2009-02-01,77,40,40,0,0,42,0,0,0,0,0,0,0,18,0,0,0,0,0,0,0,0,0,0,0,0,0,0,0,0,0,0,0,0,0,0,0,0,16,0,100,0,0,0,0,0,0,0,0,0,0,19,0,0,0,0,0,43,0,0,0,0,0,0,0,0,0,0,0,0,0,0,0,0,0,0,0,0,0,0,0,0,0,0,0,0,0,0,0,0,0,0,87,0,0,0,0,0,0,0,0,0,50,0,0,0,0,0,0,0,50,0,0,0,0,0,0,0,0,0,0,27,0,0,0,0,0,0,0,0,0,0,52,0,0,0,0,0,0,75,0,0,0,0,0,0,0,0,0,0,0,0,0,0,0,0,0,27,0,14,0,0,0,0,0,0,0,0,38,0,0,0,0,0,100,0,0,0,0,0,0,0,0,0,0,0,0,0,0,0,0,0,0,0,0,0,0,0,0,0,0,0,0,0,0,0,0,0,0,0,0,0,0,87,81,0,0,0,0,0,0,43,0,0,0,0,0,0,0,0,0,0
2009-03-01,82,70,41,0,29,47,0,31,0,0,0,0,0,16,0,0,0,45,0,0,0,0,0,0,0,0,0,0,0,0,0,0,0,0,0,0,0,0,19,0,0,0,0,0,0,0,0,0,0,0,0,26,0,0,0,0,0,0,45,0,0,0,22,0,0,0,48,0,0,0,0,0,0,0,0,0,0,0,0,0,0,0,0,0,0,0,0,0,0,0,0,0,100,0,0,0,0,0,0,0,0,0,16,0,0,0,0,0,0,0,0,0,0,0,0,0,0,0,0,0,0,17,0,0,0,0,0,0,0,0,0,0,0,0,0,57,0,0,0,80,0,0,0,0,0,0,0,0,0,0,0,0,0,0,0,0,0,25,0,0,0,0,0,0,0,0,0,0,48,0,0,0,0,0,0,0,0,0,0,0,0,0,0,0,0,0,0,0,0,0,0,0,0,0,0,0,0,0,0,0,0,0,0,0,0,0,0,0,0,0,0,0,0,91,94,0,0,0,0,0,45,40,0,0,0,0,0,0,0,0,0,0
2009-04-01,89,55,46,0,0,42,0,50,0,0,0,0,0,29,0,0,0,50,0,0,0,0,0,0,0,0,0,0,0,0,0,0,0,0,0,0,0,0,28,0,0,0,0,0,0,0,0,0,0,0,0,25,0,0,0,0,0,46,42,0,0,0,0,0,0,0,0,0,0,0,0,0,0,0,0,0,0,0,0,0,0,0,0,0,0,0,0,0,0,0,0,0,95,0,0,0,0,0,0,0,0,31,0,56,62,0,0,0,0,0,0,0,0,0,0,0,0,0,0,0,0,17,0,0,0,0,0,0,0,0,0,0,0,0,82,66,0,0,0,63,0,0,0,0,0,0,0,0,0,0,0,0,0,0,0,0,0,27,0,13,0,0,0,0,0,0,0,0,43,0,0,0,1,0,0,0,0,0,0,0,0,0,0,0,0,0,0,0,0,0,0,0,0,0,0,0,0,0,0,0,0,0,0,0,0,0,0,0,0,0,0,0,0,98,100,0,0,0,0,0,67,40,0,0,0,0,0,0,0,0,0,0
2009-05-01,81,58,57,0,25,41,0,31,0,0,0,0,0,24,0,0,0,100,0,0,0,0,0,0,0,0,0,0,0,0,0,0,0,0,0,0,0,0,22,0,0,0,0,0,0,0,0,0,0,0,0,25,0,0,0,0,0,28,0,0,0,0,23,0,0,0,0,0,0,0,0,0,0,0,0,0,0,0,0,0,0,0,0,0,0,0,0,0,0,0,0,0,98,0,0,0,0,0,0,0,0,16,11,22,34,0,0,0,0,0,46,0,0,0,0,0,0,0,0,0,0,23,0,0,0,0,0,0,0,0,0,0,0,0,0,74,0,0,0,100,0,0,0,0,0,0,0,0,0,0,0,0,0,0,0,0,0,33,0,17,0,0,0,0,0,0,0,0,32,0,0,0,2,0,0,0,0,0,0,0,0,0,0,0,0,0,0,0,0,0,0,0,0,0,0,0,0,0,0,0,0,0,0,0,0,0,0,0,0,0,0,0,0,90,71,0,0,0,0,0,86,26,0,0,0,0,0,0,0,0,0,0
2009-06-01,84,54,31,54,0,37,0,30,0,0,0,0,0,19,0,0,0,47,0,0,0,0,0,0,0,0,0,0,0,0,0,0,0,0,0,0,0,0,20,0,0,0,0,0,0,0,0,0,0,0,20,28,0,0,0,0,0,40,37,0,0,0,29,0,0,0,0,0,0,0,0,0,0,0,0,0,0,0,0,0,0,0,0,0,0,0,0,0,0,0,0,0,59,0,0,0,0,0,0,0,0,0,0,0,0,0,0,0,0,0,0,0,0,0,0,0,0,0,0,0,0,15,0,0,0,0,0,0,0,0,0,0,0,0,100,58,0,0,0,69,0,0,0,0,0,0,0,0,0,0,0,0,0,0,0,0,0,27,0,13,0,0,0,0,0,0,0,0,39,0,0,0,3,0,0,0,0,0,0,0,0,0,0,0,0,0,0,0,0,0,0,0,0,0,0,0,0,0,0,0,0,0,0,0,0,0,0,0,0,0,0,0,0,41,36,0,0,0,0,0,69,39,0,0,0,0,0,0,0,0,0,0
2009-07-01,77,65,43,0,26,37,0,35,0,0,0,0,0,17,0,0,0,43,0,0,0,0,0,0,0,0,0,0,0,0,0,0,0,0,0,0,0,0,25,0,0,0,0,0,0,0,0,0,0,0,0,23,0,0,0,0,0,32,0,0,0,0,22,0,0,0,36,0,0,0,0,0,0,0,0,0,0,0,0,0,0,0,0,0,0,0,0,0,0,0,0,0,81,0,0,0,0,0,0,0,0,0,0,0,0,0,0,0,2,0,0,0,0,0,0,0,0,0,0,0,0,18,0,0,0,0,0,0,0,0,0,0,0,0,0,61,0,0,0,96,0,0,0,0,0,0,0,0,0,0,0,0,0,0,0,0,0,34,67,16,52,0,0,0,0,0,0,0,18,0,0,0,7,0,0,0,0,0,0,0,0,0,0,0,0,0,0,0,0,0,0,0,0,0,0,0,0,0,0,0,0,0,0,0,0,0,0,0,0,0,0,0,0,52,29,0,0,0,0,0,75,31,0,0,0,0,0,0,0,0,0,0
2009-08-01,80,50,24,0,0,28,0,23,0,0,0,0,0,15,0,0,0,65,0,0,0,0,0,0,0,0,0,0,0,0,0,0,0,0,0,0,0,0,25,0,0,0,0,0,0,0,0,0,0,0,0,23,0,0,0,0,0,40,46,0,0,0,0,0,0,0,33,0,0,0,0,0,0,0,0,0,14,0,0,0,0,0,0,0,0,0,0,0,0,0,0,0,56,0,0,0,0,0,0,0,0,0,0,0,16,0,0,0,0,0,0,0,0,0,0,0,0,0,0,0,0,16,0,0,0,0,0,0,0,0,0,0,0,0,0,68,0,0,0,83,100,0,0,0,0,0,0,0,0,0,0,0,0,0,0,0,0,46,0,18,100,0,0,0,0,0,0,0,18,0,0,0,7,0,0,0,0,0,0,0,0,0,0,0,0,0,0,0,0,0,0,0,0,0,0,0,0,0,0,0,0,0,0,0,0,0,0,0,0,0,0,0,0,28,32,0,0,0,0,0,74,55,0,0,0,0,0,0,0,0,0,0
2009-09-01,78,58,45,0,27,34,0,0,100,0,0,0,0,14,0,0,0,67,0,0,0,0,0,0,0,0,0,0,0,0,0,0,0,0,0,0,0,0,20,0,0,0,0,0,0,0,0,0,0,0,0,27,0,0,0,0,0,33,0,0,0,0,35,0,0,0,59,0,0,0,0,0,0,0,0,0,0,0,0,0,0,0,0,0,0,0,0,0,0,0,0,0,70,0,0,0,0,0,0,0,0,0,0,0,0,0,0,0,0,0,0,0,0,0,0,0,0,0,0,0,0,17,0,0,0,0,0,0,0,0,0,0,0,0,0,89,0,0,0,49,0,0,0,0,0,0,0,0,0,0,0,0,0,0,0,0,0,36,0,13,0,0,0,0,0,0,0,0,27,0,0,0,7,0,0,0,0,0,0,0,0,0,0,0,0,0,0,0,0,0,0,0,0,0,0,0,0,0,0,0,0,0,0,0,0,0,0,0,0,0,0,0,0,0,21,0,0,0,0,0,0,51,0,0,0,0,0,0,0,0,0,0
2009-10-01,76,51,37,0,0,37,0,31,0,0,0,0,0,16,0,0,0,64,0,0,0,0,0,0,0,0,0,0,0,0,0,0,0,0,0,0,0,0,15,0,0,0,0,0,0,0,0,0,0,0,0,22,0,0,0,0,0,48,0,0,0,0,0,0,0,0,0,0,0,0,0,0,0,0,0,0,11,0,0,0,0,0,0,0,0,0,0,0,0,0,0,0,50,0,0,0,0,0,0,0,0,0,0,0,0,0,0,0,0,0,0,0,0,0,0,0,0,0,0,0,0,17,0,0,0,0,0,0,0,0,0,0,0,0,78,67,0,0,0,51,0,0,0,0,0,0,0,0,0,0,0,0,0,0,0,0,0,18,0,0,0,0,0,0,0,0,0,0,27,34,0,0,12,0,0,0,0,0,0,0,0,0,0,0,0,0,0,0,0,0,0,100,0,0,0,0,0,0,0,0,0,0,0,0,0,0,0,0,0,0,0,0,0,30,0,0,0,0,0,0,77,44,0,0,0,0,0,0,0,0,0,0
2009-11-01,76,64,21,0,23,45,0,42,0,0,0,0,0,16,0,0,0,53,0,0,0,0,0,0,0,0,0,0,0,0,0,0,0,0,0,0,0,0,24,0,0,0,0,0,0,0,0,0,0,0,0,17,0,0,0,0,0,0,0,0,0,0,31,0,0,0,0,0,0,0,0,0,0,0,0,0,0,0,0,0,0,0,0,0,0,0,0,0,0,0,0,0,65,0,0,0,0,0,0,0,0,0,0,0,22,5,0,0,0,0,0,0,0,0,0,0,0,0,0,0,0,13,0,0,0,0,0,0,0,0,0,0,0,0,0,57,0,0,0,94,0,0,0,0,0,0,0,0,0,0,0,0,0,0,0,0,0,26,0,14,0,0,0,0,0,0,0,0,40,0,0,0,1,0,0,0,0,0,0,0,0,0,0,0,0,0,0,0,0,0,0,0,0,0,0,0,0,0,0,0,0,0,0,0,0,0,0,0,0,0,0,0,0,41,32,0,0,0,0,0,87,51,0,0,0,0,0,0,0,0,0,0
2009-12-01,82,48,41,0,24,43,0,45,0,0,0,0,0,16,0,0,0,57,0,0,0,0,0,0,0,0,0,0,0,0,0,0,0,0,0,0,0,0,24,0,0,0,0,0,0,0,0,0,0,0,0,22,0,0,0,0,0,42,46,0,0,0,0,0,0,0,56,0,0,0,0,0,0,0,0,0,0,0,0,0,0,0,0,0,0,0,0,0,0,0,0,0,74,0,0,0,0,0,0,0,0,0,0,0,29,0,0,0,0,0,0,0,0,0,0,0,0,0,0,0,0,26,0,0,0,0,0,0,0,0,0,0,0,0,0,59,0,0,0,97,0,0,0,0,0,0,0,0,0,0,0,0,0,0,0,0,0,18,90,17,0,0,0,0,0,0,0,29,26,0,0,0,1,0,0,0,0,0,0,0,0,0,0,0,0,0,0,0,0,0,0,0,0,0,0,0,0,0,0,0,0,0,0,0,0,0,0,0,0,0,0,0,0,0,24,0,0,0,0,100,91,63,0,0,0,0,0,0,0,0,0,0
2010-01-01,88,51,39,54,0,38,0,27,0,0,0,0,0,22,0,0,0,68,100,0,0,0,0,0,0,0,0,0,0,0,0,0,0,0,0,0,0,0,18,0,0,0,0,0,0,0,0,0,0,0,0,14,0,0,0,0,0,0,0,0,0,0,31,0,0,0,51,0,0,0,0,0,0,0,0,0,0,0,0,0,0,0,0,0,0,0,0,0,0,0,0,0,77,0,0,0,0,0,0,0,0,0,21,28,0,7,0,0,0,0,0,0,0,0,0,0,0,0,0,0,0,26,0,0,0,0,0,0,0,0,0,0,0,0,0,100,0,0,0,91,0,0,0,0,0,0,0,0,0,0,0,0,0,0,0,0,0,11,0,16,0,0,0,0,0,0,0,0,24,0,0,0,1,0,0,0,0,0,0,0,0,0,0,0,0,0,0,0,0,0,0,0,0,0,0,0,0,0,0,0,0,0,0,0,0,0,0,0,0,0,0,0,0,0,0,0,0,0,0,0,75,100,0,0,0,0,0,0,0,0,0,0
2010-02-01,86,57,45,0,0,29,0,42,0,0,0,0,0,29,0,0,0,62,0,0,0,0,0,0,0,0,0,0,0,0,0,0,0,0,0,0,0,0,21,0,0,0,0,0,0,0,0,0,0,0,0,20,0,0,0,0,0,39,37,0,0,0,23,0,0,0,34,0,100,0,0,0,0,0,0,0,0,0,0,0,0,0,0,0,0,0,0,100,0,0,0,0,62,0,0,0,0,0,0,0,0,6,15,100,21,0,0,0,0,0,0,0,0,0,0,0,0,0,0,0,0,18,100,0,0,0,0,0,0,0,0,0,0,0,0,65,0,0,0,84,0,0,0,0,0,0,0,0,0,0,0,0,0,0,0,0,0,16,73,12,0,0,0,0,0,0,0,0,0,0,0,0,0,0,0,0,0,0,0,0,0,0,0,0,0,0,0,0,0,0,0,0,0,0,0,0,0,0,0,0,0,0,0,0,0,0,0,0,0,0,0,0,0,0,16,0,0,0,0,0,62,50,0,0,0,0,0,0,0,0,0,0
2010-03-01,100,72,32,54,35,46,25,77,0,0,0,0,0,71,14,0,0,63,0,0,0,0,0,0,0,0,0,0,0,0,0,0,0,0,0,0,0,0,22,0,59,0,0,0,0,0,0,0,0,0,0,25,0,0,0,0,0,45,0,0,0,0,33,0,0,0,0,0,0,0,0,0,0,0,0,0,11,0,0,0,0,0,0,0,0,0,0,0,0,0,60,0,94,0,0,0,100,0,0,0,0,6,93,50,27,0,0,0,0,0,0,0,0,0,0,0,0,0,0,0,0,19,0,0,0,0,0,0,0,0,0,0,40,0,0,62,0,0,0,69,0,0,0,0,0,0,0,0,0,0,0,24,0,0,0,0,0,17,81,21,0,0,0,0,0,0,0,0,24,0,0,0,1,0,0,0,0,0,0,0,0,0,0,0,0,0,0,0,0,0,0,0,0,0,0,0,0,0,0,0,0,0,0,0,0,0,0,0,0,0,0,0,0,28,0,0,0,0,0,0,88,78,0,0,0,0,0,0,0,0,0,0
2010-04-01,92,72,32,0,28,36,0,83,0,0,0,0,0,41,14,0,0,79,0,0,0,0,0,0,0,0,0,0,0,0,0,0,0,0,0,0,0,0,24,0,0,0,0,66,0,0,0,0,0,0,0,22,0,0,0,0,0,48,35,0,0,0,0,0,0,0,55,0,0,0,0,0,0,0,0,0,0,0,0,0,0,0,0,0,0,0,0,0,0,0,0,0,63,0,0,0,0,0,0,0,0,8,92,0,18,0,0,0,0,0,0,0,0,0,0,0,0,0,0,0,0,24,0,0,0,0,0,0,0,0,0,0,0,0,65,69,0,0,0,86,0,0,0,0,0,0,0,0,0,0,0,0,0,0,0,0,0,17,0,22,0,0,0,0,0,0,0,0,23,0,0,0,1,0,0,0,0,0,0,0,0,0,0,0,0,0,0,0,0,0,0,0,0,0,0,0,0,0,0,0,0,0,0,0,0,0,0,0,0,0,0,0,0,31,14,0,100,0,0,0,63,76,0,0,0,0,0,0,0,0,0,0
2010-05-01,86,58,22,0,24,37,0,67,0,0,0,0,0,31,0,0,0,73,0,0,0,0,0,0,0,0,0,0,0,0,0,0,0,0,0,100,0,0,28,0,0,0,0,0,0,0,0,0,0,0,0,15,0,0,0,0,0,52,0,0,0,0,22,0,0,0,46,0,0,0,0,0,0,0,0,0,12,0,0,0,0,0,0,0,0,0,0,0,0,0,0,0,75,0,0,0,0,0,0,0,0,5,39,18,84,0,0,0,0,0,0,0,0,0,0,0,0,0,0,0,0,19,0,0,0,0,0,0,0,0,0,0,0,0,0,66,0,0,0,84,0,0,0,0,0,0,0,0,0,0,0,0,0,0,0,0,0,15,73,15,0,0,100,0,0,0,0,0,37,0,0,0,2,0,0,0,0,0,0,0,0,0,0,0,0,0,0,0,0,0,0,0,0,0,0,0,0,0,0,0,0,0,0,0,0,0,0,0,0,0,0,0,0,60,17,0,0,0,0,0,78,50,0,0,0,0,0,0,0,0,0,0
2010-06-01,90,67,26,0,0,33,0,71,0,0,0,0,0,39,0,0,0,54,0,0,0,0,0,0,0,0,0,0,0,0,0,0,0,0,0,0,0,0,21,0,0,0,0,0,0,0,0,0,0,0,0,22,0,0,0,0,0,34,0,0,0,0,21,0,0,0,31,0,0,0,0,0,0,0,0,0,13,0,0,0,0,0,0,0,0,0,0,0,0,0,0,0,50,0,0,0,91,0,0,0,0,51,21,0,45,4,0,0,0,14,0,0,0,0,0,0,0,0,0,0,0,16,0,0,0,0,0,0,0,0,0,0,44,0,0,51,0,0,0,72,0,0,0,0,0,0,0,0,0,0,0,0,0,0,0,0,0,27,82,15,0,0,0,0,0,0,0,0,45,0,0,0,2,0,0,0,0,0,0,0,0,0,0,0,0,0,0,0,0,0,0,0,0,0,0,0,0,0,0,0,0,0,0,0,0,0,0,0,0,0,0,0,0,31,0,0,0,0,0,0,100,66,0,0,0,0,0,0,0,0,40,0
2010-07-01,63,55,19,0,15,33,0,54,0,0,0,0,0,21,0,0,0,51,0,0,0,0,0,0,0,0,0,0,0,0,0,0,0,0,0,0,0,0,22,0,0,0,0,0,0,0,0,0,0,0,10,19,0,0,0,0,0,18,20,0,0,0,15,0,0,0,39,0,0,0,0,0,0,0,0,0,8,0,0,0,0,0,0,0,7,0,0,0,0,0,0,0,50,0,0,0,0,0,0,0,0,7,8,0,11,2,2,0,0,6,0,0,0,0,0,0,0,0,0,0,0,10,0,0,0,0,0,0,0,0,0,0,0,0,0,45,0,0,0,64,0,0,0,0,0,0,0,0,0,0,0,0,0,0,0,0,0,23,63,14,0,0,0,0,0,0,0,0,24,0,9,0,2,0,0,0,0,0,0,0,0,0,0,0,0,0,0,0,0,0,0,0,0,0,0,0,0,0,0,0,0,0,0,0,0,0,0,0,0,0,0,0,0,18,0,0,0,0,0,0,43,34,0,0,0,0,0,0,0,0,0,0
2010-08-01,73,48,14,0,18,31,0,72,65,0,0,0,0,42,11,0,0,68,0,0,0,0,0,0,0,0,0,0,0,0,0,0,0,0,0,58,0,51,15,0,0,27,0,46,0,0,0,0,0,0,0,20,0,0,0,0,0,31,0,0,0,0,13,0,0,0,51,0,0,0,0,0,0,0,0,0,0,0,0,0,0,0,0,0,0,0,0,0,0,0,77,0,52,0,0,0,52,0,100,0,0,40,17,0,16,5,5,0,0,0,0,0,0,0,0,0,0,0,0,0,0,8,0,0,0,0,0,0,0,0,0,0,0,0,60,37,0,0,0,61,0,0,0,0,0,0,0,10,0,0,0,0,0,0,0,0,0,20,45,9,0,0,0,0,0,0,0,0,21,0,8,0,3,0,0,0,0,0,0,0,0,0,0,0,0,0,0,0,0,0,0,0,0,0,0,0,0,0,0,0,0,0,0,0,0,0,0,0,0,0,0,0,0,0,0,0,0,0,0,0,53,45,0,0,0,0,0,0,0,0,0,0
2010-09-01,69,54,17,0,23,31,0,79,61,0,0,0,0,47,6,0,0,53,0,0,34,0,0,0,0,0,0,0,0,0,0,0,0,0,0,0,0,58,14,0,0,0,0,0,0,0,0,0,0,0,0,14,0,0,0,0,0,38,0,0,0,0,13,0,0,0,34,0,0,0,0,0,0,0,0,0,7,0,0,0,0,0,0,0,0,0,0,0,0,0,100,0,58,0,0,0,70,0,0,0,0,18,7,0,0,6,7,0,0,0,0,0,0,0,0,0,0,0,0,0,0,12,0,0,0,0,0,0,0,0,0,0,26,0,64,31,0,0,0,69,0,0,0,0,0,0,0,0,0,0,0,0,0,0,0,0,0,18,0,9,0,0,0,0,0,0,0,0,31,0,8,0,3,0,0,0,0,0,0,0,0,0,0,0,0,0,0,0,0,0,0,69,0,0,59,0,0,0,0,0,0,0,0,0,0,0,0,0,0,0,0,0,0,0,0,0,0,0,0,0,68,41,0,0,0,0,0,0,0,0,0,0
2010-10-01,62,49,22,0,12,30,0,70,51,0,0,0,0,25,3,0,0,49,0,0,0,0,0,0,0,0,0,0,0,0,0,0,100,0,0,0,0,49,12,0,0,0,0,0,0,0,0,0,0,0,0,15,100,0,0,0,0,35,22,0,0,0,0,0,0,0,22,0,0,0,0,0,0,0,0,0,5,0,0,0,0,0,0,0,0,0,0,0,0,0,51,0,43,0,0,0,53,0,0,0,0,4,5,0,15,3,2,0,0,12,0,0,0,0,0,0,0,0,0,0,0,7,0,0,0,0,0,0,0,0,0,0,30,0,48,35,0,0,0,55,0,0,0,0,0,0,12,0,0,100,0,0,0,0,0,0,0,10,54,11,0,0,0,0,0,0,0,11,20,0,6,0,5,0,0,0,0,0,0,0,0,0,0,0,0,0,0,0,0,0,0,0,0,0,0,0,0,0,0,0,0,0,0,0,0,0,0,0,0,0,0,0,0,0,0,0,0,0,0,0,72,40,0,0,0,0,0,0,0,0,0,0
2010-11-01,55,52,22,0,19,25,0,66,62,0,0,0,0,46,7,0,0,34,0,0,0,0,0,0,0,0,0,0,0,0,0,0,0,0,0,0,0,0,16,0,0,0,0,0,0,0,0,0,0,0,0,14,0,0,0,0,0,28,0,0,0,0,14,0,0,0,20,0,0,0,0,0,0,0,0,0,0,0,0,0,0,0,0,0,0,0,0,0,0,0,47,0,38,0,0,0,0,0,0,0,0,0,6,0,0,3,0,0,0,0,0,0,0,0,0,0,0,0,0,0,0,13,0,0,0,0,0,0,0,0,0,0,0,0,0,38,0,0,0,66,0,0,0,0,0,0,0,0,0,0,0,0,0,0,0,0,0,10,37,9,0,0,0,0,0,0,0,0,25,0,17,21,11,0,0,0,0,0,0,0,0,0,0,0,0,0,0,0,0,0,0,0,0,0,0,0,0,0,0,0,0,0,0,0,0,0,0,0,0,0,0,0,0,0,0,0,0,0,0,0,57,31,0,100,0,0,0,0,0,0,0,0
2010-12-01,62,49,17,0,12,21,0,75,0,0,0,0,0,89,17,0,0,48,0,0,0,0,0,0,0,0,0,0,0,0,0,0,0,0,0,0,0,0,12,0,0,40,0,0,0,0,0,0,0,0,0,16,0,0,0,0,0,24,0,0,0,0,14,0,0,0,28,0,0,0,0,0,0,0,0,0,0,0,0,0,0,0,0,0,0,0,0,47,0,0,46,74,36,0,0,0,0,0,0,0,0,3,0,0,0,0,0,0,0,12,0,0,0,0,0,0,0,0,0,0,0,7,0,0,0,0,0,0,0,0,0,0,24,0,50,30,0,0,0,40,0,0,0,0,0,0,18,0,0,0,0,0,0,0,0,0,0,12,42,6,0,0,0,0,0,0,0,14,22,0,16,0,4,0,0,0,0,0,0,0,0,0,0,0,0,0,0,0,0,0,0,0,0,0,0,0,0,0,0,0,0,0,0,0,0,0,0,0,0,0,0,0,0,0,0,0,0,0,0,0,53,25,0,0,0,0,0,0,0,0,0,0
2011-01-01,71,57,25,20,9,33,8,100,88,0,0,0,0,43,4,0,0,58,0,0,26,0,0,0,0,0,0,0,0,0,0,0,0,0,0,62,0,41,20,54,0,21,0,31,0,0,0,0,0,0,0,16,0,0,0,0,0,25,0,0,0,0,17,0,0,0,36,0,0,0,0,67,100,0,0,0,7,0,5,0,0,0,0,0,0,0,0,28,17,0,83,35,48,0,0,0,42,0,48,0,0,2,9,27,37,3,1,0,0,0,0,0,0,0,0,0,0,0,0,0,0,16,0,0,0,0,0,0,0,0,0,0,22,0,72,47,0,0,0,46,30,0,0,0,0,0,19,0,0,0,0,0,0,0,0,0,0,20,48,11,15,0,0,0,0,93,0,0,24,0,9,0,3,0,0,0,0,0,0,0,0,0,0,0,0,0,0,0,0,0,0,0,0,5,0,0,0,0,0,0,0,0,0,0,0,0,0,0,0,0,0,0,0,11,7,0,0,0,0,0,74,45,57,0,0,0,0,0,0,0,0,0
2011-02-01,67,55,16,19,25,29,6,79,52,0,0,0,0,40,3,0,100,65,0,0,20,0,0,0,0,0,0,0,0,0,56,0,0,0,0,56,0,58,18,62,24,37,0,31,0,0,0,0,0,0,0,14,0,0,0,0,0,26,0,100,0,0,19,0,0,0,33,0,0,0,0,65,0,6,0,0,8,0,0,0,0,0,0,0,0,0,0,0,22,0,83,37,42,0,0,0,32,0,0,0,0,3,18,36,100,4,3,0,0,4,13,0,0,0,1,0,0,0,0,0,0,16,0,0,0,0,0,0,0,0,0,0,24,0,59,42,0,0,0,89,0,0,0,0,0,0,25,0,0,0,0,0,13,0,0,0,0,16,32,11,17,0,0,0,0,86,0,0,22,0,10,0,1,0,0,0,0,0,0,0,0,0,0,0,0,0,0,0,0,0,0,31,0,0,0,0,0,0,0,0,0,0,0,0,0,0,0,0,0,0,0,0,0,10,14,0,0,0,0,0,80,44,67,0,0,0,0,0,0,0,0,0
2011-03-01,68,64,21,19,13,36,6,97,60,0,0,0,0,60,10,0,0,69,0,0,15,0,0,0,0,0,0,0,0,0,51,0,0,0,0,70,0,93,25,60,0,44,0,100,0,0,0,0,0,0,8,17,0,0,0,0,0,34,19,0,0,0,18,0,0,0,33,0,0,0,0,0,55,5,0,0,6,0,6,0,0,0,0,0,0,0,0,51,23,0,76,40,55,0,0,0,71,0,44,0,0,3,22,30,79,3,2,0,0,0,0,0,0,0,0,0,0,0,0,0,0,10,26,6,0,0,0,0,0,0,0,0,20,0,53,48,0,0,0,88,0,0,0,0,0,0,14,0,0,0,0,0,11,0,0,0,0,16,41,10,19,0,0,0,0,77,0,11,28,10,33,0,2,0,0,0,100,0,0,0,0,0,0,0,0,0,0,0,0,0,0,27,0,5,0,0,0,0,0,0,0,0,0,0,0,0,0,0,0,0,0,0,0,0,6,0,0,0,0,0,79,54,0,0,0,0,0,0,0,0,0,0
2011-04-01,64,61,16,21,13,28,0,96,57,0,0,0,0,100,9,70,0,57,0,0,0,0,0,0,0,0,0,0,0,0,0,0,0,0,0,39,0,40,20,49,0,16,0,0,0,0,0,0,0,0,0,15,0,0,0,0,0,20,11,0,0,0,10,0,0,0,33,0,0,0,0,0,72,0,0,0,6,0,0,0,0,0,0,0,0,0,0,0,0,0,57,71,50,0,0,0,36,46,0,0,0,3,54,12,59,8,100,0,0,0,0,0,0,0,0,0,0,0,0,0,0,12,0,0,19,0,0,0,0,0,0,0,24,0,71,56,78,0,0,71,0,0,0,0,0,0,10,0,0,0,0,0,0,0,0,0,0,14,41,9,16,0,0,0,0,0,0,7,25,12,9,0,1,0,0,0,0,0,0,0,0,0,0,0,0,0,0,0,0,0,0,0,0,0,0,0,0,0,0,0,0,0,0,0,0,0,0,0,0,0,0,0,0,0,8,0,0,0,0,0,65,51,65,0,0,0,0,0,0,0,0,0
2011-05-01,62,60,19,16,16,26,7,92,53,0,0,0,0,51,7,80,0,63,0,0,18,0,0,0,0,0,0,0,6,0,62,0,0,0,0,37,0,48,22,50,0,22,0,17,0,0,0,0,0,0,6,14,0,0,0,0,0,22,17,0,0,0,18,0,0,0,32,0,0,0,0,0,0,0,0,0,9,0,0,0,0,0,0,0,0,0,0,34,28,0,55,31,35,0,0,0,75,0,55,0,0,4,100,5,29,7,19,0,0,0,12,0,0,0,0,0,0,0,0,0,0,10,0,0,0,0,0,0,0,0,0,0,33,0,65,52,0,0,0,86,0,0,0,0,0,0,21,0,0,0,0,0,0,0,0,0,0,15,42,9,24,0,0,0,0,62,0,7,30,0,15,0,1,0,0,0,0,0,0,0,0,0,0,0,100,0,0,0,0,0,0,30,0,0,0,0,0,0,0,0,0,0,0,0,0,0,0,0,0,0,0,0,0,12,9,0,0,0,0,0,80,51,54,0,0,0,0,0,0,0,0,0
2011-06-01,64,58,16,17,14,33,0,88,55,0,0,0,0,65,4,45,0,70,0,0,19,0,0,0,0,0,0,0,7,0,49,0,0,0,0,62,0,95,27,51,0,15,0,18,0,0,0,0,0,0,0,16,0,0,0,0,0,30,12,0,0,0,17,0,0,0,39,0,0,0,0,100,0,0,0,0,8,0,5,0,0,0,0,0,0,0,0,45,46,0,51,85,40,0,0,0,64,0,45,0,0,58,31,5,14,6,7,0,0,0,21,0,0,0,0,0,0,0,0,0,0,13,0,6,25,0,0,0,0,0,0,0,27,0,62,44,0,0,0,83,0,0,0,0,0,0,8,0,0,0,0,0,12,0,0,0,0,23,39,10,16,0,0,0,0,77,0,10,32,9,17,0,1,0,0,0,0,0,0,0,0,0,0,0,0,0,0,0,0,0,0,0,0,7,0,0,0,0,0,0,0,0,0,0,0,0,0,0,0,0,0,0,0,8,7,0,0,0,0,0,91,52,54,0,0,0,0,0,0,0,0,0
2011-07-01,59,51,19,12,7,33,0,84,54,0,0,0,0,40,3,0,0,52,0,0,22,0,0,0,0,0,0,0,8,0,57,0,0,0,0,77,0,37,25,72,0,21,0,26,0,0,0,0,0,0,4,11,0,0,0,0,0,24,19,0,0,0,16,0,0,0,29,0,0,100,0,48,37,0,0,0,7,0,5,0,0,0,0,0,0,0,0,34,41,0,38,52,35,0,0,0,67,48,71,0,0,26,24,0,14,6,7,0,0,0,0,0,0,0,0,0,0,0,0,100,0,12,0,7,23,0,0,0,0,0,0,0,11,0,61,50,65,0,0,88,25,0,0,0,0,0,16,0,0,0,0,0,0,0,0,0,0,20,40,12,0,0,0,0,0,100,0,7,30,0,41,21,4,0,0,0,0,0,0,0,0,0,0,0,0,0,0,0,0,0,0,28,0,0,0,0,0,0,0,0,0,0,0,0,0,0,0,0,0,0,0,0,0,7,4,0,0,0,0,0,72,40,66,0,0,0,0,0,0,0,0,0
2011-08-01,56,47,14,0,11,34,5,79,44,0,0,0,0,32,3,0,79,61,0,90,13,0,0,0,0,0,0,0,8,0,0,0,0,0,0,79,0,60,22,0,0,25,0,36,0,0,0,0,0,0,0,14,0,0,0,0,0,27,16,59,0,0,13,0,0,0,38,0,0,0,0,58,42,0,0,0,8,0,0,0,0,0,0,0,0,0,0,0,50,0,42,63,26,0,0,0,91,36,93,0,0,11,25,0,7,4,3,0,0,0,0,0,0,0,0,0,0,0,0,0,0,13,0,0,22,0,0,0,0,0,0,0,23,0,56,46,65,0,0,78,0,0,0,0,100,0,10,0,0,0,0,0,11,0,0,0,0,22,35,8,19,0,0,0,0,0,0,10,23,0,41,0,1,0,0,0,0,0,0,0,0,0,0,0,0,0,0,0,0,67,0,31,0,0,0,0,0,0,75,0,0,0,0,0,0,0,0,0,0,0,0,0,0,0,4,0,0,0,0,0,64,44,51,0,0,0,0,0,0,0,0,0
2011-09-01,62,54,13,0,11,34,0,93,60,0,0,0,0,32,3,0,87,55,0,0,17,0,0,0,0,0,0,0,8,0,59,0,0,0,0,71,100,100,21,0,0,27,0,29,0,0,0,0,0,0,0,11,0,0,0,0,0,19,13,68,0,0,11,0,0,0,24,0,0,0,0,0,0,4,0,0,6,0,0,0,0,0,0,0,0,0,0,37,68,0,57,65,38,0,0,0,82,0,69,0,0,9,32,0,7,4,1,0,0,0,0,0,0,0,0,0,0,0,0,0,0,13,0,0,0,0,0,0,0,0,0,0,35,0,71,51,100,0,0,85,0,0,0,0,0,0,11,0,0,0,0,0,8,0,0,0,0,21,31,10,21,0,0,0,0,0,0,7,24,0,30,0,3,0,0,0,89,0,0,0,0,0,0,0,0,0,0,0,0,0,0,47,0,0,0,0,0,0,0,0,0,0,0,0,0,0,0,0,0,0,0,0,0,8,4,0,0,0,100,0,63,40,100,0,0,0,0,0,0,0,0,0
2011-10-01,66,53,16,18,9,28,0,80,49,0,0,0,0,30,3,0,88,52,0,0,0,0,0,0,0,0,0,0,0,0,56,0,0,0,0,67,0,32,22,80,0,23,0,23,0,0,0,0,0,0,4,14,0,0,0,0,0,19,15,0,0,0,16,0,0,0,22,0,0,0,0,0,47,0,0,0,4,0,4,0,0,0,0,0,0,0,0,22,83,0,50,52,29,0,0,0,80,0,88,0,0,6,3,0,5,3,1,0,0,0,0,0,0,0,0,0,0,0,0,0,0,10,0,7,0,0,0,0,0,0,0,0,21,0,56,60,0,0,0,85,0,0,0,0,0,0,10,0,0,0,0,0,15,0,0,0,0,18,31,9,17,0,0,0,0,0,0,9,19,0,15,0,3,0,0,0,0,0,0,0,0,0,0,0,0,0,0,0,0,0,0,0,0,0,0,0,0,0,0,0,0,0,0,0,0,0,0,6,0,0,5,0,0,6,7,0,0,0,0,0,71,33,45,0,0,0,0,0,0,0,0,0
2011-11-01,48,51,16,0,10,30,0,75,38,0,0,0,0,22,2,0,0,40,0,0,17,0,0,0,0,0,0,0,8,0,42,0,0,0,0,57,0,62,16,100,0,28,0,20,0,0,0,0,0,0,4,14,0,0,0,0,0,15,12,48,0,0,16,0,0,0,23,0,0,0,0,41,0,0,0,0,5,0,4,0,0,0,0,0,0,0,0,27,81,0,41,45,32,0,0,0,60,0,54,0,0,3,5,2,8,2,0,0,0,0,10,0,0,0,0,0,0,0,0,0,0,9,19,0,0,0,0,0,0,0,0,0,19,0,49,51,0,0,0,86,0,0,0,0,0,0,14,0,0,0,0,0,20,0,0,0,0,13,32,9,17,0,0,0,0,62,0,6,26,0,10,0,4,0,0,0,0,0,0,0,100,0,0,0,0,0,0,0,0,39,0,23,0,0,0,0,0,0,0,0,0,0,0,0,0,0,0,0,0,0,4,0,0,9,6,0,0,0,0,0,58,27,42,0,0,0,0,0,0,0,0,0
2011-12-01,36,58,12,0,11,24,4,59,30,0,0,0,0,22,2,54,50,44,0,0,13,0,0,0,0,0,0,0,4,0,42,0,0,0,0,36,0,42,12,56,9,22,0,14,0,0,0,0,0,0,3,9,0,0,0,0,83,13,8,37,0,0,10,0,0,0,19,0,0,0,0,30,27,0,0,0,4,0,4,0,0,0,0,0,0,100,0,14,62,0,18,35,26,0,0,0,47,0,33,0,0,4,13,9,13,2,1,0,0,0,0,0,0,0,0,0,0,0,0,0,0,6,0,8,0,0,0,0,0,0,0,0,15,0,40,27,0,0,0,47,12,0,0,0,0,0,0,0,0,0,0,0,37,0,0,0,0,9,25,5,8,0,0,0,0,26,0,8,18,6,7,0,14,0,0,0,0,0,0,0,0,0,0,0,0,0,0,0,0,0,0,0,0,4,0,0,0,0,0,0,0,0,0,0,0,0,0,0,0,0,4,74,0,4,4,0,0,0,0,0,36,26,42,0,0,0,0,0,0,0,0,0
2012-01-01,36,59,14,10,11,18,3,63,29,0,0,0,0,22,2,19,35,37,0,0,12,0,0,0,0,0,0,0,6,0,68,0,0,0,0,45,0,27,12,64,0,31,0,14,0,0,0,0,100,0,0,10,0,0,0,0,0,13,6,44,0,0,7,0,0,0,26,0,9,58,0,25,24,2,0,0,6,0,4,0,0,0,0,0,0,0,0,21,65,0,18,28,21,0,0,0,48,0,41,0,0,4,39,10,27,4,1,0,0,0,0,0,0,0,0,0,0,0,0,0,0,7,0,5,10,0,0,0,0,0,0,0,13,0,26,26,39,0,0,41,0,0,0,0,0,0,8,0,0,0,0,0,29,0,0,0,0,8,34,6,0,0,0,0,0,0,0,8,17,0,8,100,73,0,0,0,0,0,0,0,0,0,0,0,0,0,0,0,0,22,0,23,2,0,0,0,0,0,0,0,0,0,0,0,0,0,0,0,0,0,100,0,0,3,0,0,0,0,0,0,43,25,58,0,10,0,0,0,0,0,0,0
2012-02-01,40,61,14,8,10,25,4,53,30,0,0,0,0,35,0,34,55,34,0,34,15,0,0,27,0,0,53,0,5,0,72,100,0,0,0,41,0,39,14,70,0,30,0,24,0,0,0,0,61,0,3,9,0,0,0,0,0,18,8,41,0,0,7,0,0,0,22,0,0,0,0,24,27,2,0,0,4,0,4,0,0,0,0,0,0,0,0,24,69,0,38,44,30,0,0,0,70,0,60,0,0,6,29,15,68,5,2,0,0,0,20,0,0,0,0,0,0,0,0,0,0,7,13,3,13,0,0,0,0,0,0,0,14,0,38,29,41,0,0,79,10,0,0,0,40,80,8,0,0,0,0,0,24,0,0,0,0,8,39,5,0,0,0,0,0,66,0,5,27,0,7,2,11,0,0,0,0,0,0,0,0,0,0,0,0,0,0,0,0,27,0,14,0,3,0,0,0,0,0,0,0,0,0,0,0,0,0,3,0,0,7,0,0,6,4,0,0,0,41,0,43,22,59,0,7,100,0,0,0,0,0,0
2012-03-01,35,61,12,9,10,24,5,49,34,0,0,0,0,31,1,22,40,34,0,0,15,0,0,0,0,0,0,0,4,0,69,0,0,0,0,32,0,36,14,61,9,25,0,18,0,0,0,100,0,0,2,9,0,0,0,0,61,18,8,34,0,0,7,0,0,0,19,0,0,0,0,22,20,2,0,0,6,0,3,0,0,0,0,0,0,0,0,24,94,12,23,41,25,0,0,0,41,20,34,0,0,5,15,13,60,5,2,0,0,0,9,0,0,0,0,0,0,0,0,0,0,6,0,4,16,0,0,0,0,0,0,0,12,0,37,28,40,0,0,80,18,0,0,0,0,0,7,0,0,0,0,0,22,0,0,0,0,7,29,5,9,0,0,0,0,62,0,7,25,5,7,2,2,0,0,0,0,0,0,0,0,0,0,0,0,0,0,0,0,21,0,14,0,3,0,0,0,0,0,0,0,0,0,0,0,0,0,0,0,0,7,0,0,6,4,0,0,0,66,0,53,20,55,0,5,85,84,0,0,0,0,0
2012-04-01,33,59,13,11,13,21,2,48,29,0,0,100,0,21,1,17,0,31,14,0,14,0,0,0,0,0,0,0,3,0,78,0,0,0,0,36,0,32,13,48,0,28,0,14,0,0,0,0,0,0,2,8,0,0,0,0,74,16,6,36,0,0,7,0,0,0,19,0,0,0,0,21,21,2,0,0,5,0,3,0,0,0,0,0,0,0,0,18,71,0,28,33,18,0,0,0,52,34,32,0,0,5,22,6,34,4,1,0,0,0,0,56,0,0,0,0,0,0,0,0,0,7,10,4,0,0,0,0,0,0,0,0,12,0,34,29,35,0,0,70,10,0,0,0,0,0,8,0,0,0,0,0,42,0,0,0,0,7,20,4,0,0,0,0,0,86,0,4,27,4,5,0,1,0,0,0,0,0,0,0,0,0,0,0,0,0,0,0,0,18,0,19,0,0,0,0,0,0,0,0,0,0,0,0,0,0,0,0,0,0,6,0,0,3,3,0,0,0,47,0,47,21,43,0,9,84,0,0,0,0,0,0
2012-05-01,34,60,10,0,12,25,3,46,28,76,0,0,0,24,1,21,0,33,0,25,11,0,0,0,0,0,0,0,4,0,95,74,0,0,0,33,0,34,14,43,0,29,0,30,0,0,0,0,0,0,2,8,28,0,0,0,51,21,9,40,0,0,6,0,0,0,17,0,0,0,0,20,26,2,0,0,7,0,3,0,0,0,0,0,0,88,0,24,83,0,21,39,21,0,0,0,55,31,42,0,0,7,23,3,43,3,1,0,0,0,4,0,0,0,0,0,0,0,0,0,0,6,0,5,19,0,0,0,0,0,0,0,15,0,35,25,0,0,0,72,11,0,0,0,0,0,6,0,0,0,0,0,45,0,100,0,0,9,26,4,7,0,0,0,0,54,0,6,26,5,6,0,2,0,0,0,0,0,0,0,0,0,0,0,0,0,0,0,0,18,9,9,0,2,0,0,0,0,0,0,0,0,0,0,0,0,0,3,0,0,4,0,0,6,2,0,0,0,84,0,50,25,44,0,7,0,0,0,100,0,0,0
2012-06-01,31,61,10,11,12,25,4,49,29,0,9,81,0,19,1,23,0,31,0,0,12,0,0,0,0,0,40,0,4,0,78,0,0,0,0,29,0,32,13,28,0,22,0,26,0,0,0,0,0,0,2,8,0,0,0,0,86,17,5,23,0,0,6,0,0,0,16,0,0,0,0,22,18,1,0,0,6,0,4,0,0,0,0,0,0,0,0,20,73,0,22,45,18,0,0,0,59,45,48,0,0,6,15,1,23,3,1,0,0,0,18,0,0,0,0,0,0,0,0,0,0,5,7,3,9,0,0,0,0,0,0,0,12,0,37,28,32,0,0,82,17,0,0,0,0,0,7,0,0,0,0,0,35,0,0,0,0,7,21,4,5,0,0,0,0,71,0,7,28,4,4,5,1,0,0,0,0,0,0,0,0,0,0,0,26,0,0,0,0,0,0,16,0,2,0,0,0,0,0,0,0,0,0,0,0,0,0,2,0,0,2,0,0,5,2,0,0,0,54,0,41,20,54,0,7,63,0,0,0,0,0,0
2012-07-01,35,59,11,11,10,26,3,51,36,0,7,0,0,20,1,20,0,35,0,0,15,0,100,0,0,0,0,0,3,0,81,0,0,0,0,29,0,41,14,31,0,27,0,24,0,66,0,0,52,0,2,8,0,0,0,0,53,16,7,0,0,0,7,0,0,0,20,100,0,70,0,21,24,3,0,0,6,0,1,0,0,0,0,0,0,0,0,20,83,0,24,52,23,0,0,0,50,32,33,0,0,13,26,0,8,3,1,0,0,0,7,0,0,0,0,0,0,0,0,0,0,6,0,3,10,0,0,0,0,0,0,0,10,0,27,23,25,0,0,76,21,0,0,0,0,0,9,0,0,0,0,0,34,0,0,0,0,11,37,4,7,0,0,0,0,53,0,7,31,4,3,0,1,0,0,0,0,0,0,0,0,0,0,0,0,0,0,0,0,19,0,12,0,1,0,0,0,0,0,0,0,0,0,0,0,0,0,3,0,3,2,0,0,6,4,0,0,0,43,0,53,23,53,0,8,0,0,0,0,0,0,0
2012-08-01,33,51,12,8,11,23,0,45,27,0,0,0,0,15,0,19,0,29,0,0,14,0,0,0,0,0,52,0,7,0,72,0,0,0,0,35,0,39,12,27,0,31,0,23,0,66,0,0,71,0,2,7,0,0,0,0,0,18,5,20,0,0,8,0,0,0,19,0,0,0,0,27,24,2,0,0,7,0,1,0,0,0,0,0,1,0,0,25,82,0,21,48,20,60,0,0,46,15,34,0,0,9,5,0,7,2,1,1,0,0,3,0,2,0,0,0,0,0,0,0,0,6,0,2,8,0,0,0,0,0,0,0,13,0,32,20,33,0,0,75,18,0,0,0,0,59,7,0,0,0,0,0,39,0,0,0,0,12,31,3,10,0,0,0,0,37,0,6,25,5,3,2,2,0,0,0,0,0,0,0,0,0,0,0,0,0,0,0,0,14,0,16,0,2,0,0,0,0,0,0,0,0,0,0,0,0,0,3,0,3,0,56,0,2,2,0,6,0,35,0,49,19,45,0,7,0,0,0,0,0,0,0
2012-09-01,36,60,11,11,13,31,5,48,27,0,7,0,0,40,8,23,0,33,0,0,7,0,0,29,0,0,0,0,4,0,100,0,0,0,0,35,0,32,14,34,0,33,0,18,0,100,0,0,50,0,2,7,0,0,0,0,0,15,6,43,0,0,6,0,0,0,23,0,0,45,0,20,24,3,0,1,5,0,3,0,100,0,0,0,0,0,0,24,84,0,19,42,21,0,0,0,58,43,58,0,0,7,5,0,5,4,1,0,0,0,0,0,0,0,0,0,0,0,0,0,0,6,0,4,13,0,0,0,0,0,0,0,15,0,31,31,31,0,0,74,22,0,0,0,0,0,6,0,0,0,0,0,34,0,0,0,0,10,31,3,7,0,0,0,0,42,0,5,32,5,4,0,2,0,0,0,0,0,0,0,0,0,0,0,0,0,0,0,0,16,0,9,0,3,0,0,0,0,0,0,0,0,0,0,0,0,4,3,0,0,4,0,0,3,3,0,0,0,0,0,45,20,40,0,0,71,0,0,0,0,0,0
2012-10-01,34,56,11,9,11,23,4,52,34,0,9,0,0,24,3,30,40,28,0,0,14,0,0,0,0,0,0,0,4,0,68,0,0,0,0,37,0,30,16,39,0,29,0,15,0,0,0,0,0,0,3,7,0,0,0,0,62,17,5,31,0,0,6,0,0,0,18,0,0,0,0,21,23,2,0,0,5,0,3,0,0,0,0,0,0,68,0,18,92,14,26,57,21,56,0,0,58,36,44,0,0,4,9,0,15,4,1,0,0,0,11,0,0,0,0,0,0,0,0,0,0,7,0,3,13,0,0,0,0,0,0,0,18,0,37,30,39,0,0,65,15,0,0,0,35,0,8,0,0,0,0,0,30,0,0,0,0,7,34,3,7,0,0,0,0,31,0,8,22,7,3,0,1,0,0,0,0,0,0,0,0,0,0,0,0,0,0,0,0,18,0,16,0,2,0,0,0,0,0,0,0,0,0,0,0,100,0,3,0,0,0,0,0,7,3,0,0,0,49,0,44,18,43,0,9,0,0,0,0,0,0,0
2012-11-01,34,59,11,8,11,26,2,50,30,82,12,0,0,49,19,44,30,32,0,31,14,0,0,0,0,0,0,0,4,0,67,0,0,0,0,37,0,27,17,22,0,29,0,27,0,0,0,0,53,0,3,8,0,0,0,0,67,17,7,0,0,0,5,0,0,0,20,0,0,48,0,21,19,2,0,0,5,0,4,0,0,0,0,0,0,0,0,25,97,14,20,56,22,0,0,0,64,29,49,0,0,4,18,2,61,5,2,0,0,0,0,0,0,0,0,0,0,0,0,0,0,7,10,4,10,0,0,0,0,0,0,0,16,0,36,30,47,0,0,61,10,0,0,0,0,100,8,0,0,0,0,0,28,0,0,0,0,8,31,4,0,0,0,0,0,42,0,6,18,7,3,0,1,0,5,0,0,0,0,0,0,0,0,0,0,0,0,0,0,26,0,24,0,3,0,0,0,0,0,0,0,0,0,0,0,0,0,2,0,0,4,0,0,3,2,0,0,0,31,0,42,22,48,0,7,0,84,0,0,0,0,0
2012-12-01,32,56,10,10,8,18,0,57,32,0,10,0,0,39,17,35,0,31,0,0,11,0,0,0,0,0,0,0,6,0,67,0,0,0,0,41,0,23,12,33,0,25,0,15,0,0,0,0,53,0,3,7,0,0,0,0,59,18,8,32,0,0,6,0,0,0,19,0,0,0,0,16,0,0,0,0,5,0,0,0,0,0,0,0,0,0,0,30,80,0,16,54,20,0,0,0,55,0,47,0,0,4,39,3,31,7,3,0,0,0,0,0,0,0,0,0,0,0,0,0,0,5,0,4,7,0,0,0,0,0,0,0,11,0,27,26,0,0,0,48,12,0,0,0,0,0,8,0,0,0,0,0,29,0,0,0,0,7,27,4,6,0,0,0,0,35,0,6,13,4,3,2,3,0,0,0,0,0,0,0,0,0,0,0,0,0,0,0,0,25,0,13,0,2,0,0,0,0,0,0,0,0,0,0,0,0,0,5,0,0,3,0,0,0,2,0,0,0,57,0,45,17,46,0,8,0,0,0,0,0,0,0
2013-01-01,36,59,9,9,10,21,3,61,32,0,8,0,0,31,6,25,0,37,15,27,14,0,0,0,0,0,0,0,3,0,61,0,0,0,0,52,0,42,16,35,0,37,0,11,0,0,0,0,0,0,3,8,0,0,0,0,100,17,6,0,0,0,7,0,0,0,22,0,0,44,0,29,20,3,0,0,7,0,3,0,0,0,0,0,0,0,0,23,100,0,22,59,23,0,0,0,66,30,41,0,0,7,38,9,22,8,4,2,0,0,0,0,0,0,0,0,0,0,0,0,0,9,11,2,14,0,0,0,0,0,0,0,15,0,33,31,0,0,0,58,10,0,0,0,0,0,8,0,0,0,0,0,27,0,0,0,0,7,32,5,7,0,0,0,0,60,0,6,15,3,2,0,1,0,0,0,0,0,0,0,0,0,0,0,0,0,0,0,0,23,0,20,0,3,0,0,0,0,0,0,0,0,0,0,0,0,0,3,0,0,3,0,0,4,2,0,0,0,28,0,65,25,59,0,10,0,0,0,0,100,0,0
2013-02-01,35,56,9,5,9,23,0,53,33,100,10,0,0,30,6,0,40,39,13,0,9,0,0,0,0,0,46,0,6,0,62,0,0,0,0,44,0,54,17,24,7,32,0,38,0,0,0,0,0,0,3,7,0,0,0,0,0,22,4,37,0,0,7,0,0,0,23,0,0,0,0,37,35,3,0,0,5,0,2,0,0,0,0,0,0,0,0,31,93,0,15,78,24,0,0,0,57,22,40,0,0,5,11,10,25,5,2,0,0,0,14,0,0,0,0,0,0,0,0,0,0,9,0,5,21,0,0,0,0,0,0,0,17,0,31,26,0,0,0,73,16,0,0,0,0,0,8,0,0,0,0,0,25,0,0,0,0,6,32,4,6,0,0,0,0,50,0,6,21,6,3,0,1,0,0,0,0,0,0,0,0,0,0,0,0,0,0,0,0,33,7,24,0,2,0,0,0,0,0,0,0,0,0,0,1,0,0,4,0,0,2,0,0,7,3,0,0,0,46,0,52,21,55,0,12,0,0,0,0,0,0,0
2013-03-01,37,60,8,9,7,22,3,58,41,0,6,0,98,25,4,23,0,38,22,45,8,0,0,0,0,0,44,0,6,0,65,82,0,0,0,40,0,49,15,23,0,26,0,23,0,0,0,0,0,0,3,7,0,0,0,0,47,19,6,30,0,0,6,0,0,0,17,0,0,0,0,19,29,0,0,0,6,0,4,0,0,0,0,0,0,0,0,27,90,0,20,72,23,53,0,0,60,19,62,0,0,5,13,8,29,4,2,0,0,0,4,0,0,0,0,0,0,0,0,0,0,6,0,4,20,0,0,0,0,0,0,0,17,100,35,26,31,0,0,75,18,0,0,0,0,0,9,0,0,0,0,0,30,0,0,0,0,6,31,3,5,0,0,0,0,60,0,7,20,3,2,0,2,0,0,0,0,0,0,0,0,0,0,0,31,0,0,0,0,21,0,14,0,4,0,0,0,0,0,0,0,0,0,0,0,0,0,6,0,4,0,0,0,3,3,0,0,0,33,0,55,25,48,0,8,0,0,0,0,0,0,0
2013-04-01,35,54,9,8,7,20,3,55,25,0,0,0,0,20,3,28,0,30,16,0,10,0,0,0,0,0,43,0,5,0,61,0,0,0,0,47,0,45,15,51,0,25,0,16,0,0,0,0,0,0,3,7,0,0,0,0,0,19,7,40,0,0,7,0,0,0,18,96,7,38,0,24,18,2,0,0,5,0,3,0,0,0,0,0,0,0,0,22,75,0,21,62,25,0,0,0,49,21,39,0,0,4,26,3,27,3,1,0,0,0,0,0,0,0,0,0,0,0,0,0,0,6,0,4,13,0,0,0,0,0,0,0,15,0,37,25,28,0,0,66,11,0,0,0,0,0,10,0,26,0,0,0,37,0,0,0,0,7,32,4,4,0,0,0,0,37,0,5,28,3,2,0,4,0,0,0,0,0,0,0,0,0,0,0,0,0,0,0,1,27,0,14,0,3,0,0,0,0,0,0,0,0,0,0,0,0,0,5,0,0,3,0,0,4,1,0,0,0,61,0,53,20,54,0,9,0,0,0,0,0,0,0
2013-05-01,35,52,8,7,10,22,3,51,27,0,5,66,0,26,5,18,0,30,12,24,10,0,0,0,0,0,46,0,6,0,74,0,0,0,0,39,0,55,15,38,5,33,0,20,0,0,0,0,36,0,4,7,14,0,0,0,0,17,4,34,0,36,7,0,0,0,22,0,0,31,0,29,23,2,0,0,6,0,4,0,0,0,0,0,1,0,0,22,74,13,17,55,22,52,15,0,51,0,36,0,0,3,30,5,12,3,1,1,0,0,0,0,0,0,0,0,0,0,0,0,0,7,12,4,16,0,0,0,0,0,0,0,15,0,38,24,19,0,0,61,14,0,0,0,0,46,7,0,0,0,0,0,46,0,74,0,0,8,27,4,6,0,0,0,0,34,0,6,20,3,2,0,8,0,0,0,0,0,0,0,0,0,0,0,0,0,0,0,0,20,0,16,0,2,0,0,0,0,0,0,0,0,0,0,0,0,0,4,0,0,0,45,0,2,2,0,0,0,35,0,46,18,53,0,9,0,68,0,0,0,0,0
2013-06-01,33,51,9,9,8,20,3,50,31,0,7,69,0,26,6,24,27,38,12,22,10,0,0,18,0,0,0,0,5,0,87,0,0,0,0,41,0,39,15,26,5,33,0,30,0,0,0,0,53,0,3,7,0,0,0,0,0,17,5,30,0,0,6,0,0,0,19,0,0,0,0,14,17,1,0,0,6,0,4,0,0,0,56,0,0,0,0,18,73,0,20,65,21,0,0,0,47,0,34,0,0,4,31,2,37,4,1,2,0,1,5,0,0,0,0,0,0,0,0,0,0,7,0,4,17,0,0,0,0,0,0,0,18,0,36,30,30,0,0,58,13,0,0,0,0,0,8,0,0,0,0,0,51,0,0,0,0,9,24,3,11,0,0,0,0,37,0,6,25,0,3,0,14,0,0,8,0,0,0,0,0,0,0,0,0,0,0,0,0,16,4,18,0,2,0,0,0,0,0,0,0,0,0,0,0,0,0,5,0,4,2,0,0,0,2,0,0,0,28,0,48,22,45,0,8,0,72,0,0,85,4,0
2013-07-01,31,57,7,6,9,19,2,49,28,0,9,71,0,23,4,31,0,35,9,23,10,0,0,0,0,0,58,0,6,0,82,0,0,0,0,34,0,49,15,24,5,37,0,23,0,0,0,0,56,0,2,6,0,0,0,0,0,17,5,26,0,0,7,0,0,0,18,0,0,0,0,21,25,1,0,0,7,0,3,0,0,0,0,0,0,0,0,21,67,9,15,54,22,0,0,0,49,18,45,0,0,4,31,7,21,4,1,0,0,0,0,0,0,0,0,0,0,0,0,0,0,7,6,3,11,0,0,0,0,0,0,0,19,0,33,25,31,0,0,54,12,0,4,0,0,53,9,1,0,0,0,0,65,0,0,0,0,10,27,4,8,0,0,0,0,28,0,6,17,3,2,0,36,0,0,5,0,0,0,0,0,0,0,0,22,0,0,0,0,19,0,15,0,2,0,0,0,0,0,0,0,0,0,0,0,0,0,6,0,0,2,0,0,2,2,0,0,0,26,0,49,23,46,0,13,54,66,0,0,0,0,0
2013-08-01,30,51,9,9,8,20,2,44,22,59,10,0,0,20,2,25,25,25,11,0,7,0,0,0,0,0,67,0,5,0,77,0,0,0,0,31,0,41,15,27,5,27,3,21,0,0,0,0,0,0,3,7,0,0,0,0,41,14,5,25,0,0,4,0,0,0,18,0,0,0,0,20,36,2,0,0,7,0,2,0,0,0,0,0,0,0,0,21,67,8,15,63,19,0,0,0,47,100,40,0,0,3,8,6,10,2,1,0,0,1,0,0,0,0,0,0,0,0,0,0,0,5,6,2,10,0,0,0,0,0,0,0,18,0,30,26,41,0,0,54,14,0,0,0,24,0,10,0,0,0,0,0,55,0,0,0,0,11,30,4,5,0,0,0,0,13,0,5,13,3,1,0,38,0,0,0,0,0,0,0,0,0,0,0,0,0,0,0,0,17,5,17,0,0,0,0,0,0,0,0,0,0,0,0,0,0,0,5,0,0,0,0,0,0,0,0,0,0,58,0,50,20,45,0,8,66,70,0,54,0,0,0
2013-09-01,31,49,6,10,10,22,4,44,26,63,14,62,0,49,10,37,23,27,10,0,8,0,0,0,0,0,32,0,6,0,68,0,0,0,0,38,0,41,15,19,5,37,0,16,0,80,0,0,0,0,2,7,0,0,0,0,0,16,7,25,0,0,6,0,0,0,17,0,0,28,0,16,27,2,0,0,6,0,3,0,0,0,0,0,0,0,0,20,62,0,14,81,18,0,0,0,41,46,36,0,0,3,7,7,9,100,1,6,0,0,0,0,0,0,0,0,0,0,0,0,0,6,0,2,9,0,0,0,0,0,0,0,15,0,31,24,31,0,0,51,14,0,0,0,0,0,8,0,0,0,0,0,55,0,0,0,0,9,34,4,5,0,0,0,0,16,0,6,15,3,3,1,35,0,0,0,0,0,0,0,0,0,0,0,0,0,0,0,0,18,0,18,0,2,0,0,0,0,0,0,0,0,0,0,0,0,0,6,0,0,2,0,0,0,0,0,0,54,24,0,48,20,34,0,9,60,75,0,0,0,0,0
2013-10-01,28,45,6,9,7,18,3,41,26,0,5,60,0,33,8,30,29,24,17,0,6,0,0,35,0,0,44,0,7,0,67,0,0,0,0,35,0,37,14,32,0,40,0,16,0,62,0,0,0,0,2,6,14,0,0,0,0,16,5,23,0,0,7,0,0,0,17,95,0,36,0,18,24,2,100,0,4,0,2,0,0,100,0,0,0,0,0,24,53,11,13,78,19,0,0,0,49,11,32,0,0,2,12,2,9,57,1,2,0,1,5,0,0,0,0,0,0,0,0,0,0,6,12,3,13,0,0,0,0,0,0,0,16,0,31,29,32,0,0,45,13,0,0,0,0,0,8,0,0,0,0,0,49,0,0,0,0,6,38,4,5,0,0,0,0,0,0,6,12,4,2,1,49,0,0,0,0,0,0,0,0,0,0,0,0,0,0,0,0,27,5,20,0,3,0,0,0,0,0,0,0,0,0,0,0,0,0,8,0,0,0,0,0,3,2,0,0,0,35,0,45,18,50,0,10,0,62,0,0,87,0,100
2013-11-01,28,43,7,5,5,18,2,41,23,0,7,0,0,27,7,30,0,29,11,21,11,0,0,100,0,0,56,0,4,0,67,60,0,0,0,35,0,40,15,22,6,31,0,17,0,62,0,0,40,0,2,6,0,0,0,0,0,14,5,30,0,0,5,0,0,0,14,0,0,0,0,21,16,2,0,0,4,0,2,0,0,0,0,0,0,0,0,18,64,8,11,84,19,60,0,0,46,13,42,0,0,4,13,1,9,15,0,0,1,2,0,0,0,0,0,0,0,0,5,0,0,6,0,4,9,0,0,0,0,0,0,0,18,0,35,28,37,88,0,43,10,0,4,0,25,0,6,0,0,0,0,0,53,0,88,0,0,7,40,4,4,0,0,0,0,21,0,7,14,3,1,0,100,0,0,0,0,0,0,0,0,0,0,0,0,0,0,0,0,24,0,20,0,2,0,0,0,0,0,0,0,0,0,0,0,0,0,7,0,2,0,0,0,2,0,0,0,0,0,0,45,19,50,0,7,0,72,0,61,98,0,0
2013-12-01,27,28,6,7,5,10,1,26,21,73,0,0,0,12,3,18,16,15,6,0,6,0,0,23,0,0,35,0,12,0,34,0,0,0,0,18,0,20,9,8,5,21,0,8,0,0,0,0,0,0,2,4,0,0,0,0,0,9,4,24,0,0,5,0,0,0,11,82,0,23,0,13,33,2,0,0,4,0,1,0,0,0,66,0,1,0,42,23,44,5,7,31,12,37,36,0,32,12,22,0,0,2,11,1,6,6,0,0,0,0,0,0,0,0,0,0,0,0,0,0,0,4,4,1,7,0,0,0,0,0,0,0,9,0,23,21,20,0,0,25,6,0,0,0,0,31,6,0,0,0,0,0,38,0,67,0,0,5,22,2,4,0,0,0,0,25,0,3,9,2,2,1,44,0,0,0,0,0,0,0,0,0,0,0,0,0,0,0,0,13,0,14,0,3,0,0,0,0,0,0,0,0,0,0,0,0,0,6,0,2,2,0,0,1,0,0,0,0,33,0,31,15,21,0,7,35,53,0,40,0,0,0
2014-01-01,41,38,9,8,6,15,1,36,30,42,4,0,0,16,2,36,24,20,11,16,6,0,0,12,0,0,60,0,25,0,59,40,0,0,0,34,24,31,13,29,4,41,0,11,0,0,0,0,26,66,3,5,0,0,19,0,26,11,5,33,0,0,7,0,0,0,15,55,4,31,0,22,38,2,63,0,5,20,3,0,0,48,100,80,3,45,100,27,60,9,8,40,14,54,80,0,42,23,25,0,0,2,13,1,9,5,1,2,0,1,0,0,1,0,0,0,0,0,0,0,0,6,5,2,10,0,0,0,0,0,0,0,13,0,32,26,31,0,0,38,11,0,0,0,0,52,7,0,0,0,0,0,37,0,65,0,0,6,22,3,5,0,0,0,0,39,0,5,12,2,3,1,9,0,0,5,0,0,0,0,0,0,0,0,0,0,0,0,0,18,0,12,0,4,3,0,0,0,0,0,0,0,0,0,0,0,0,4,0,2,2,31,0,2,0,0,0,0,44,0,39,20,36,0,7,0,68,65,38,73,0,0
2014-02-01,39,36,10,10,6,17,2,31,33,52,6,0,0,18,3,30,28,26,6,14,9,0,0,0,0,0,58,0,17,0,44,75,0,0,0,34,0,39,15,22,4,33,0,18,0,0,0,0,34,100,3,5,0,0,20,0,28,11,6,34,0,0,7,0,0,0,15,52,3,23,0,16,36,2,79,0,5,0,3,82,0,0,77,0,2,45,86,19,58,8,11,49,17,0,77,0,41,12,27,0,0,3,15,4,10,4,1,1,0,1,2,0,0,0,0,0,0,0,0,0,0,5,0,2,7,0,0,0,0,0,0,0,14,0,27,25,26,0,0,47,11,0,0,0,0,61,7,1,0,0,0,0,33,0,80,0,0,5,25,3,5,0,0,0,0,41,0,4,17,3,3,0,11,0,0,4,0,0,0,0,0,1,0,0,0,0,0,0,0,25,0,14,0,3,4,0,0,0,0,0,0,0,0,0,0,0,0,5,0,2,2,27,0,2,1,0,0,50,50,0,40,17,41,0,8,33,70,0,51,0,0,0
2014-03-01,35,34,8,9,5,16,2,30,21,41,6,33,0,23,3,29,22,20,13,10,9,0,0,0,0,0,51,0,13,0,42,33,0,0,0,26,16,39,14,21,3,30,0,26,0,0,0,0,32,66,2,5,15,0,25,0,0,13,3,21,0,0,5,0,0,0,15,81,0,30,0,19,39,2,84,0,5,25,3,63,40,0,91,0,2,0,56,20,59,9,11,65,15,53,66,0,32,8,20,0,0,4,14,9,11,26,1,1,0,0,4,0,0,0,0,0,0,0,0,0,0,5,4,2,10,0,0,0,0,0,0,0,12,0,31,20,14,0,0,42,14,0,0,0,17,29,6,1,13,0,0,0,27,0,64,0,0,5,18,3,6,0,0,0,0,28,0,5,16,2,2,0,10,0,0,4,0,0,0,0,0,0,0,0,13,0,0,0,0,14,0,13,0,2,0,0,0,0,0,0,0,0,0,77,0,0,0,4,0,2,4,20,0,2,1,0,0,42,50,0,35,17,34,0,7,32,33,0,35,43,0,0
2014-04-01,33,30,8,9,4,15,2,33,20,0,5,0,0,15,2,25,14,19,11,0,5,0,0,11,0,0,50,100,11,0,43,56,0,0,0,19,0,27,14,18,0,27,0,17,0,32,100,0,43,0,2,4,0,0,0,0,0,10,4,36,0,0,6,0,0,0,11,51,0,15,0,17,30,1,63,0,6,18,3,0,0,78,73,0,2,45,69,28,53,17,10,62,15,63,63,0,31,9,15,0,0,3,16,6,10,3,1,0,0,1,0,0,0,0,0,0,0,0,0,0,30,5,6,2,9,0,0,0,0,0,0,0,13,0,23,26,22,0,0,43,10,0,2,0,0,35,7,1,13,0,0,0,29,0,76,0,0,6,20,3,8,0,0,0,0,28,0,5,12,3,2,0,13,0,0,3,0,0,0,0,0,0,0,0,12,0,0,0,0,14,0,14,0,3,0,0,0,0,0,0,0,0,0,0,0,0,0,6,0,0,2,21,0,0,1,0,0,40,28,0,38,14,31,0,5,0,71,79,48,0,0,0
2014-05-01,30,37,7,11,5,17,2,36,23,0,8,0,0,22,3,30,0,22,10,0,7,0,0,0,0,0,47,0,10,0,47,78,0,0,0,27,0,36,15,28,5,36,0,20,0,0,0,0,39,0,1,4,0,0,0,0,0,14,6,28,0,0,6,0,0,0,16,61,4,0,0,11,24,1,53,0,4,0,2,0,0,79,43,100,1,0,24,28,70,18,12,85,20,67,17,0,35,0,23,0,0,5,62,5,15,3,1,2,0,1,3,0,0,0,0,0,0,0,0,0,0,5,6,4,13,0,0,0,0,0,0,0,15,0,32,24,16,0,0,46,14,0,0,0,0,44,7,1,0,10,0,0,45,0,68,0,0,7,22,5,10,0,0,0,0,29,0,5,16,2,2,0,17,0,0,5,0,0,0,0,0,0,0,0,0,0,0,0,0,18,0,15,0,2,0,0,0,0,0,0,0,0,0,0,0,0,0,7,0,2,2,33,0,2,2,0,0,33,41,0,42,17,32,0,7,0,67,0,52,0,0,0
2014-06-01,29,35,6,9,5,18,2,31,21,53,7,49,0,19,3,30,19,18,11,24,8,0,0,0,0,0,40,0,9,0,40,82,0,0,0,34,0,30,15,35,0,32,0,19,0,0,0,0,0,0,2,4,13,0,0,0,0,13,5,26,0,0,5,0,0,0,14,0,0,22,0,13,28,1,0,0,5,0,3,90,0,0,0,0,1,45,35,22,64,19,14,90,17,38,43,0,24,30,15,0,0,4,46,4,11,2,0,0,0,1,3,0,0,0,0,0,0,0,0,0,0,5,5,3,10,0,0,0,0,0,0,0,13,0,33,23,36,0,0,45,17,0,0,0,0,45,6,1,0,0,0,0,45,0,0,0,30,7,26,5,9,0,0,0,0,18,0,6,16,0,2,0,16,0,0,7,0,0,0,0,0,0,0,0,16,0,0,0,0,19,3,16,0,2,0,0,0,0,0,0,0,0,0,0,0,0,0,6,0,0,2,0,0,0,2,0,0,0,50,0,44,16,41,0,7,0,61,94,51,0,0,0
2014-07-01,33,39,7,9,6,16,2,41,26,0,7,0,0,23,4,36,0,26,11,17,10,0,0,0,0,0,30,0,9,0,52,0,0,0,0,44,0,34,16,35,4,44,0,18,0,0,0,0,35,0,2,5,12,0,0,0,0,16,7,36,0,0,6,0,0,0,19,63,0,32,0,19,33,2,0,0,6,32,3,0,0,0,46,0,1,0,54,21,73,23,15,86,18,61,36,0,44,16,23,0,0,4,48,5,14,2,1,1,0,1,12,0,0,0,0,0,0,0,0,0,0,7,8,4,13,0,0,0,0,0,0,0,16,0,38,26,29,0,0,53,7,0,0,0,0,50,9,1,0,0,0,0,47,0,100,0,0,11,30,6,12,0,0,0,0,22,0,6,16,4,2,0,16,0,0,4,0,0,0,0,0,1,0,0,21,0,0,0,0,26,3,15,0,2,0,0,100,15,0,0,0,0,0,0,0,0,0,8,0,0,2,34,0,2,1,0,0,0,51,0,47,18,40,14,9,78,84,0,0,0,0,0
2014-08-01,29,34,6,7,7,16,2,33,24,0,5,0,0,12,2,39,31,19,11,0,9,0,0,0,0,0,36,0,8,0,34,0,0,0,0,33,0,32,17,24,0,38,0,12,0,0,0,0,36,0,3,5,20,0,0,0,0,14,4,38,0,37,5,0,0,0,17,84,0,0,0,16,26,2,0,1,5,29,2,0,0,78,46,0,1,0,0,25,69,21,15,75,16,53,37,0,34,9,22,0,0,5,5,1,10,2,1,0,0,4,5,0,0,0,0,0,0,0,0,0,0,5,6,3,8,0,0,0,0,0,0,0,14,0,34,25,31,0,0,59,13,0,0,0,0,42,8,0,0,0,0,0,37,0,0,0,0,11,30,5,10,0,0,0,0,31,0,5,12,3,2,1,5,0,0,0,0,0,0,0,0,2,0,0,0,0,0,0,0,18,0,13,1,3,0,0,0,0,0,0,0,0,0,0,0,0,0,9,0,3,0,0,0,2,2,0,0,0,33,0,50,16,35,0,8,0,89,0,64,0,0,0
2014-09-01,30,35,7,7,6,20,2,34,24,0,0,68,51,15,2,27,0,20,11,15,11,0,0,0,0,0,59,0,8,0,44,0,0,0,0,39,0,44,16,29,4,37,0,11,0,0,0,0,0,0,2,5,0,0,33,0,0,12,5,37,0,0,5,0,0,0,17,74,0,0,0,17,25,2,0,0,6,0,3,100,0,0,0,0,1,0,51,22,83,22,16,85,18,61,34,0,40,17,23,0,0,5,13,1,8,2,0,0,1,17,2,0,1,0,0,0,0,0,0,0,0,6,6,4,21,0,0,0,0,0,0,0,18,0,35,22,17,0,0,63,13,0,0,0,0,43,7,0,0,0,0,0,43,35,63,0,0,9,33,5,9,0,0,0,0,36,0,5,13,4,2,0,2,0,0,7,0,0,0,0,0,0,0,0,0,0,0,0,0,23,0,21,0,2,0,0,0,0,0,0,1,0,0,0,0,0,0,7,0,2,1,32,0,3,2,0,0,0,54,0,46,17,40,14,8,0,62,0,51,0,0,0
2014-10-01,30,38,7,10,7,19,4,36,29,52,7,66,64,18,2,34,24,22,13,14,10,0,0,15,0,0,43,0,8,0,50,57,0,0,0,37,0,39,14,31,6,40,0,14,0,0,0,0,33,0,2,5,0,0,0,0,0,14,5,34,0,26,5,0,0,0,16,75,0,18,0,22,28,1,0,1,4,0,2,0,0,0,0,0,1,0,33,19,71,24,17,97,19,30,31,0,52,28,34,0,0,5,15,1,29,2,0,0,1,9,16,0,0,0,0,0,0,0,0,0,0,5,5,3,8,0,0,0,0,0,0,0,12,0,35,21,20,0,0,52,10,0,2,0,0,62,7,1,0,0,0,0,44,0,0,0,0,7,33,4,5,0,0,0,0,33,0,7,15,4,2,0,2,0,0,6,0,0,0,0,0,1,0,0,0,0,0,0,0,14,3,18,0,3,6,0,0,10,0,0,0,0,0,0,0,0,0,6,0,3,2,0,0,1,1,0,0,0,37,0,43,17,33,12,8,56,40,0,0,54,0,0
2014-11-01,28,37,6,5,7,17,2,32,29,61,6,0,0,14,3,31,13,20,9,15,8,0,0,0,0,0,23,0,11,0,51,51,0,0,0,25,0,30,13,27,5,34,0,22,0,0,0,0,33,0,4,4,13,0,0,0,0,10,5,27,0,0,5,0,0,0,15,0,0,0,0,17,22,2,53,0,4,0,2,0,0,0,0,0,1,0,37,20,76,26,14,71,15,93,33,0,36,11,24,0,0,4,10,1,41,2,0,0,1,3,3,40,1,0,0,0,0,0,0,0,0,4,6,4,11,0,0,0,0,0,0,0,15,0,33,22,38,0,0,61,14,0,2,0,24,49,7,1,0,0,0,0,44,0,0,0,0,6,29,4,8,0,0,0,0,39,100,6,13,3,2,0,3,0,0,0,0,0,0,0,0,0,0,0,14,0,0,0,0,21,3,12,0,3,6,0,0,0,0,0,0,0,0,0,0,0,0,7,0,1,2,34,0,1,1,0,0,31,26,0,40,14,37,0,5,0,53,0,50,0,0,0
2014-12-01,24,31,5,9,5,12,1,31,15,49,6,72,0,16,4,29,0,19,7,30,9,0,0,0,0,0,37,0,13,0,40,0,0,0,0,30,0,31,11,20,0,26,0,21,0,0,0,0,0,0,2,5,0,0,0,0,0,10,5,19,0,0,6,0,0,0,14,57,0,22,0,17,26,1,0,0,5,0,2,0,0,0,0,0,1,0,21,12,74,25,10,60,16,35,23,0,25,0,18,0,0,3,3,1,20,1,0,0,1,5,2,77,0,0,0,0,0,0,0,0,0,4,4,2,6,0,0,0,0,0,0,0,10,0,39,22,25,0,0,51,10,0,3,0,0,53,6,1,0,0,0,0,55,0,67,0,0,6,27,4,6,0,0,0,0,22,0,4,11,3,1,0,3,0,0,4,0,0,0,0,0,0,0,0,0,0,0,0,0,17,0,10,0,2,0,0,0,0,0,0,0,0,0,0,0,0,0,7,0,2,3,28,0,0,1,0,0,0,36,0,35,13,32,0,7,37,56,0,47,54,2,0
2015-01-01,33,44,8,9,6,18,2,39,24,49,5,44,0,22,4,33,12,21,8,0,11,0,0,10,0,0,42,0,11,0,61,39,0,0,0,34,0,35,14,30,6,55,0,11,0,40,0,0,29,0,2,6,12,0,25,0,0,10,5,33,0,0,6,100,0,0,16,68,4,31,0,17,31,2,0,1,6,0,3,0,0,63,0,0,1,33,27,19,96,41,19,69,19,78,29,0,44,14,32,0,0,3,5,1,24,1,0,0,1,4,2,29,0,0,0,0,0,0,0,0,48,5,5,3,12,0,0,0,0,0,0,0,17,0,39,32,27,0,0,61,17,0,0,0,0,48,7,1,0,8,0,0,43,0,67,0,0,5,31,5,3,0,0,0,0,34,0,5,15,4,2,0,4,0,0,6,0,0,0,0,0,0,0,0,14,0,0,0,0,22,3,13,0,3,3,0,0,0,0,0,0,0,0,0,0,0,0,7,0,2,19,23,0,1,0,0,3,28,32,0,51,19,42,0,8,76,68,0,61,0,0,0
2015-02-01,31,35,6,8,7,18,2,36,22,77,10,42,0,37,13,38,27,17,5,20,8,0,0,0,0,0,52,0,9,0,50,60,0,0,0,35,0,39,18,25,3,46,0,19,0,0,0,0,24,0,2,6,9,0,0,0,28,12,6,32,0,0,4,0,0,0,14,0,0,28,0,19,31,2,66,0,4,0,2,0,0,0,57,0,2,64,28,28,76,38,20,85,20,52,27,0,44,17,38,0,0,3,11,2,31,76,1,2,0,4,0,31,0,0,0,0,0,0,0,0,44,4,5,3,14,0,0,0,0,0,0,0,17,0,36,28,22,0,0,73,17,0,3,0,0,42,8,1,0,0,0,0,36,0,86,0,0,5,32,5,5,0,0,0,0,43,0,4,15,3,1,0,4,0,0,3,0,0,0,0,0,0,0,0,0,0,0,0,0,20,7,12,0,3,0,0,0,0,0,0,0,0,0,0,0,0,0,6,0,3,5,28,0,2,0,0,0,59,34,0,47,21,35,0,8,55,90,0,47,0,2,0
2015-03-01,28,31,5,9,5,15,2,29,23,0,5,45,0,22,7,36,17,18,9,0,7,0,0,10,0,0,33,0,8,0,56,62,0,0,0,31,0,39,15,27,0,30,0,13,0,0,0,0,0,0,1,5,0,0,0,0,0,10,5,42,0,0,6,0,0,0,15,61,0,21,0,16,27,2,0,0,4,0,2,0,0,0,66,71,1,0,21,19,70,25,19,60,17,74,30,0,32,15,20,0,0,2,17,2,11,34,1,1,3,20,0,37,0,0,0,0,0,0,0,0,0,5,5,2,12,0,0,0,0,0,0,0,14,0,39,24,23,0,0,55,10,0,0,0,0,33,6,1,0,0,0,0,36,0,55,0,0,5,26,3,2,0,0,0,0,27,0,5,14,3,2,0,2,0,0,4,0,0,0,0,0,0,0,0,0,0,0,0,0,19,3,14,0,2,5,0,0,0,0,0,0,0,0,0,0,0,0,6,0,0,3,0,0,2,1,0,0,0,34,0,39,18,34,0,5,44,72,0,39,52,0,0
2015-04-01,28,31,7,9,5,13,2,33,26,0,5,0,0,21,5,33,14,17,11,0,9,0,0,0,0,0,32,0,9,0,47,57,0,0,0,32,0,38,14,25,4,35,0,18,0,0,0,0,26,0,2,5,12,0,0,0,27,9,6,25,0,22,6,0,0,0,13,0,0,19,0,14,25,2,38,0,5,0,2,75,45,0,35,0,2,0,34,22,65,29,18,68,16,61,26,0,31,10,19,0,0,3,22,9,10,20,1,0,5,6,23,0,0,0,0,0,0,0,0,0,0,4,5,3,10,0,0,0,0,0,0,0,14,0,37,24,28,0,0,48,12,0,0,0,0,59,6,1,0,0,0,0,44,0,73,0,0,6,26,4,6,0,0,0,0,23,0,4,15,3,2,0,2,0,0,5,0,0,0,0,0,0,0,0,12,0,0,0,0,14,0,10,0,2,3,0,0,0,0,0,0,0,0,0,0,0,0,8,0,3,4,28,0,3,1,0,0,0,44,0,38,19,47,0,8,64,58,0,50,72,0,0
2015-05-01,28,31,5,7,5,16,2,33,25,48,7,48,0,17,2,30,26,20,10,0,4,0,0,0,0,0,53,0,10,0,47,38,0,0,0,37,0,34,14,33,4,46,2,17,0,37,0,45,0,0,1,4,9,0,19,0,0,10,4,25,0,0,5,0,0,0,16,76,4,24,0,15,23,2,39,0,4,0,2,0,0,0,0,0,1,0,21,27,68,27,22,67,18,49,30,0,34,8,21,0,0,3,7,10,30,6,0,1,2,2,4,86,0,0,0,0,0,0,0,0,46,5,3,2,13,0,0,0,0,0,0,0,13,0,36,25,27,0,0,63,17,0,0,0,0,57,8,1,12,0,0,0,55,0,74,0,0,6,26,3,5,0,0,0,0,38,0,5,16,2,2,1,3,0,0,6,0,0,0,0,0,0,0,0,15,0,0,0,0,17,5,11,0,3,5,0,0,0,0,67,0,0,0,0,0,0,0,6,0,2,11,0,0,2,1,0,0,35,45,0,40,18,44,10,6,0,52,0,44,62,0,0
2015-06-01,26,37,6,8,7,16,2,35,21,35,7,0,19,15,2,41,19,18,8,12,6,0,0,15,0,0,38,0,7,0,57,64,0,0,0,30,21,30,14,32,3,44,2,17,0,32,0,0,27,0,2,5,9,0,21,0,20,9,5,25,0,0,5,0,0,0,14,0,0,17,0,20,23,1,30,0,5,0,4,0,0,65,40,95,1,0,0,20,78,27,21,67,15,73,19,0,33,8,17,0,0,4,7,5,23,2,1,0,1,2,2,50,0,0,0,0,0,0,0,0,0,4,5,3,13,0,0,0,0,0,0,0,16,0,39,22,21,0,0,64,13,0,3,0,0,45,6,1,0,0,0,0,56,0,0,0,0,7,23,3,6,0,0,0,0,35,0,5,17,2,2,0,2,0,0,7,0,0,0,0,0,0,0,0,11,0,0,0,0,19,6,14,0,2,3,0,0,0,0,0,0,0,0,0,0,0,0,7,0,2,6,0,0,2,2,0,0,27,42,0,42,19,39,10,7,67,80,84,34,59,2,0
2015-07-01,26,42,6,10,7,16,2,37,25,32,7,0,56,15,3,32,12,22,11,0,8,0,0,8,0,0,43,0,10,0,55,29,0,0,0,40,19,35,14,41,5,41,2,14,0,37,0,0,0,0,1,5,9,0,23,0,25,10,4,22,0,0,5,0,0,0,13,0,0,12,0,21,20,1,0,1,7,21,3,76,50,66,0,0,1,31,0,16,84,36,24,75,18,62,0,0,29,15,19,0,0,5,6,3,10,1,1,0,2,5,2,21,0,0,0,0,0,0,2,0,0,4,7,3,14,0,0,0,0,0,0,0,14,0,38,24,24,0,0,61,12,0,3,0,0,44,9,1,14,0,0,0,58,20,45,0,0,7,28,3,5,0,0,0,0,30,0,6,15,3,2,1,2,0,0,5,0,0,0,0,0,1,0,0,10,0,0,0,0,17,4,16,0,2,4,0,0,9,0,0,0,0,0,0,0,0,2,6,0,2,3,31,0,3,2,0,0,0,22,0,50,23,47,0,9,74,99,73,36,76,0,0
2015-08-01,24,36,5,9,8,17,1,35,21,74,8,67,43,19,3,34,16,17,9,11,11,0,0,12,0,0,45,0,8,0,56,56,0,0,0,39,0,35,15,28,4,48,0,13,0,0,0,0,0,0,1,4,13,0,0,0,25,9,4,23,0,0,5,0,0,0,14,0,4,22,0,18,18,2,0,0,7,0,3,0,50,0,0,0,1,45,0,19,70,37,22,65,17,80,8,0,28,15,17,0,0,25,19,4,8,1,0,0,2,4,2,44,0,0,0,0,0,0,2,0,0,4,4,3,15,0,0,0,0,0,0,0,16,0,32,23,19,0,0,55,11,0,3,0,0,34,8,0,0,0,0,0,64,0,59,0,0,7,28,4,5,0,0,0,0,24,0,5,13,2,2,0,1,0,0,3,0,0,0,0,0,0,0,0,0,0,0,0,0,16,5,9,0,2,4,0,0,0,0,0,0,0,0,0,0,0,0,9,0,2,3,22,0,2,1,0,0,0,36,0,47,20,53,12,7,80,61,0,71,60,0,60
2015-09-01,24,36,5,0,7,18,3,30,22,0,5,0,99,18,3,33,0,14,6,26,7,0,0,0,0,0,40,0,7,0,55,57,0,0,0,37,0,29,14,26,0,50,0,13,0,42,0,0,27,0,1,5,19,0,0,0,0,8,5,18,0,0,5,0,0,0,14,0,0,0,0,12,19,1,0,1,7,0,2,0,0,74,0,0,1,0,0,19,67,30,20,55,17,67,0,0,45,10,19,0,70,16,27,2,8,2,0,0,7,28,5,23,0,0,0,0,0,0,0,0,48,4,10,4,9,0,0,0,0,0,0,0,18,0,38,23,31,0,0,56,9,0,3,0,0,0,7,1,0,0,0,0,65,0,69,0,0,6,32,3,6,0,0,0,0,35,0,5,19,3,2,0,1,0,0,5,0,0,0,0,0,0,0,0,0,0,0,0,0,23,5,19,0,2,5,0,0,11,0,0,0,0,0,0,0,0,4,7,0,2,3,0,0,0,1,0,0,34,35,0,53,21,41,0,6,67,63,0,0,67,0,0
2015-10-01,23,36,6,6,7,16,2,32,14,43,4,50,100,14,2,23,0,16,5,28,9,0,0,12,0,0,32,0,9,0,51,0,0,0,0,38,31,31,15,41,3,44,0,11,0,41,0,0,25,68,1,4,15,0,0,0,27,8,5,21,0,0,4,0,0,0,13,0,0,20,0,13,25,2,0,0,4,0,3,0,0,58,0,0,1,0,0,20,72,33,20,66,14,55,0,0,23,13,15,0,0,13,15,1,13,1,0,0,8,5,43,27,0,0,0,0,0,0,0,0,0,4,4,4,11,0,0,0,0,0,0,0,15,0,38,25,18,0,0,54,13,0,4,0,18,49,6,1,0,0,0,0,48,0,59,0,0,5,33,3,3,0,0,0,0,28,0,6,15,12,2,0,1,0,0,7,0,0,0,0,0,0,0,0,13,0,0,0,0,23,4,14,0,2,5,0,0,0,0,0,0,0,0,0,0,0,3,8,0,3,14,41,0,2,1,0,0,27,29,0,48,23,45,14,6,60,37,0,44,0,0,0
2015-11-01,22,35,5,8,6,18,2,29,21,37,7,44,79,13,2,33,14,18,5,19,7,0,0,11,0,0,36,0,10,0,52,45,0,0,0,33,21,56,15,28,3,46,2,8,0,0,0,0,22,0,2,5,9,0,0,0,23,7,3,23,0,20,5,0,0,0,12,44,4,23,0,14,22,2,32,0,5,0,3,0,0,72,0,0,1,0,0,22,66,32,17,75,15,64,9,0,29,11,18,0,0,5,5,1,12,1,0,1,2,1,4,77,1,0,0,0,0,0,0,0,0,3,5,3,14,0,0,0,0,0,0,0,15,0,35,24,18,52,0,57,10,0,3,0,0,27,7,1,0,0,0,0,44,0,84,0,0,6,22,3,5,0,0,0,0,30,0,6,13,5,3,0,1,0,0,6,0,0,0,0,0,0,0,0,11,0,0,0,0,17,5,9,0,2,4,0,0,0,0,0,0,0,0,0,0,0,3,8,0,3,11,45,0,1,1,0,0,51,32,0,44,22,40,13,7,56,100,0,43,0,0,0
2015-12-01,22,31,4,7,7,13,1,32,19,0,5,42,23,9,2,28,16,16,7,0,6,0,0,0,0,0,40,0,11,0,42,58,0,0,0,33,20,26,12,21,0,30,0,9,0,48,0,0,29,0,2,4,12,0,0,0,0,8,4,16,0,0,4,0,0,0,13,62,3,23,0,16,28,1,0,1,6,0,3,0,0,69,0,0,0,0,0,18,55,33,18,60,13,60,0,0,26,0,16,0,0,6,5,2,7,1,0,0,2,3,3,85,0,17,0,0,0,0,0,0,30,4,6,2,14,0,0,0,0,0,0,0,15,0,35,26,21,0,0,56,7,0,3,0,0,42,8,2,0,0,0,0,48,0,0,0,0,7,30,3,6,0,0,0,0,31,0,5,12,3,3,0,1,0,0,4,0,0,0,0,0,0,0,0,0,0,0,0,0,26,3,10,0,1,4,0,0,11,15,0,0,0,0,0,0,0,4,9,0,3,8,41,0,0,1,0,0,30,29,0,48,19,36,10,13,61,52,74,0,51,2,0
2016-01-01,25,43,5,11,9,24,3,33,21,53,7,80,80,14,2,34,13,16,8,12,7,0,0,0,0,0,37,0,12,0,59,41,0,0,0,43,23,36,13,41,6,61,2,8,0,48,0,0,22,0,1,4,16,0,25,0,18,6,3,21,0,25,4,0,0,0,11,43,2,17,0,15,16,1,0,0,6,23,3,0,0,50,0,60,1,32,19,17,56,34,11,55,14,68,0,0,49,18,39,0,0,6,7,4,11,1,0,1,4,9,3,40,1,0,0,0,0,0,2,0,24,4,5,4,17,0,0,0,0,0,0,0,14,0,38,28,28,0,0,62,15,0,3,0,0,57,7,0,0,0,0,0,42,0,69,0,0,5,31,3,3,0,0,0,0,39,0,5,13,3,2,0,2,0,0,6,0,0,0,0,0,0,0,0,9,0,0,0,0,20,4,15,0,2,4,0,0,7,0,0,0,0,0,0,0,0,4,7,0,3,7,18,0,2,1,0,0,28,27,0,48,23,46,16,9,81,64,61,49,58,1,0
2016-02-01,22,36,4,8,6,17,2,27,17,42,6,32,0,19,3,31,10,14,6,13,5,0,0,11,0,0,49,0,10,0,54,67,0,0,0,35,0,24,13,29,5,50,1,12,0,62,0,0,0,0,2,4,0,0,14,0,0,5,2,20,0,0,4,0,0,0,11,63,3,15,0,18,14,2,0,0,5,0,2,0,0,70,0,0,1,0,0,17,49,33,14,57,13,55,0,0,28,8,20,0,0,5,13,20,24,5,1,1,9,33,8,65,0,0,0,0,0,0,0,0,0,3,4,3,13,0,0,0,0,0,0,0,13,0,38,26,19,42,0,83,17,0,3,0,20,41,7,1,0,0,0,0,36,0,39,0,0,5,29,2,4,0,0,0,0,41,0,6,18,2,2,1,2,0,0,4,0,0,0,0,0,0,0,0,10,0,0,0,0,19,5,12,0,3,3,0,0,0,0,0,0,0,0,0,0,0,3,7,0,3,4,16,0,3,1,0,0,36,30,0,42,22,38,15,7,58,76,0,53,66,0,45
2016-03-01,21,34,4,6,7,17,1,28,17,62,6,0,0,25,4,29,15,13,5,11,6,0,0,11,0,0,41,0,11,0,47,0,0,0,0,29,14,29,13,28,0,38,0,14,0,29,0,0,20,37,6,4,12,0,0,0,0,5,2,25,0,0,3,0,0,0,12,0,2,19,0,13,20,2,0,0,5,15,3,0,0,49,0,0,1,30,13,16,48,30,12,62,14,52,0,0,25,5,14,0,0,20,14,21,69,4,1,1,2,2,9,17,0,17,0,0,0,0,2,0,0,3,4,3,14,0,0,0,0,0,0,0,12,0,35,22,23,0,0,69,12,0,3,0,13,48,7,0,0,0,0,0,46,0,61,0,0,5,30,3,2,0,0,0,0,39,0,6,16,1,1,1,2,0,0,6,0,0,0,0,0,0,0,0,12,0,0,0,0,15,6,14,0,3,7,15,0,9,0,0,0,0,0,0,0,0,3,8,0,2,4,27,0,3,1,0,0,28,29,0,41,21,39,9,8,50,54,0,37,55,0,0
2016-04-01,22,33,4,8,5,16,2,25,16,38,6,30,0,48,14,43,16,15,7,15,7,0,48,13,1,0,53,0,19,0,47,68,0,0,0,34,13,34,14,34,3,45,0,17,0,0,0,0,0,38,9,5,15,0,0,0,0,6,4,17,0,0,4,0,0,0,10,63,2,23,0,13,20,1,0,1,6,0,3,52,0,0,0,46,0,27,12,13,48,36,14,65,16,42,0,0,26,9,17,0,0,100,51,20,43,4,1,1,5,2,19,0,0,0,0,0,0,0,2,0,26,3,4,3,13,0,0,0,0,0,0,0,12,0,35,23,20,0,0,59,10,0,3,0,0,47,9,1,11,7,0,0,44,0,70,0,0,5,30,3,3,0,0,0,0,30,0,8,14,2,3,0,2,0,0,7,0,0,0,0,0,0,0,0,12,0,0,0,0,11,4,13,0,2,7,19,0,8,0,0,0,0,0,0,0,0,4,9,0,3,15,23,0,3,1,0,0,19,36,0,46,21,43,10,8,73,75,0,34,64,0,0
2016-05-01,24,34,5,8,5,17,2,31,17,28,5,26,0,29,7,36,14,16,8,14,6,0,0,12,0,0,39,0,23,0,40,62,0,0,0,37,18,42,14,35,3,52,2,16,0,38,0,0,0,0,11,5,8,0,0,0,18,7,3,18,0,0,3,0,0,0,13,0,4,21,0,13,20,2,0,0,5,0,3,0,0,75,0,0,1,40,17,16,61,34,15,68,14,61,0,0,32,10,21,0,0,32,49,10,27,3,1,1,5,2,8,45,1,0,0,0,0,0,0,0,36,4,5,3,19,0,0,0,0,0,0,0,12,0,37,25,34,0,0,63,15,0,4,0,18,58,9,1,0,0,0,0,61,19,56,0,0,6,29,4,3,0,0,0,0,42,0,9,18,2,9,28,15,0,0,3,12,0,0,0,0,0,0,0,0,0,0,0,0,16,5,13,0,3,5,10,0,12,0,0,0,0,0,0,0,0,4,9,0,3,60,24,0,2,2,0,0,37,38,0,46,24,37,9,11,51,69,65,46,57,1,0
2016-06-01,25,34,5,6,7,24,2,30,25,35,19,31,0,37,11,73,17,14,8,23,10,0,0,11,1,0,32,0,21,0,41,34,0,0,0,33,16,32,14,31,4,42,0,11,0,0,0,0,0,37,9,5,13,0,0,0,23,6,3,17,0,0,4,0,27,0,13,45,0,23,0,15,23,2,0,0,11,0,3,0,0,70,0,0,1,23,0,16,59,37,19,69,15,44,9,0,87,12,100,0,0,45,28,8,25,2,1,1,3,2,3,63,1,0,15,41,3,7,4,0,21,4,6,3,17,0,0,0,0,0,0,0,14,0,38,27,25,0,0,72,13,0,3,0,0,71,10,2,0,5,0,0,49,16,63,0,0,8,31,4,3,0,0,0,0,50,0,8,17,3,5,2,3,0,0,4,0,0,0,0,0,0,0,0,14,0,100,0,0,21,5,14,0,2,7,12,0,7,0,0,0,0,0,0,0,0,5,11,0,4,9,24,0,3,1,0,3,100,47,0,45,23,44,8,8,44,63,52,40,0,0,0
2016-07-01,23,32,5,7,6,16,1,25,23,34,8,45,50,16,3,33,12,13,4,10,7,0,0,8,1,0,37,0,22,0,37,46,0,0,0,36,0,31,13,33,3,43,1,9,0,45,0,0,23,35,9,5,11,0,15,0,17,4,3,20,0,0,4,0,0,0,10,47,3,20,0,10,23,2,30,0,9,20,4,0,0,61,0,0,0,0,15,15,46,35,16,60,13,67,0,0,38,11,35,0,0,12,8,2,19,2,1,1,1,2,1,39,0,0,5,13,1,2,3,0,41,4,5,3,18,0,0,0,0,0,0,0,15,0,39,27,29,0,0,72,11,0,4,0,0,47,10,1,0,6,0,1,51,0,62,0,0,7,29,4,4,0,0,0,0,43,0,6,16,4,3,2,3,0,0,6,11,0,0,0,0,0,0,0,12,0,0,0,0,24,5,12,0,2,8,15,0,9,0,0,0,0,0,0,0,0,4,12,0,3,5,24,0,2,1,0,0,30,33,0,46,23,39,15,8,70,55,0,40,64,0,50
2016-08-01,23,32,5,5,6,18,2,30,23,40,13,46,0,25,7,36,12,12,7,9,7,0,0,14,1,0,42,0,18,0,37,55,0,0,0,44,24,46,16,39,4,52,0,20,0,47,0,0,24,59,6,6,14,0,25,0,0,6,3,13,0,0,4,0,0,0,11,60,3,17,0,11,17,1,0,0,8,0,3,0,0,50,0,0,1,0,15,18,45,42,15,69,15,69,7,0,39,16,35,100,0,20,5,1,10,2,0,0,1,3,2,29,0,0,4,11,0,1,2,0,35,2,4,3,13,0,0,0,0,0,0,0,16,0,37,25,20,0,0,65,8,0,4,0,0,52,9,2,0,0,0,0,49,0,78,0,0,7,28,4,7,0,0,0,0,29,0,6,16,2,3,1,2,0,0,6,0,0,0,0,0,0,0,0,0,0,0,0,0,19,5,12,0,3,5,0,0,7,11,0,0,0,0,0,0,0,5,12,0,3,5,20,0,3,1,2,0,21,35,0,43,23,39,16,8,66,59,68,39,36,0,0
2016-09-01,24,38,5,8,7,18,3,30,21,45,16,37,0,36,15,45,18,11,6,0,8,0,0,0,1,0,41,0,18,0,47,34,0,0,0,42,17,66,15,39,3,58,0,8,0,39,0,0,32,0,6,6,12,0,23,0,0,5,2,16,0,0,3,0,0,0,11,0,4,14,0,14,16,1,0,1,6,0,3,0,0,42,0,0,1,0,14,16,45,38,13,72,15,57,8,0,47,79,44,0,0,9,7,1,6,1,1,1,2,6,1,27,0,13,10,27,3,1,0,0,23,4,5,3,12,0,0,0,0,0,0,0,14,0,41,25,23,0,0,58,8,0,3,0,23,37,10,1,0,7,0,0,47,15,60,0,0,6,29,4,4,0,0,0,0,24,0,6,16,4,2,0,2,0,0,5,11,0,0,0,0,0,0,0,12,0,0,0,0,18,7,12,0,2,6,0,0,14,0,0,0,0,0,0,0,0,7,14,0,4,4,24,0,4,1,1,0,0,26,0,39,20,30,13,6,47,41,57,49,0,0,0
2016-10-01,22,31,5,7,6,16,2,23,19,54,14,0,0,28,22,38,13,12,4,0,5,0,0,14,0,0,32,0,17,0,42,39,0,0,0,28,0,21,13,37,3,50,1,10,0,30,0,0,19,36,4,6,18,0,17,0,24,4,2,17,0,0,4,0,0,0,9,0,0,15,0,12,21,1,0,0,5,0,3,0,0,0,0,0,1,25,14,17,37,41,12,60,13,60,9,0,35,82,32,0,0,9,12,1,14,1,0,0,12,31,3,22,1,14,7,15,1,0,2,0,22,4,5,3,12,0,0,0,0,0,0,0,16,0,34,21,23,0,0,53,10,0,3,0,0,44,10,1,0,7,0,0,46,0,62,0,0,5,25,3,3,1,0,0,0,37,0,6,13,4,2,0,2,0,0,5,0,0,0,0,0,0,0,0,9,0,0,0,0,23,7,14,0,3,4,21,0,9,11,0,0,0,0,0,0,0,6,14,0,4,3,26,0,3,1,0,0,29,38,0,38,19,25,9,7,70,40,51,51,46,0,0
2016-11-01,20,28,4,4,5,15,1,23,20,0,10,36,0,26,15,30,10,11,3,0,6,0,0,8,1,0,26,0,17,0,37,41,0,0,0,25,0,25,11,29,2,37,0,12,0,0,0,0,0,0,4,6,15,0,16,0,16,4,1,18,0,0,3,0,0,0,10,56,3,0,0,12,13,1,0,0,4,0,2,51,37,0,0,0,1,0,17,12,43,39,12,64,13,39,0,0,25,27,22,0,0,10,16,1,26,1,0,0,9,6,20,18,0,0,21,27,3,0,3,0,20,3,3,3,12,0,0,0,0,7,0,0,11,0,34,20,17,0,0,51,8,0,3,0,0,50,9,1,0,0,0,0,41,0,51,0,0,5,25,5,3,0,0,0,0,23,0,4,13,5,5,0,5,0,0,4,0,0,0,0,0,0,0,0,0,0,0,0,0,19,7,16,0,3,8,0,0,7,14,0,0,0,0,0,0,0,6,12,0,4,4,27,0,2,1,0,0,26,27,0,36,18,22,8,7,59,34,47,23,0,2,56
2016-12-01,18,26,3,4,5,11,1,21,14,52,8,44,0,18,7,21,18,9,7,0,5,0,0,7,0,0,32,0,16,0,28,34,0,0,0,20,16,21,10,19,3,31,0,16,0,23,0,0,0,0,4,6,17,0,18,0,16,3,2,19,0,0,2,0,0,0,7,0,3,12,0,6,14,1,0,0,5,0,2,0,0,0,0,0,0,0,0,16,35,40,11,54,10,51,0,0,25,6,19,0,0,22,33,1,12,1,1,1,3,1,3,70,1,0,19,15,3,0,2,0,26,2,5,2,9,0,0,0,0,0,0,0,11,0,30,19,10,0,0,42,5,0,3,0,0,41,8,1,19,6,0,0,39,0,50,0,0,4,25,2,3,0,0,0,0,21,0,4,9,5,3,0,1,0,0,4,0,0,0,0,0,1,0,0,0,0,0,0,0,20,6,12,0,1,4,10,0,11,12,0,0,0,0,0,0,0,6,12,0,3,3,20,0,1,0,0,0,0,18,0,33,15,18,8,5,44,41,55,28,0,1,0
2017-01-01,23,34,5,6,6,14,2,28,21,41,9,45,0,20,6,38,14,12,6,16,6,0,0,8,1,0,51,0,14,0,50,51,0,0,0,32,20,38,14,35,4,61,0,8,0,33,0,0,19,24,4,6,10,0,19,0,31,5,3,17,0,0,3,0,0,0,9,41,2,18,0,11,18,1,0,0,5,0,3,0,0,46,0,0,1,39,0,17,41,48,11,55,13,44,8,0,30,6,23,0,0,3,30,15,13,1,1,1,5,3,8,29,1,0,17,20,4,1,2,0,33,3,3,3,11,0,0,0,0,7,0,0,13,0,34,23,16,0,0,54,10,0,4,0,0,55,10,1,0,0,0,0,34,0,78,0,0,6,28,3,4,0,0,0,0,38,0,5,12,4,3,0,2,0,0,6,0,0,0,0,0,0,0,0,0,0,0,0,0,24,6,17,0,2,5,0,0,8,9,0,0,0,0,0,0,0,6,11,0,3,6,35,0,2,1,0,0,0,21,0,50,22,37,12,8,55,73,66,48,40,1,0
2017-02-01,20,29,4,5,5,14,1,23,15,23,8,31,16,17,5,34,8,10,4,9,7,0,0,7,0,0,30,0,14,0,31,57,0,0,0,29,20,24,15,25,3,46,0,13,0,25,0,0,0,38,3,5,15,0,20,0,27,4,2,13,0,0,3,0,0,0,9,31,3,15,0,9,21,1,0,0,4,0,2,55,27,42,0,0,1,0,14,14,40,46,11,54,12,39,8,0,27,8,19,0,0,2,12,15,13,1,1,1,2,3,2,100,1,18,13,10,4,1,2,0,26,3,5,3,12,0,0,0,0,7,0,0,10,0,31,19,21,0,0,68,15,0,2,0,0,52,9,1,0,7,0,0,33,0,62,0,0,5,24,4,3,0,0,0,0,41,0,5,13,5,4,0,2,0,0,4,0,0,0,0,0,0,0,0,0,0,0,0,0,24,5,13,0,2,5,0,0,9,0,0,0,0,0,0,0,0,5,13,0,5,3,25,0,3,1,0,0,18,32,0,37,17,32,18,7,59,21,0,29,38,0,0
2017-03-01,21,31,4,7,5,18,1,25,14,30,8,40,0,17,5,37,9,11,5,13,6,0,0,8,1,0,40,0,14,0,38,45,0,0,0,27,0,26,14,22,2,36,0,10,0,24,0,0,0,29,3,5,14,0,14,0,29,6,2,21,0,0,3,0,0,0,11,42,3,14,0,8,20,1,0,0,5,0,2,0,25,0,0,0,1,35,11,16,35,54,10,57,12,41,6,0,33,30,24,0,0,2,10,6,14,1,1,1,2,3,2,41,0,12,11,17,2,2,3,0,30,3,4,3,16,0,0,0,0,15,0,0,12,0,34,19,17,31,0,68,10,0,3,0,0,49,9,1,7,7,0,0,31,0,68,0,0,5,22,4,3,0,0,0,0,32,0,6,13,4,6,0,1,0,0,4,12,0,0,0,0,0,0,0,11,0,0,0,0,19,7,17,0,2,8,11,0,15,0,0,0,0,0,0,0,0,5,10,0,5,2,13,0,1,0,0,0,0,32,0,36,19,30,10,8,80,66,57,23,45,1,48
2017-04-01,22,26,4,6,5,22,2,27,14,43,13,31,0,16,5,39,14,11,4,24,6,0,0,8,1,0,32,0,13,0,32,39,0,0,0,35,14,28,13,26,2,39,0,10,0,47,0,0,32,35,3,6,14,0,14,0,0,4,2,14,0,0,3,0,0,0,10,0,2,21,0,11,15,1,0,1,5,11,2,0,0,56,0,0,1,0,0,12,33,46,13,53,12,47,6,0,47,19,50,0,0,3,9,8,13,3,1,2,10,26,2,22,1,17,9,9,2,1,2,0,25,3,2,2,13,0,0,0,0,20,0,0,12,0,32,22,26,0,0,54,8,0,3,0,13,38,9,1,0,0,0,0,32,0,64,0,0,5,20,3,3,0,0,0,0,26,0,5,15,3,7,0,1,0,0,5,0,0,0,0,0,0,0,0,9,0,0,0,0,18,6,14,0,2,7,0,0,15,8,0,0,0,0,0,0,0,6,12,0,3,1,15,0,1,0,0,0,25,24,0,39,18,33,10,7,59,49,67,26,0,0,0
2017-05-01,21,29,4,7,6,18,2,23,13,37,11,46,0,29,13,38,15,12,5,14,6,0,0,8,1,0,29,0,12,0,39,40,0,0,0,33,0,32,15,28,4,48,1,9,0,37,0,0,15,27,3,5,13,0,0,0,19,4,2,14,0,14,3,0,0,0,8,42,2,15,0,12,16,1,0,0,4,12,3,0,27,36,0,0,0,35,0,18,36,55,10,64,13,51,9,0,34,11,30,0,0,4,12,8,20,24,1,15,10,7,8,32,1,0,8,18,2,1,2,0,25,3,6,3,17,0,0,0,0,15,0,0,12,0,34,22,19,53,0,52,11,0,5,0,9,53,10,1,0,7,0,0,37,0,70,0,0,5,21,3,4,0,0,0,0,29,0,5,14,4,11,1,2,0,0,4,10,0,0,0,0,0,0,0,12,0,0,42,0,19,7,17,0,3,6,13,0,10,0,0,0,0,0,0,0,0,7,12,0,4,1,35,0,1,1,0,0,18,24,0,39,19,30,8,8,81,51,0,31,0,1,0
2017-06-01,21,29,4,6,6,17,1,23,15,27,14,38,0,39,21,50,14,11,4,9,6,0,0,8,1,0,38,0,14,0,41,41,0,0,0,30,19,37,17,25,3,41,1,15,0,32,79,32,17,32,3,5,13,0,13,0,0,4,2,16,0,0,2,0,0,0,8,0,0,17,0,10,21,1,0,0,5,0,3,0,0,44,0,0,1,33,15,17,31,63,10,60,15,27,9,0,32,8,26,0,0,3,8,7,23,32,1,11,6,2,3,60,1,0,41,100,10,12,4,0,38,3,2,3,14,0,0,0,0,15,0,0,13,0,34,21,21,0,0,58,11,0,4,0,15,46,10,1,9,6,0,0,39,0,36,0,0,6,21,3,4,0,0,0,0,24,0,6,15,3,8,1,1,0,0,5,0,0,0,0,0,0,0,0,9,0,0,0,0,20,8,17,0,2,7,15,0,10,0,0,0,0,0,0,0,0,7,10,0,4,2,38,0,2,1,0,0,24,23,0,39,21,32,10,8,64,33,54,26,61,0,0
2017-07-01,18,24,3,4,5,13,1,21,15,31,9,27,0,24,10,37,13,8,6,0,4,0,0,0,1,0,31,0,15,0,36,42,0,0,0,26,17,29,14,25,0,39,0,29,0,23,0,0,15,40,3,5,15,0,0,0,0,4,2,13,0,0,3,0,0,0,8,0,2,18,0,10,14,1,0,0,5,0,2,0,0,0,0,0,1,0,13,18,28,59,8,58,12,36,6,0,24,5,16,0,0,2,7,3,75,13,1,2,12,2,6,29,1,0,57,70,12,7,2,9,28,3,3,3,13,0,0,0,0,18,0,0,13,0,33,19,16,0,100,56,10,0,2,0,0,36,11,1,0,4,0,0,35,13,80,0,0,6,23,3,4,0,0,0,0,32,0,6,14,2,5,0,1,0,0,2,13,0,0,0,0,1,0,0,9,0,0,0,0,22,8,16,0,2,6,0,0,13,8,0,0,0,0,0,0,0,6,15,0,3,2,35,0,1,1,0,0,0,28,0,38,17,29,13,7,63,55,0,34,0,0,52
2017-08-01,18,24,3,5,5,11,1,22,16,34,6,29,0,16,5,34,10,9,4,8,4,0,0,0,1,0,43,0,15,0,31,32,0,0,0,30,0,25,14,24,3,44,1,15,0,21,0,0,17,28,3,6,16,0,19,0,0,3,2,14,0,0,3,0,0,0,9,39,0,0,0,4,20,1,0,0,5,0,2,0,0,41,0,49,1,34,20,17,28,56,8,54,11,29,9,0,21,4,16,0,0,2,7,2,51,7,0,1,2,2,1,43,1,8,51,27,8,2,0,0,22,2,2,2,11,0,0,0,0,17,0,0,12,0,30,20,17,32,0,48,6,0,3,0,10,33,9,1,9,5,0,0,34,14,37,0,0,5,20,3,4,0,0,0,0,19,0,5,9,3,6,0,14,0,0,4,0,0,0,0,0,0,0,0,0,0,0,0,0,16,7,14,0,3,6,0,0,14,9,0,0,0,0,0,0,0,5,12,0,4,1,34,0,2,1,0,0,0,24,0,36,17,28,6,6,42,51,0,33,42,0,0
2017-09-01,19,23,2,4,4,12,2,19,15,34,10,52,15,12,5,33,15,8,4,0,5,0,0,0,1,0,33,0,15,0,32,24,0,0,0,26,18,29,12,28,2,53,1,12,0,0,0,0,0,31,3,5,16,0,16,0,17,4,1,12,0,0,2,0,0,0,8,0,2,20,0,10,15,1,0,1,4,0,2,0,0,59,0,0,0,22,0,15,30,61,7,52,10,30,7,0,32,8,15,0,100,3,8,1,7,4,0,1,1,3,0,17,0,14,26,21,3,1,1,0,23,2,4,2,24,0,0,0,0,20,0,0,12,0,32,19,13,0,0,37,7,0,4,0,0,34,9,1,0,0,0,0,34,14,51,0,0,5,25,3,4,0,0,0,0,11,0,5,8,3,5,3,19,0,0,4,0,0,0,0,0,0,0,100,0,0,0,0,0,21,9,11,0,2,5,0,0,10,10,0,0,0,0,0,0,0,6,13,0,3,3,28,0,0,0,0,0,0,15,0,36,15,22,8,7,58,42,0,34,0,1,0
2017-10-01,18,23,3,7,5,15,2,20,16,36,8,37,0,15,6,32,19,8,3,10,4,0,0,10,1,0,37,0,15,0,32,43,0,0,0,31,0,31,13,26,2,46,1,13,0,24,0,0,15,33,3,6,16,0,23,0,0,3,2,15,0,0,2,0,0,0,8,0,2,13,0,9,14,1,0,0,3,12,3,0,0,45,0,0,1,0,0,14,31,73,11,66,11,29,9,0,21,7,15,0,38,3,14,1,28,2,1,1,10,29,1,20,0,18,22,14,3,1,3,0,41,3,2,2,100,0,0,0,0,11,0,0,10,0,33,20,22,0,0,46,11,0,5,0,0,30,9,1,0,8,0,0,33,13,59,0,0,5,20,3,3,0,0,0,0,28,0,6,13,3,6,1,3,0,0,3,0,0,0,0,0,0,0,0,7,0,0,0,0,21,12,17,0,3,6,0,0,11,0,0,0,0,0,0,0,0,7,11,0,3,1,20,1,1,1,0,0,0,13,0,34,18,21,10,6,65,50,0,24,0,2,0
2017-11-01,17,23,3,5,5,15,1,22,17,34,13,33,0,18,7,38,9,11,4,14,5,0,0,0,0,0,37,0,16,1,26,40,0,0,0,33,18,30,14,21,3,48,0,16,0,29,0,0,20,0,3,5,16,0,0,0,26,3,1,17,0,0,3,0,0,0,7,0,3,0,0,10,19,1,0,0,4,0,2,0,0,55,0,0,1,30,0,16,37,91,14,82,11,32,7,0,23,5,18,0,0,2,20,2,21,5,0,1,8,6,6,32,1,0,100,28,14,2,2,0,37,3,4,3,27,0,0,0,0,18,0,0,12,0,28,19,0,0,0,48,9,0,5,0,0,34,10,1,0,6,0,0,37,0,61,0,0,5,19,4,3,0,0,0,0,13,0,5,11,2,9,0,4,0,0,3,0,0,0,0,0,0,0,0,0,0,56,0,0,20,8,15,0,3,9,11,0,9,0,0,0,0,0,0,0,0,6,11,0,4,1,42,0,1,0,0,0,0,19,0,36,17,30,12,7,62,42,0,21,0,0,38
2017-12-01,17,22,2,5,4,10,1,20,16,35,14,0,0,14,6,30,0,7,4,0,4,0,0,11,0,0,36,0,17,0,28,36,0,0,0,31,16,25,12,28,3,38,0,10,0,24,0,0,0,0,2,5,13,0,0,0,17,3,2,16,0,0,2,0,0,0,9,66,2,12,0,5,15,1,0,0,4,0,2,48,29,86,0,0,1,0,0,14,30,71,11,72,10,33,9,0,24,14,22,0,0,2,23,3,9,2,0,1,5,1,2,59,1,13,34,9,4,1,2,0,31,2,0,2,19,0,0,0,0,20,0,0,10,0,30,19,12,0,89,33,3,0,3,0,0,25,8,1,0,0,0,0,36,0,53,0,0,5,19,3,2,0,0,0,0,20,0,5,7,2,10,0,3,0,0,4,0,0,0,0,0,0,0,0,0,0,0,0,0,19,8,12,0,2,13,0,0,9,0,0,0,0,0,0,0,0,5,12,0,3,6,38,0,0,1,0,0,0,13,0,36,15,19,9,6,23,22,0,0,0,0,53
2018-01-01,21,31,3,5,6,14,1,25,17,37,8,40,0,20,9,39,8,10,6,8,7,0,0,13,0,0,35,0,16,0,38,49,0,0,0,44,18,35,17,34,4,78,1,14,0,49,0,0,15,31,2,5,17,0,12,0,0,5,2,16,0,0,3,0,0,0,9,32,3,15,0,6,12,1,0,0,5,0,2,75,0,55,0,0,1,35,11,13,39,84,15,81,12,38,8,0,25,5,21,0,0,4,52,8,11,2,0,1,5,2,3,24,1,9,17,6,2,1,2,0,53,3,4,2,17,0,0,0,0,12,0,0,13,0,37,25,25,0,0,48,9,0,2,0,12,34,12,2,7,6,0,0,33,0,60,0,0,6,27,5,3,0,0,0,0,25,0,6,10,3,8,0,3,0,0,5,9,0,0,0,0,0,0,0,7,0,0,0,0,24,9,13,0,4,5,0,0,13,8,0,0,0,0,0,0,0,7,12,0,4,5,30,0,1,1,0,0,0,24,0,50,21,35,9,7,44,55,54,51,0,0,40
2018-02-01,18,25,3,5,5,14,1,22,16,49,6,23,0,26,13,29,11,9,3,9,5,0,0,9,0,0,24,0,16,0,29,38,0,0,0,34,21,27,16,29,2,54,0,14,0,28,0,0,23,37,2,6,14,0,0,0,21,4,1,22,0,0,3,0,0,0,8,31,3,11,0,8,21,1,0,0,3,0,2,52,0,52,23,0,0,0,11,17,36,93,9,76,11,40,9,0,23,5,19,0,0,35,60,5,14,2,0,1,4,3,1,43,1,10,17,10,2,1,2,0,45,2,5,3,17,0,0,0,0,16,0,0,11,0,33,24,15,47,0,66,16,0,4,0,0,40,9,1,9,6,0,0,32,0,46,0,0,4,21,3,5,0,0,0,0,33,0,5,12,3,8,0,3,0,0,4,0,0,0,0,0,0,0,0,8,0,0,0,0,21,9,16,0,4,7,0,0,13,0,0,0,0,0,0,0,0,6,14,0,3,3,20,0,1,1,0,0,35,27,0,41,18,26,11,6,68,37,45,33,30,0,0
2018-03-01,18,22,3,5,5,12,1,19,15,30,8,32,0,16,7,35,15,9,7,8,5,0,0,11,0,0,33,0,16,0,32,44,0,0,0,29,16,32,16,25,3,43,1,9,0,36,0,0,18,39,2,5,10,0,13,0,18,4,2,23,0,0,3,0,0,0,8,30,0,11,0,10,15,1,0,0,4,13,3,41,27,41,0,0,1,25,13,15,32,79,11,76,11,36,5,0,20,6,14,0,0,19,24,4,13,1,0,1,13,21,2,18,1,18,15,7,2,0,0,0,31,3,4,4,17,0,0,0,0,19,0,0,13,0,35,24,17,0,0,60,9,0,4,0,0,36,11,1,0,7,0,0,32,14,69,0,0,5,20,4,3,0,0,0,0,33,0,6,11,3,8,0,3,0,0,6,0,0,0,0,0,0,0,0,9,0,0,0,0,22,10,15,0,3,6,0,0,15,10,0,0,0,0,0,0,0,8,15,0,3,2,34,0,1,1,0,0,16,28,0,47,18,26,12,6,50,56,45,26,0,0,0
2018-04-01,17,24,3,5,5,11,1,18,14,33,9,37,15,15,6,35,11,10,0,0,3,0,0,13,0,0,35,0,16,0,31,35,0,0,0,40,16,26,15,28,2,53,0,7,0,42,0,0,0,26,2,5,17,0,15,0,17,4,2,15,0,14,3,0,0,0,8,0,2,10,0,7,22,1,0,0,4,0,2,47,34,48,0,0,0,30,0,14,31,80,11,72,9,26,10,0,19,5,13,0,0,7,27,4,12,1,0,1,18,7,10,26,1,17,26,7,3,1,0,0,45,3,5,3,16,0,0,0,0,15,0,0,11,0,34,21,18,0,0,54,7,0,3,0,0,32,9,1,11,0,0,0,35,16,0,0,0,5,18,4,3,0,0,0,0,36,0,8,10,2,8,0,2,0,0,5,0,0,0,0,0,0,0,0,0,0,0,0,0,26,9,16,0,3,7,10,0,14,0,0,0,0,14,0,0,0,9,14,0,3,2,23,0,1,1,0,0,0,29,0,40,18,30,8,8,54,56,47,40,0,0,0
2018-05-01,19,22,2,5,4,13,1,21,14,39,11,31,0,46,37,36,12,11,5,0,6,0,0,10,0,0,33,0,16,0,35,28,0,0,0,33,24,42,16,21,2,50,0,10,0,30,0,31,0,26,3,5,17,0,23,0,21,4,3,13,0,0,3,0,0,0,9,35,2,16,86,12,18,1,0,0,4,12,2,84,32,69,0,0,1,32,0,13,37,81,12,100,12,29,6,0,24,10,20,0,0,21,6,4,12,4,0,85,7,1,2,61,2,0,18,13,4,1,2,0,60,3,4,3,16,0,0,0,0,19,0,0,14,0,38,23,16,33,0,52,12,0,3,0,10,35,10,2,10,7,0,0,35,0,47,0,0,6,19,4,4,0,0,0,0,29,0,7,11,3,12,0,4,0,0,5,0,0,0,0,0,1,0,0,0,0,0,0,0,24,11,17,0,4,6,0,0,15,9,37,0,0,0,0,0,0,8,13,0,3,2,39,0,1,1,0,0,25,28,0,45,18,34,0,7,46,46,53,31,0,2,51
2018-06-01,18,21,2,5,5,13,1,20,12,0,10,0,0,36,29,40,12,9,4,0,4,0,0,13,0,0,28,0,14,0,28,48,0,0,0,32,0,29,15,24,3,47,0,12,0,25,0,0,0,47,3,5,12,0,25,0,27,3,1,16,0,0,3,0,0,0,8,0,2,15,96,9,22,1,0,0,3,19,2,51,0,53,0,0,0,29,0,17,30,78,11,96,12,30,8,0,21,10,18,0,0,7,5,2,10,3,1,88,6,3,1,15,1,17,14,12,2,0,2,0,60,3,5,2,15,0,0,0,0,28,0,0,12,0,37,21,22,0,0,49,10,0,5,0,0,28,11,1,7,7,0,0,36,21,40,0,0,6,15,4,3,0,0,0,0,27,0,7,13,3,10,0,1,0,0,5,0,0,0,0,0,0,0,0,0,0,0,0,0,25,9,19,0,4,5,0,0,11,0,0,0,0,13,0,0,0,8,12,0,3,1,28,0,0,1,0,0,18,24,0,41,17,31,6,6,54,45,0,27,0,0,37
2018-07-01,19,20,3,6,4,13,1,20,15,48,10,31,0,15,7,31,12,9,3,9,3,0,0,7,0,0,29,0,17,0,22,36,0,0,0,33,21,37,16,23,4,54,0,11,100,0,0,0,13,0,3,5,14,0,15,0,0,3,2,18,0,0,3,0,0,0,7,0,0,12,65,12,25,1,0,0,5,0,2,49,0,45,25,0,0,27,12,14,30,93,9,88,11,34,8,0,20,10,17,0,0,1,4,3,9,1,0,17,17,9,6,25,1,12,23,10,6,1,0,0,62,3,5,3,15,0,0,0,0,31,0,0,14,0,35,21,18,29,0,57,7,0,4,0,0,28,12,2,10,7,0,1,40,14,54,0,0,8,20,4,3,0,0,0,0,36,0,6,14,3,11,0,1,0,0,4,0,0,0,0,0,0,0,0,0,0,0,0,0,24,10,18,0,4,7,0,0,16,12,36,0,0,0,0,0,0,9,13,0,4,2,41,0,1,1,0,0,0,24,0,46,19,32,8,6,72,54,0,26,45,2,37
2018-08-01,18,21,3,3,5,13,1,18,17,52,15,39,0,12,6,39,17,9,5,9,3,0,0,11,1,0,31,0,16,0,26,30,0,0,0,32,17,25,16,23,3,58,0,13,0,19,0,0,15,27,3,6,15,0,18,0,15,4,2,16,0,0,3,0,0,0,9,0,0,19,0,7,18,1,0,0,6,13,2,43,0,0,0,41,1,0,0,15,27,87,11,80,9,43,5,0,20,6,8,0,0,1,4,2,7,1,0,8,11,5,4,54,2,9,20,10,4,0,1,0,61,2,4,2,11,1,0,0,0,38,0,0,12,0,34,19,20,32,0,49,8,0,5,0,0,39,10,1,8,6,0,0,57,19,29,0,0,7,18,4,4,0,0,0,0,31,0,5,9,2,28,0,1,0,0,5,0,0,0,0,0,0,0,0,10,0,0,0,0,26,8,12,0,4,12,9,0,14,9,37,0,0,0,0,0,0,8,12,0,4,2,36,0,1,1,0,0,17,26,0,46,18,34,9,6,34,53,0,30,30,1,0
2018-09-01,17,22,2,5,5,12,2,18,13,36,25,0,13,14,10,35,11,7,5,7,2,0,0,7,0,0,39,0,16,0,24,41,0,0,0,26,13,29,14,21,2,59,0,10,0,47,0,0,13,27,2,6,16,0,18,0,33,4,2,18,0,12,2,0,0,0,8,0,3,12,0,8,21,1,0,0,4,10,2,0,0,34,26,37,1,24,0,12,28,80,12,74,10,28,6,0,19,6,13,0,0,1,5,2,7,1,0,9,7,3,1,59,1,21,19,6,3,1,1,0,38,3,3,2,11,0,0,0,0,37,0,0,13,0,32,20,14,0,0,43,8,0,6,0,0,35,9,2,15,6,0,0,49,20,40,0,0,5,18,3,3,0,0,0,0,34,0,5,10,4,52,24,8,0,0,4,0,0,0,0,0,0,0,0,8,0,0,0,0,19,7,13,0,4,18,10,0,15,8,0,0,0,0,0,0,0,7,9,0,4,2,35,0,1,1,0,0,0,26,0,38,16,27,12,5,39,49,0,20,27,0,0
2018-10-01,17,21,2,9,5,12,2,19,12,34,9,0,0,15,10,33,10,7,5,13,4,0,0,15,0,0,31,0,17,0,26,38,0,0,0,26,15,24,14,24,2,52,0,10,0,0,0,28,15,0,2,6,17,0,17,0,39,3,2,17,0,15,2,0,0,0,9,36,4,14,0,7,18,1,0,0,3,11,2,0,27,42,0,47,1,19,11,13,24,78,10,78,9,29,6,0,14,9,11,0,0,1,12,6,34,1,0,12,19,17,4,22,2,22,18,14,3,1,1,0,50,3,3,3,9,0,0,0,0,31,0,0,13,0,33,20,15,42,0,40,7,0,4,0,12,40,9,1,0,5,0,0,63,26,54,0,0,5,19,3,3,0,0,0,0,20,0,6,10,3,84,7,2,0,0,5,9,0,0,0,0,0,0,0,0,0,57,0,0,52,28,22,0,4,10,0,0,16,9,0,0,0,0,0,0,0,8,10,0,3,4,28,0,0,0,1,0,0,23,0,38,16,35,12,8,49,58,0,24,30,0,0
2018-11-01,21,20,2,8,5,11,1,19,12,36,10,29,0,15,10,37,12,8,6,0,5,0,0,14,32,0,31,0,21,0,32,30,0,0,0,33,19,25,14,53,2,52,0,13,0,25,0,0,14,0,2,6,11,0,0,0,23,4,1,17,0,0,3,0,0,0,9,0,2,19,0,10,19,1,0,0,4,0,2,57,24,64,0,0,1,18,11,14,23,76,10,79,9,35,7,0,16,5,10,0,0,5,19,6,22,1,0,3,12,4,4,73,2,18,30,36,13,8,2,0,45,2,3,2,10,0,0,0,0,39,0,0,12,0,39,20,16,0,68,36,4,0,6,0,0,32,10,1,9,5,0,0,51,26,54,0,0,5,19,4,2,0,0,0,0,17,0,6,9,2,100,27,25,0,0,5,9,0,0,0,0,0,0,0,0,0,0,0,0,44,28,18,0,4,11,0,0,13,0,0,0,0,0,0,0,0,10,11,0,4,3,33,0,1,1,0,0,0,24,0,46,21,35,15,7,30,59,53,38,29,0,0
2018-12-01,18,18,2,5,4,8,1,18,11,37,5,26,0,17,16,23,10,8,6,9,5,0,0,6,21,0,31,0,20,0,24,41,0,0,0,23,10,20,11,37,0,37,1,10,0,0,0,0,0,0,2,5,12,0,18,8,16,3,1,15,0,13,3,0,0,0,8,0,3,13,0,8,19,1,0,0,4,0,2,0,0,37,0,0,1,22,12,16,18,72,9,71,8,32,6,0,18,0,11,0,0,26,22,3,10,1,0,2,9,1,2,44,2,21,14,14,3,1,0,0,35,2,4,1,7,0,0,0,0,28,0,0,12,0,35,21,18,0,0,26,3,100,3,0,0,33,10,1,8,4,0,0,50,15,43,0,0,5,17,3,2,0,0,0,0,15,0,5,7,2,37,1,17,0,0,6,0,0,0,0,0,0,0,0,0,0,0,0,0,39,31,18,0,4,8,0,0,11,10,0,0,0,13,0,0,0,8,11,0,4,3,44,0,1,0,0,0,0,26,0,45,16,40,16,8,50,41,44,36,0,2,0
2019-01-01,20,25,2,5,5,12,1,22,18,50,12,23,0,28,26,49,12,10,6,9,4,0,0,8,6,0,37,0,18,0,33,47,0,0,0,36,19,26,17,49,2,97,2,18,0,0,0,27,17,23,3,6,19,0,18,0,26,5,1,24,0,0,3,0,0,0,10,29,4,20,71,14,26,1,0,0,5,0,2,55,39,59,20,0,1,25,18,16,24,94,13,94,10,28,9,0,21,5,18,0,0,13,29,12,36,1,0,3,6,2,1,13,1,23,10,14,5,1,3,0,40,3,4,2,13,0,0,0,0,29,0,0,15,0,45,27,19,0,0,40,10,0,4,0,0,54,12,2,0,4,0,0,50,22,69,0,0,6,25,4,3,0,0,0,0,12,0,6,8,2,65,9,40,0,0,5,0,0,0,0,0,0,0,0,0,0,0,0,0,48,29,20,0,4,6,0,0,16,14,40,0,0,0,0,0,0,9,11,0,3,2,36,0,1,0,0,0,0,18,0,58,23,45,12,10,70,69,80,40,31,2,63
2019-02-01,16,17,2,4,3,10,2,16,13,30,6,0,0,13,10,27,12,8,6,9,2,0,0,0,4,0,42,0,20,1,26,42,0,0,0,26,13,25,13,25,3,46,0,8,0,0,0,0,19,0,2,5,12,0,17,0,19,4,2,15,0,0,3,0,0,0,8,40,2,12,0,8,19,1,0,0,3,0,2,0,0,39,0,0,1,20,14,12,18,76,12,70,8,28,6,0,17,0,12,0,0,4,9,6,31,1,0,2,5,7,1,0,0,12,7,7,5,1,3,0,26,3,4,2,10,0,0,0,0,30,0,0,12,0,32,22,20,0,0,43,12,0,4,0,0,43,10,2,8,5,0,0,40,28,66,0,0,5,16,4,4,0,0,0,0,13,0,6,7,2,24,1,13,0,0,4,0,0,0,0,12,0,0,0,0,0,0,0,0,34,23,19,0,3,6,0,0,14,8,0,0,0,0,0,0,0,8,11,0,3,6,32,0,1,0,0,0,0,20,0,39,17,31,9,6,30,67,57,40,33,0,0
2019-03-01,18,20,2,5,4,11,1,16,14,52,10,21,0,21,12,37,18,9,6,0,4,0,0,12,3,0,41,0,20,0,27,32,0,0,0,33,14,22,14,28,2,46,0,11,0,31,0,0,13,24,2,4,16,0,24,0,20,4,2,16,0,0,3,0,0,0,6,26,2,0,0,8,20,1,0,0,4,12,2,48,0,0,18,0,1,29,15,20,20,82,11,78,8,29,8,0,19,0,14,0,0,8,4,7,22,1,0,1,15,12,5,0,1,25,11,19,8,2,1,0,24,3,5,2,14,0,0,0,0,31,0,0,12,0,29,22,22,0,0,48,10,0,4,0,13,46,11,1,9,6,0,0,37,24,0,0,0,5,17,4,3,0,0,0,0,32,0,6,9,2,41,0,1,0,0,4,0,0,0,0,0,0,0,0,8,0,0,0,0,46,20,17,0,4,4,0,0,11,8,34,0,0,0,0,0,0,10,10,0,4,2,34,0,1,0,0,0,0,21,0,44,19,34,12,5,53,64,74,29,0,0,37
2019-04-01,18,19,2,4,3,12,1,18,12,35,7,30,0,23,26,45,14,8,6,7,3,0,0,13,2,0,41,0,27,0,30,36,0,0,0,28,22,28,16,28,2,49,0,13,0,19,0,0,16,25,2,5,16,0,14,0,15,3,2,16,0,14,3,0,0,0,9,46,3,14,0,7,21,1,0,0,4,0,2,0,0,0,0,0,1,0,0,18,24,83,11,66,13,34,9,0,19,5,16,0,0,6,3,5,21,2,10,1,7,2,2,52,2,12,16,40,5,1,2,0,19,3,4,3,13,0,0,0,0,34,0,0,15,0,38,24,17,0,0,65,9,0,5,0,0,51,10,1,0,0,0,0,46,27,41,0,0,5,17,6,3,0,0,0,0,33,0,5,11,3,51,0,2,0,0,6,10,0,0,0,0,0,0,0,7,0,0,0,0,31,14,13,0,5,7,0,0,17,9,43,0,0,0,0,0,0,10,10,0,4,5,24,0,1,1,0,0,16,31,0,45,19,37,10,9,28,49,54,40,0,0,56
2019-05-01,19,23,2,5,5,12,2,18,14,65,12,26,0,16,14,37,18,8,6,0,3,0,0,10,2,0,40,0,28,0,32,59,0,0,0,32,19,27,17,37,3,59,0,21,0,41,0,0,0,0,2,5,14,0,18,0,17,4,2,17,0,13,4,31,18,0,9,38,3,14,0,8,21,1,0,0,4,0,2,0,0,39,0,0,1,0,20,24,26,91,12,61,12,40,11,0,19,5,16,0,0,5,3,2,14,2,3,4,9,8,2,12,1,16,9,11,3,1,2,0,34,3,4,3,16,0,0,0,0,38,0,0,18,0,34,25,20,0,0,54,8,0,6,0,0,24,13,2,16,5,0,0,51,26,62,0,0,7,21,5,3,0,0,0,0,26,0,7,12,4,41,0,1,0,0,4,0,0,0,0,0,0,0,0,0,0,0,0,0,41,18,18,0,4,6,0,0,18,0,0,0,0,0,0,0,0,11,13,0,4,2,36,0,1,1,1,0,19,27,0,48,20,36,0,7,57,80,51,28,28,0,45
2019-06-01,22,22,3,100,4,14,1,18,18,42,12,23,0,16,10,39,20,8,4,9,2,0,0,9,18,0,37,0,45,0,25,32,0,0,0,33,24,26,17,29,3,55,0,11,0,0,0,0,16,34,2,6,18,0,17,0,29,3,1,20,0,14,4,40,0,0,10,50,2,12,0,10,22,1,0,0,4,15,2,58,0,0,0,0,1,24,14,22,24,87,11,68,12,16,9,0,20,7,14,0,0,11,3,2,11,1,1,3,17,14,4,32,1,32,10,18,4,2,2,0,48,3,4,4,18,0,0,0,0,42,0,0,21,0,40,25,21,49,82,57,10,0,5,0,0,42,13,2,8,6,0,0,50,46,46,0,0,10,20,6,3,0,0,0,0,33,0,7,12,3,41,0,1,0,0,7,0,0,0,0,0,0,0,0,7,0,49,0,0,32,15,17,0,4,6,0,0,21,17,37,0,0,0,0,0,0,13,13,0,5,2,40,0,2,0,0,0,0,39,0,50,19,37,19,8,22,69,43,44,35,1,52
2019-07-01,22,20,2,10,4,13,1,18,16,49,28,0,0,15,9,43,13,9,4,12,3,0,0,12,30,0,29,0,38,0,32,51,0,0,0,38,22,32,19,33,4,67,0,12,0,31,0,0,14,34,3,6,21,0,18,5,18,3,2,22,0,20,4,0,17,0,8,30,0,13,0,10,23,1,0,0,5,16,2,62,25,54,0,0,0,33,18,20,24,91,13,79,10,27,10,0,21,4,10,0,0,9,3,1,12,1,1,1,13,3,1,49,2,17,17,43,7,3,2,0,48,3,5,2,13,0,0,0,0,61,0,0,21,0,36,25,22,0,0,51,10,0,5,0,10,43,13,2,13,5,0,0,39,38,61,0,10,9,20,5,4,0,0,0,0,30,0,6,12,2,42,1,1,0,0,6,0,0,0,100,0,0,0,0,9,0,59,0,0,42,20,16,0,5,5,0,0,17,15,0,0,0,0,0,0,0,12,12,0,5,2,43,0,1,1,0,0,18,27,0,51,22,47,14,10,55,62,48,25,45,0,69
2019-08-01,19,20,3,9,5,12,2,19,18,57,100,0,17,36,60,45,14,8,6,11,4,0,0,8,4,0,41,0,36,0,30,45,0,0,0,30,22,35,18,32,3,69,1,12,0,20,0,0,13,25,3,6,18,0,24,0,28,3,2,19,0,17,3,0,21,0,10,32,4,16,0,9,23,1,0,0,6,14,2,45,0,38,0,44,1,28,16,17,25,88,12,67,11,49,11,0,23,5,14,0,0,12,16,2,5,3,1,6,10,4,2,20,1,16,14,14,4,1,1,0,36,3,5,2,14,0,0,0,0,62,0,0,20,0,35,23,15,0,0,49,7,0,4,0,0,37,12,2,7,0,0,0,44,39,50,0,0,8,18,5,4,0,0,0,0,24,0,6,8,3,38,0,2,0,0,5,0,0,0,0,0,0,0,0,0,0,50,0,0,36,23,14,0,5,5,0,0,15,14,50,0,0,0,0,0,0,11,13,0,5,2,32,0,0,1,0,0,17,21,0,49,19,37,23,10,57,46,50,39,39,2,41
2019-09-01,19,21,2,6,4,13,2,17,18,38,38,27,0,19,12,44,15,8,7,8,4,0,0,14,4,0,32,0,32,0,27,36,0,0,0,31,30,26,18,31,3,72,0,9,0,32,0,0,26,0,3,6,19,0,24,0,17,3,2,20,0,15,4,28,16,0,10,54,2,13,95,11,21,2,0,0,5,0,2,0,0,55,0,35,1,0,10,17,24,93,10,57,11,35,9,0,21,9,15,0,0,16,11,1,6,1,1,3,9,4,2,36,2,24,7,8,3,1,0,0,36,3,4,3,14,0,0,0,0,54,0,0,19,0,35,24,16,0,0,52,7,0,7,0,0,49,12,2,21,0,0,0,38,45,36,0,0,8,20,4,7,0,0,0,0,33,0,6,12,3,70,1,1,0,0,6,0,0,0,0,0,0,0,0,15,0,55,0,0,28,17,19,0,5,8,0,0,14,10,47,0,0,0,0,0,0,12,14,0,6,2,32,0,1,0,0,2,18,27,0,46,19,36,17,12,61,45,49,40,29,0,0
2019-10-01,19,21,2,5,4,15,2,18,16,55,31,23,0,19,12,40,13,9,5,8,4,0,0,8,3,0,49,0,28,0,24,47,0,0,0,35,22,27,17,35,4,63,0,10,0,36,0,0,11,0,3,6,22,0,20,4,19,3,2,19,0,14,4,0,16,0,9,36,3,17,79,9,22,1,0,0,4,11,2,43,0,63,0,0,1,24,13,14,30,84,9,64,9,31,11,0,21,11,16,0,0,16,26,3,32,1,0,1,17,16,2,17,1,22,9,9,3,0,3,0,34,3,5,3,13,0,0,0,0,49,0,0,18,0,35,25,19,45,0,52,10,0,7,0,0,35,13,2,15,5,0,0,36,49,50,0,0,6,18,5,5,0,0,0,0,43,0,7,14,4,93,12,3,0,0,7,0,0,0,0,0,0,0,0,7,0,0,0,0,35,15,15,0,5,7,0,0,22,12,42,0,0,0,0,0,0,12,11,0,5,2,36,0,0,1,0,0,27,27,0,49,21,36,18,11,58,71,39,44,26,1,0
2019-11-01,19,20,2,5,4,13,1,16,14,70,40,35,16,14,12,37,19,8,5,12,4,0,0,12,6,0,39,0,27,0,28,28,0,0,0,28,19,29,15,33,3,59,0,11,0,34,0,0,0,0,3,6,25,0,26,3,25,3,2,16,0,20,4,0,17,0,8,60,2,0,0,10,18,1,32,0,4,0,2,0,26,31,0,0,1,26,14,16,25,89,8,59,8,28,13,21,20,5,13,0,0,4,14,2,14,1,0,1,21,6,5,88,3,12,17,6,4,0,2,0,28,2,5,3,10,0,0,0,0,51,0,0,15,0,33,24,18,29,0,49,9,0,6,0,9,30,12,2,24,5,0,0,40,47,41,0,0,6,21,5,5,0,0,0,0,29,0,6,10,3,48,0,1,0,0,6,0,0,0,0,0,0,0,0,8,0,55,0,0,33,16,20,0,6,6,0,0,16,11,0,0,0,11,0,0,0,13,12,0,5,2,38,0,1,0,0,0,21,27,0,47,20,36,22,10,48,57,100,44,34,0,55
2019-12-01,18,16,2,4,3,9,1,15,17,35,18,27,17,11,7,32,16,7,4,8,3,0,0,11,12,0,28,0,25,0,27,29,0,0,0,29,22,24,13,32,3,47,0,14,0,18,0,0,19,0,2,5,16,0,22,3,25,3,2,19,0,16,4,0,20,0,8,0,3,12,0,10,14,1,0,1,4,0,2,43,0,0,0,0,1,0,12,17,20,72,7,50,8,33,14,0,19,0,12,0,0,4,14,1,6,1,1,1,9,2,2,47,2,13,11,4,2,1,0,0,46,2,4,2,8,0,0,0,0,46,0,0,17,0,34,22,15,0,0,33,3,0,7,0,0,40,12,2,20,0,0,0,44,24,40,0,0,6,19,5,6,0,0,0,0,14,0,5,8,3,44,0,2,0,0,6,10,0,0,0,0,0,0,0,0,0,53,0,0,28,17,13,0,5,5,0,0,14,14,45,0,0,0,0,0,0,12,13,0,5,2,42,0,1,1,0,0,0,28,0,47,18,36,17,11,40,41,43,31,26,2,0
2020-01-01,21,26,3,6,4,14,1,16,16,62,21,31,0,20,18,49,19,10,7,8,5,0,0,13,8,0,31,0,28,0,35,29,0,0,0,42,35,36,18,43,3,100,0,12,0,25,0,0,20,25,3,6,22,0,27,4,17,4,2,18,0,13,4,34,17,0,12,42,2,20,65,11,20,2,0,0,4,16,3,39,35,54,0,35,1,23,19,16,28,100,11,56,11,55,18,10,21,4,16,0,0,4,5,3,7,1,1,1,11,5,2,30,3,33,10,19,2,1,0,0,29,3,6,2,11,0,0,0,0,49,0,0,21,0,45,29,22,35,0,45,11,0,8,0,9,27,15,2,36,0,0,0,45,35,35,0,0,7,20,5,10,0,0,0,0,14,0,7,9,2,40,0,2,0,0,8,0,0,0,0,0,0,0,0,10,0,0,0,0,37,17,16,0,6,7,0,39,21,16,54,0,0,0,0,0,0,16,13,0,7,2,37,0,1,0,0,0,38,29,0,60,24,56,16,13,57,75,79,46,36,2,63
2020-02-01,18,20,3,6,4,14,2,15,17,42,24,28,0,26,45,41,17,7,6,8,3,0,0,14,6,0,39,0,25,0,33,38,0,0,0,37,20,30,17,33,3,68,0,9,0,39,0,0,0,32,3,5,26,0,19,5,21,3,2,19,0,22,3,39,18,0,8,53,4,19,0,11,21,1,0,0,4,18,2,0,24,44,18,0,1,29,12,13,21,97,8,63,8,36,11,0,21,7,16,0,0,4,3,3,7,1,0,1,16,19,2,21,1,38,15,15,3,1,2,0,34,3,5,2,13,0,0,0,0,40,0,0,19,0,39,23,18,0,65,61,11,0,9,0,0,40,14,2,18,8,0,1,36,27,44,0,0,7,16,5,9,0,0,0,0,33,0,7,10,3,23,0,1,0,0,7,9,0,0,0,0,0,0,0,10,0,0,0,0,36,21,19,0,6,6,0,0,15,15,48,0,0,18,0,0,0,13,14,0,5,2,35,0,1,0,1,0,17,30,0,48,20,45,17,11,50,62,56,28,33,0,60
2020-03-01,17,16,2,4,4,11,1,15,11,46,41,24,15,27,34,36,16,7,4,6,2,0,0,11,4,0,35,0,25,0,29,44,0,0,0,23,28,23,13,26,3,61,2,7,0,0,0,0,12,28,7,6,19,20,60,0,19,2,2,15,0,18,4,0,19,0,8,27,0,16,0,8,17,1,0,0,3,13,1,50,0,38,24,0,1,25,0,13,20,82,6,64,8,28,13,14,19,0,14,0,0,3,4,3,49,21,0,2,23,8,4,91,2,26,7,9,2,0,2,0,78,2,3,2,14,0,0,1,0,54,0,0,28,0,36,22,15,27,0,43,8,0,7,0,0,25,10,1,9,8,0,0,34,20,0,0,0,4,16,4,6,0,0,0,0,25,0,6,10,4,11,0,9,0,0,5,0,0,0,0,0,0,0,0,0,0,0,34,0,30,16,15,0,6,9,0,0,18,29,45,0,0,10,0,0,0,17,14,0,5,16,36,0,1,1,0,2,14,24,0,44,18,30,9,8,46,55,0,22,33,1,41
2020-04-01,13,10,2,3,3,8,1,9,9,35,9,0,0,8,8,24,16,4,4,7,2,0,0,8,2,0,26,0,28,0,16,27,0,0,0,16,11,16,5,17,2,26,0,3,0,0,0,0,17,0,8,9,22,0,74,6,43,2,1,17,0,14,4,0,25,0,5,0,0,0,62,5,13,1,0,0,2,10,1,0,0,0,19,0,0,20,9,10,17,60,3,34,4,35,10,0,11,3,9,0,0,2,3,1,12,7,0,0,8,1,0,0,1,7,10,4,1,0,0,0,41,2,3,1,8,0,0,0,0,79,0,0,100,0,48,28,23,76,0,24,5,0,28,0,0,28,7,1,0,0,0,0,55,18,0,0,0,3,13,3,3,1,0,0,0,10,58,5,7,4,5,0,3,0,0,7,0,0,0,0,0,0,0,0,0,0,66,31,0,22,10,9,0,15,16,0,0,25,33,42,0,0,12,31,0,0,22,18,0,6,7,18,0,1,1,1,2,20,29,0,25,10,20,8,8,20,38,0,0,0,0,0
2020-05-01,15,12,2,3,3,8,1,10,12,44,8,21,0,6,4,36,12,5,5,6,2,0,0,0,3,0,45,0,32,0,23,29,0,0,0,20,20,17,8,23,3,37,0,2,0,0,0,0,0,0,7,9,25,0,54,3,43,3,2,16,0,17,3,25,34,0,7,39,2,10,0,8,14,1,0,0,2,15,1,59,0,35,0,0,1,26,11,13,25,55,6,39,7,28,10,0,12,0,8,0,0,2,3,1,10,2,0,0,6,1,0,0,1,21,14,5,2,0,0,0,45,2,4,1,9,0,0,0,0,69,0,0,53,0,58,36,32,43,0,21,7,0,20,0,14,35,8,1,8,4,0,0,57,29,38,0,0,4,14,4,3,0,15,0,0,8,0,6,7,4,4,0,1,0,0,6,0,0,0,0,0,0,0,0,0,0,48,0,0,31,14,14,0,10,10,9,0,33,31,37,0,0,23,0,0,0,22,23,0,7,8,29,0,1,1,2,5,74,31,0,35,13,19,8,7,21,24,31,24,30,0,32
2020-06-01,15,16,2,4,3,10,1,12,12,45,15,43,0,11,14,35,14,6,5,8,2,0,0,6,3,63,48,0,27,0,25,32,0,0,0,27,28,25,10,22,2,50,0,4,0,15,0,0,18,0,4,8,25,0,40,4,27,2,1,15,0,20,3,0,0,0,6,24,0,16,0,6,21,1,0,0,2,10,2,36,0,52,31,0,1,34,14,13,26,64,5,46,7,34,13,0,21,4,16,0,0,2,5,1,9,2,0,0,6,3,0,0,0,12,77,67,100,34,2,0,50,1,3,1,9,0,0,0,0,66,0,0,37,0,60,35,27,82,55,26,6,0,100,0,9,27,8,1,14,3,0,0,44,18,34,0,0,4,14,3,4,0,20,100,0,11,0,4,7,3,4,0,1,0,0,6,17,0,0,0,0,0,0,0,0,0,69,0,0,47,24,17,0,96,53,7,0,24,26,41,0,0,16,38,0,0,21,22,0,7,6,39,0,0,1,1,2,20,24,0,39,16,35,7,6,35,38,45,34,36,1,32
2020-07-01,16,17,2,3,2,10,1,13,15,22,46,22,10,23,29,48,13,6,4,11,3,0,0,0,3,52,42,0,24,0,29,34,0,0,0,25,24,23,11,26,3,64,0,4,73,0,0,0,14,0,4,7,22,18,42,3,31,3,2,15,0,14,3,0,24,0,5,0,0,13,0,5,19,1,0,0,2,8,2,36,0,26,19,29,0,21,10,13,30,65,6,50,6,30,17,0,25,0,20,0,27,40,11,13,15,2,0,1,4,1,0,0,0,9,53,35,37,16,2,0,38,1,3,1,11,0,0,2,0,45,0,0,33,0,54,28,27,100,0,24,4,0,29,0,13,23,6,1,13,0,0,0,45,21,25,0,0,5,13,3,6,0,33,0,0,10,0,4,7,3,3,0,1,0,0,5,7,0,0,0,0,0,0,0,0,0,60,0,0,46,22,21,0,28,37,24,32,23,30,44,0,0,16,0,0,0,22,22,0,6,8,38,0,0,0,1,0,15,21,0,39,16,31,11,8,57,42,67,38,31,1,48
2020-08-01,15,15,1,3,2,9,0,12,11,35,25,30,16,19,21,33,14,6,6,7,2,0,0,4,3,41,34,0,29,0,24,37,0,0,0,30,19,24,12,25,2,56,1,4,0,0,0,0,0,0,3,6,22,0,31,4,21,3,2,13,0,13,2,26,25,0,6,28,2,7,0,8,15,1,0,0,2,17,2,32,19,35,23,0,1,16,8,12,28,60,3,49,8,25,14,9,17,0,16,0,21,27,19,12,15,2,0,1,6,2,0,16,1,9,25,15,8,3,2,0,73,1,3,1,7,0,0,0,0,49,0,0,24,0,50,25,19,66,0,26,4,0,20,0,0,29,7,1,14,0,0,0,46,13,48,0,0,5,13,3,4,0,32,0,0,9,0,5,8,3,3,0,1,0,0,6,10,0,0,0,0,0,0,0,0,0,48,27,0,46,24,18,0,18,27,34,31,27,27,30,0,0,13,26,0,0,20,24,0,7,9,36,0,1,0,0,1,16,23,0,40,16,34,11,7,38,36,39,25,27,0,34
2020-09-01,14,15,1,3,2,8,0,10,9,35,18,27,0,19,18,32,12,4,5,5,1,0,0,0,2,0,38,0,23,0,22,40,0,0,0,21,22,18,13,22,2,58,0,6,0,0,0,0,0,0,3,5,17,0,28,4,32,2,1,15,0,14,3,27,18,0,6,0,2,12,0,6,15,1,0,0,3,13,2,50,0,47,19,30,0,18,8,12,29,61,3,45,7,29,17,0,17,0,13,0,0,16,35,7,32,2,0,1,5,1,0,0,1,0,23,12,9,1,2,0,59,1,4,2,8,0,0,0,0,35,0,0,20,0,38,23,16,75,0,26,3,0,13,0,8,24,8,1,6,0,0,0,44,20,21,0,0,5,13,3,4,0,24,0,0,11,0,4,8,3,4,8,5,0,0,5,0,0,0,0,0,0,0,0,0,0,0,0,0,52,36,21,0,13,25,21,0,20,17,43,0,0,0,0,0,0,17,21,0,7,22,32,0,0,0,0,0,16,26,1,35,16,27,10,6,40,39,46,34,20,1,37
2020-10-01,13,13,1,3,3,10,1,10,11,30,10,24,22,12,10,33,15,4,6,14,0,0,0,7,2,0,30,0,21,0,22,26,0,0,0,22,12,14,11,22,2,65,0,6,0,0,0,0,0,0,2,4,14,0,20,5,16,4,2,11,0,16,3,0,18,0,6,0,2,9,100,5,13,1,0,0,2,0,2,52,0,46,19,0,1,19,14,9,22,53,2,45,5,23,19,0,16,3,10,0,0,9,28,1,16,1,0,0,14,2,1,0,1,25,9,5,2,1,5,0,47,1,3,2,7,0,0,0,0,26,0,0,16,0,36,22,22,47,0,27,5,0,18,0,8,17,8,1,16,0,0,0,68,40,36,0,8,5,14,4,4,0,16,0,0,14,0,7,8,3,7,1,8,0,27,6,0,0,0,0,0,0,0,0,0,0,38,29,0,93,90,21,0,14,28,100,0,20,19,27,0,0,0,0,0,0,14,17,0,7,6,29,0,1,0,1,0,11,28,0,27,14,25,9,4,29,33,32,21,35,1,0
2020-11-01,13,12,1,4,3,12,1,10,10,30,29,30,0,11,10,38,14,5,2,25,2,0,0,0,2,0,44,0,22,0,19,38,0,0,0,20,20,15,12,19,2,67,0,10,0,0,0,0,16,0,3,4,21,0,27,10,13,3,1,17,0,12,3,27,20,0,6,26,0,8,0,5,16,1,0,0,2,0,1,55,0,67,0,0,1,15,9,9,18,46,1,44,6,24,16,0,18,9,13,0,19,4,22,1,34,1,0,1,21,3,1,18,1,14,11,5,5,1,8,0,67,1,4,2,10,0,0,0,0,32,0,0,16,0,35,22,21,71,0,42,9,0,33,0,0,21,8,1,12,4,0,0,51,38,23,0,0,6,17,5,5,0,15,0,0,16,0,5,10,3,6,0,10,0,8,7,0,0,0,0,0,0,0,0,0,0,44,0,0,100,100,22,0,31,41,90,0,16,21,37,0,0,0,0,0,0,16,20,0,8,15,37,0,1,0,1,0,21,31,0,27,14,28,11,5,29,27,30,36,19,1,0
2020-12-01,11,10,1,3,2,8,1,8,11,0,14,21,15,9,11,23,10,4,3,6,1,0,0,5,2,0,34,0,40,0,16,26,0,0,0,16,16,10,9,14,1,40,0,10,0,0,0,0,0,0,3,4,18,0,20,7,14,2,1,14,0,11,2,24,13,0,6,0,2,8,0,4,12,1,0,0,2,0,2,0,0,35,0,0,0,0,11,10,16,43,1,40,5,36,16,0,13,4,8,0,32,3,7,1,16,7,0,1,13,2,0,24,1,7,12,4,12,1,5,0,57,1,3,1,6,0,0,0,0,25,0,0,15,0,35,19,11,35,0,35,6,0,27,0,0,32,8,1,12,4,0,0,42,30,26,0,9,5,14,3,12,0,23,0,0,10,0,5,7,3,5,0,6,0,2,6,0,0,0,0,0,0,0,0,0,0,0,0,0,57,45,17,0,23,28,49,0,18,18,0,0,0,0,0,0,0,18,21,0,7,7,50,0,0,0,0,0,14,24,0,24,12,22,11,5,40,29,0,16,0,0,0
2021-01-01,14,17,2,3,3,10,1,11,12,27,19,23,10,10,8,37,12,5,4,7,2,0,0,7,3,0,34,0,33,0,28,29,0,0,0,26,25,20,14,27,2,83,0,4,0,0,0,0,0,0,4,6,16,18,31,9,16,3,2,12,0,16,3,0,18,0,6,32,0,10,53,6,16,1,0,0,3,13,2,50,30,47,16,0,1,28,14,11,23,51,0,42,6,32,19,0,18,4,14,0,0,3,3,2,10,2,0,1,14,3,1,16,1,13,7,3,5,1,1,0,52,1,3,2,10,0,0,0,0,30,0,0,20,0,43,28,26,32,51,33,7,0,19,0,10,34,10,2,17,4,0,0,42,36,59,0,0,6,17,4,7,0,33,0,0,12,0,6,8,4,5,0,2,0,0,8,8,0,0,0,0,0,0,0,6,0,0,0,0,63,56,20,0,14,19,23,0,22,25,39,0,0,15,0,0,0,27,23,0,7,3,47,0,1,1,0,0,0,18,0,36,15,33,8,7,34,58,0,47,24,1,0
2021-02-01,13,14,1,2,3,13,2,9,12,44,10,29,0,9,8,35,12,4,4,11,2,0,0,5,2,0,30,0,33,0,23,39,0,0,0,25,18,16,14,16,2,69,0,5,0,46,0,0,0,0,3,4,10,0,25,11,16,2,2,15,0,20,3,0,21,0,6,33,1,17,0,4,15,1,0,0,2,17,2,40,0,56,0,0,1,33,0,14,19,51,0,46,5,25,19,0,14,0,9,0,0,2,16,2,8,2,0,1,10,5,0,16,1,26,5,2,2,0,5,0,78,1,4,2,9,0,0,0,0,32,0,0,15,0,37,21,17,32,0,61,13,0,33,0,0,34,9,1,17,5,0,0,39,38,35,0,9,5,16,4,5,0,22,99,0,32,0,5,12,3,5,0,2,0,0,6,11,0,0,0,0,0,0,0,5,0,0,0,0,63,56,20,0,26,23,61,0,21,21,0,0,0,14,0,0,0,17,23,0,5,8,35,0,1,1,0,0,0,23,0,26,15,25,5,6,32,33,42,22,0,0,30
2021-03-01,12,12,1,4,3,12,1,9,8,59,13,24,13,11,12,37,20,4,5,6,3,0,0,6,2,0,41,0,37,0,23,41,0,0,0,21,20,15,15,22,2,56,0,6,0,24,0,0,9,18,3,4,18,0,31,6,21,2,1,12,0,10,3,0,25,0,6,0,2,6,0,6,14,1,0,0,2,14,2,34,29,54,0,0,1,22,12,9,20,46,0,49,5,35,23,8,13,3,9,0,0,2,17,9,12,1,0,1,19,11,2,24,1,11,28,6,23,4,2,0,57,1,4,2,12,0,0,0,0,43,0,0,15,0,39,22,16,78,0,61,13,0,42,0,0,34,8,1,15,0,0,0,40,39,37,0,7,6,16,3,5,0,28,0,0,31,0,6,14,4,5,0,1,0,2,7,6,0,0,0,0,0,0,0,6,0,47,0,0,48,36,17,0,100,31,33,0,20,19,0,0,0,9,0,0,0,19,25,0,7,37,39,0,1,0,1,0,42,35,0,26,13,24,10,5,45,35,32,29,30,0,43
2021-04-01,12,12,1,3,3,10,1,8,10,35,18,18,12,7,6,28,23,4,5,6,1,0,0,0,2,0,46,0,45,0,26,31,0,0,0,22,21,16,12,20,1,56,0,4,0,16,0,0,0,0,3,4,14,0,30,17,20,2,2,13,0,16,3,0,18,0,6,24,2,7,0,5,13,1,0,0,2,16,1,36,19,44,0,0,0,17,9,9,19,40,0,38,5,43,23,10,11,0,7,0,0,2,11,4,6,1,0,1,14,9,2,13,1,13,13,3,9,1,1,0,48,1,3,2,11,0,0,0,0,35,0,0,16,0,35,19,12,75,0,39,9,0,24,0,0,35,8,1,14,4,0,0,39,30,0,0,9,5,18,3,4,0,26,0,0,26,0,6,12,3,4,0,4,0,0,7,11,0,0,0,0,0,0,0,0,0,50,0,0,38,28,16,0,41,23,24,0,22,18,29,0,0,15,0,0,0,21,27,0,7,4,28,0,1,0,1,0,26,28,0,26,13,22,8,5,41,36,37,25,20,1,29
2021-05-01,11,11,2,2,3,10,1,7,8,51,10,31,11,6,5,31,13,3,4,8,2,0,0,6,1,0,39,0,43,0,23,41,0,0,0,19,18,9,11,15,2,55,0,4,66,25,0,0,9,18,3,4,18,0,30,22,17,2,1,13,0,17,3,21,20,0,5,23,2,8,0,5,16,1,0,0,2,14,1,41,0,45,15,0,1,13,11,10,19,36,0,41,5,27,19,9,11,0,8,0,0,2,6,1,5,3,0,1,14,4,2,28,1,13,10,4,7,0,0,0,39,1,4,1,12,0,0,0,57,42,0,0,14,0,34,19,15,52,0,38,6,0,15,0,0,33,9,1,15,6,0,0,38,33,39,0,7,6,18,3,5,0,16,0,0,22,0,6,13,3,5,1,3,0,0,6,8,0,0,0,0,0,0,0,5,0,32,0,0,41,35,15,0,20,18,17,0,21,26,27,0,0,0,0,0,0,20,28,34,7,7,36,0,1,0,0,0,15,26,0,22,11,24,7,5,34,30,27,20,20,0,0
2021-06-01,12,11,1,2,3,10,1,8,9,35,11,23,14,5,4,30,10,3,6,6,2,0,0,5,2,0,38,0,44,0,21,27,0,0,0,17,18,14,12,15,3,52,0,4,0,22,0,0,0,0,3,4,17,16,28,21,26,1,1,13,0,20,3,0,25,0,5,26,2,6,0,4,13,1,0,0,2,15,2,37,19,43,0,0,1,15,8,11,17,43,0,43,5,45,20,0,10,0,4,0,0,2,6,1,4,1,0,1,14,6,1,42,2,13,24,4,15,2,1,0,67,1,2,2,11,0,0,0,0,55,0,0,17,0,39,19,14,59,65,46,10,0,16,0,0,39,9,1,14,4,0,0,41,35,31,0,0,7,16,3,6,0,16,0,0,23,0,8,17,4,4,1,2,0,2,7,11,0,0,0,0,0,0,0,0,0,48,0,0,42,32,15,0,20,20,10,0,26,26,27,0,0,13,0,0,0,23,36,0,8,4,31,0,1,1,1,0,15,32,0,24,13,23,9,2,23,25,34,21,0,0,27
2021-07-01,13,12,2,3,3,10,1,8,10,34,13,15,11,18,23,28,14,4,4,6,2,0,0,6,2,0,42,0,100,0,17,34,0,0,0,23,19,12,12,18,2,55,0,4,0,18,0,0,0,24,4,5,19,18,35,24,14,2,1,15,0,17,3,22,25,0,6,24,2,13,0,7,13,1,16,0,2,13,2,46,0,34,0,55,1,13,0,10,19,42,0,46,5,36,23,0,14,0,10,0,0,3,8,4,6,1,0,1,19,5,2,11,1,18,8,3,3,0,1,0,54,1,3,2,15,0,0,0,0,34,0,0,17,0,38,20,12,55,0,47,10,0,17,0,0,31,10,1,23,4,0,0,38,41,41,0,21,8,18,3,6,0,14,0,0,26,0,7,14,4,4,0,1,0,0,7,7,100,0,0,0,0,0,0,9,0,34,0,0,36,26,13,0,17,17,16,0,34,26,36,0,0,16,0,0,0,24,42,46,8,4,38,0,1,1,0,0,0,25,0,24,13,21,7,5,38,31,44,22,19,0,28
2021-08-01,13,12,2,3,3,9,1,8,9,36,9,21,0,13,16,32,14,4,5,8,2,89,0,6,2,0,43,0,80,0,23,38,0,0,0,19,18,14,14,14,2,62,0,5,0,13,0,0,9,0,3,5,17,22,35,22,12,2,1,12,0,21,3,19,25,0,6,22,2,8,62,7,14,1,0,0,3,12,2,48,23,24,19,25,1,0,8,10,17,42,0,46,5,36,23,0,14,4,9,0,0,3,4,3,6,2,0,1,17,5,2,43,2,16,13,3,9,0,0,0,68,1,3,1,10,0,0,0,81,57,0,0,15,0,35,22,17,37,0,50,8,0,19,0,0,29,9,1,16,5,0,0,37,30,36,0,0,9,16,3,5,0,12,0,0,31,0,6,11,3,4,0,2,0,0,6,8,0,0,0,0,0,0,0,6,0,66,0,0,32,25,15,0,17,14,12,0,28,25,25,0,0,11,0,0,0,22,37,37,7,5,38,0,1,1,0,0,16,20,0,20,12,23,12,5,21,35,33,26,18,0,26
2021-09-01,12,11,1,3,3,10,1,7,10,42,10,14,10,9,12,39,12,3,3,9,1,0,0,4,2,0,50,0,65,0,22,39,0,0,0,23,25,14,12,21,2,68,0,4,0,34,0,0,9,0,3,5,14,0,34,24,11,2,1,8,0,22,3,0,28,48,5,28,1,0,0,5,12,1,0,0,2,18,1,38,46,26,17,0,1,23,9,9,17,37,0,42,4,31,23,10,14,4,12,0,18,5,13,1,5,1,0,7,11,3,1,43,2,24,18,3,13,1,2,0,85,1,3,2,8,0,0,0,75,51,0,0,14,0,34,20,13,63,0,43,5,0,28,0,0,40,10,2,26,4,0,0,36,30,32,0,9,8,16,2,6,0,9,0,0,21,0,6,12,4,3,0,2,0,0,7,6,0,0,0,0,0,0,0,7,0,0,0,0,34,29,16,0,40,24,12,0,26,19,32,0,0,13,0,0,0,24,38,0,8,4,28,0,1,0,0,0,17,24,0,19,11,23,8,5,23,42,33,16,0,0,35
2021-10-01,12,12,1,3,2,11,1,6,9,42,13,26,11,10,12,34,14,3,3,13,2,0,0,4,2,0,49,0,53,0,23,36,0,0,0,21,20,12,11,18,2,64,0,4,0,26,0,0,14,0,3,4,15,31,36,42,15,1,1,14,0,23,3,27,25,0,5,35,1,14,0,6,12,1,0,0,2,10,2,30,17,30,15,27,1,18,10,8,14,37,0,33,4,44,27,0,10,0,7,0,0,19,14,1,5,1,0,2,20,8,2,23,2,28,9,3,5,0,2,0,32,1,4,1,9,0,0,0,0,47,0,0,13,0,33,20,12,43,0,44,8,0,16,0,0,33,11,2,28,6,0,0,34,43,37,0,17,7,18,2,5,0,8,0,0,27,0,7,12,4,4,1,1,0,0,6,0,0,0,0,0,0,0,0,5,0,0,0,0,28,27,12,0,18,18,20,0,29,19,29,0,0,0,0,0,0,26,40,50,7,3,29,0,1,1,0,0,11,23,0,20,10,22,4,4,22,29,0,18,19,0,0
2021-11-01,13,11,1,3,3,11,1,7,10,53,12,16,11,8,9,25,14,4,3,12,2,0,0,8,2,56,46,0,49,0,20,31,0,0,0,24,24,12,12,22,2,54,0,7,0,31,0,0,0,0,3,4,18,17,30,41,17,2,1,9,0,21,2,0,26,0,6,29,2,14,0,10,13,1,0,0,2,17,2,44,19,41,18,0,0,17,9,9,15,42,0,42,4,47,24,11,13,5,7,0,20,10,10,1,5,1,0,2,22,9,2,42,3,20,12,3,7,1,2,0,30,1,4,2,9,0,0,0,84,43,0,0,12,0,31,19,10,48,0,51,7,0,13,0,0,34,10,1,22,6,0,0,33,31,0,0,13,8,18,2,5,0,3,0,0,31,0,6,14,3,4,0,1,0,0,7,6,0,0,0,0,0,0,0,0,0,53,0,0,28,23,11,0,12,16,10,0,36,32,0,0,0,11,0,0,0,28,39,0,8,6,31,0,1,0,0,0,12,18,0,21,10,20,10,5,22,19,0,29,0,0,0
2021-12-01,10,10,1,3,3,7,1,6,8,41,8,0,21,15,25,28,13,3,4,0,1,0,0,0,2,52,29,0,42,0,17,41,0,0,0,24,12,11,8,16,2,37,0,3,0,22,0,0,0,0,3,4,14,26,30,23,13,1,1,6,0,26,2,0,23,0,5,0,0,11,0,4,11,1,0,0,2,13,1,37,0,0,17,0,0,15,0,8,12,35,0,37,4,36,19,0,10,0,6,0,0,15,10,1,10,1,3,2,11,2,1,41,3,20,12,2,4,0,0,0,34,1,2,1,5,0,0,0,0,43,0,0,10,0,26,18,15,28,0,34,5,0,10,0,0,23,8,1,20,5,0,0,34,24,28,0,0,7,15,2,5,0,3,0,0,27,0,5,10,4,3,0,5,0,0,5,9,0,0,0,0,0,0,0,0,0,48,41,0,24,19,11,0,9,14,0,0,32,34,0,0,0,0,29,0,0,30,34,0,7,4,26,0,0,0,1,0,15,18,0,20,10,13,4,4,23,23,0,17,0,1,0
2022-01-01,19,19,2,5,4,13,1,9,13,60,20,31,19,14,18,58,20,5,8,13,3,0,0,6,3,48,70,0,45,0,29,56,0,0,0,43,43,26,18,34,3,98,1,8,0,30,0,0,13,21,6,7,31,35,59,23,22,2,1,13,95,55,5,24,38,0,8,27,2,16,67,7,15,2,0,0,3,64,3,55,23,53,35,0,1,21,13,13,20,47,1,47,5,77,47,14,15,0,9,0,0,13,8,2,55,2,0,5,14,4,1,28,3,36,10,3,6,1,2,7,67,2,5,2,10,0,0,0,70,76,0,0,21,0,41,33,25,46,57,60,11,0,12,0,7,49,16,2,46,7,0,0,40,50,42,0,17,12,25,4,7,0,12,0,0,25,0,9,14,4,4,0,1,0,0,9,8,0,0,0,0,0,0,0,6,0,32,0,0,49,33,18,0,9,17,13,0,66,45,50,0,0,32,35,0,0,56,52,47,10,6,37,0,1,1,1,0,0,26,0,33,14,32,9,7,36,33,40,37,34,1,41
2022-02-01,19,17,2,5,4,13,1,9,11,71,14,27,20,8,9,53,24,4,8,10,2,0,0,8,3,51,67,0,50,0,29,47,0,0,0,47,45,23,18,33,4,76,0,6,0,32,0,0,10,29,5,7,26,56,62,23,28,3,1,17,0,64,5,27,58,0,9,39,2,12,37,9,16,2,0,0,3,84,2,56,35,51,22,0,1,22,14,12,19,45,0,37,5,69,55,22,15,0,10,0,0,5,3,2,26,1,0,1,26,13,4,20,2,19,21,4,13,2,1,0,52,2,5,3,13,0,0,0,0,68,0,0,22,0,36,26,15,39,0,65,14,0,12,0,0,55,17,2,46,8,0,0,41,61,59,0,28,13,27,3,7,0,3,0,0,23,0,10,15,5,6,0,11,0,0,6,7,0,0,0,8,0,0,0,6,0,69,32,0,46,32,19,0,11,13,11,0,69,52,60,0,0,23,32,0,0,65,56,55,8,10,46,0,1,1,0,0,12,34,0,32,13,25,9,6,33,32,41,28,25,0,39
2022-03-01,21,18,2,5,4,13,1,9,13,64,15,31,20,10,13,54,23,6,11,12,3,0,0,10,3,42,76,0,54,0,32,38,0,0,0,43,48,24,19,38,4,70,1,6,0,24,0,0,20,16,6,9,35,43,72,32,37,2,2,17,0,73,5,30,54,0,9,41,3,17,62,11,19,2,12,0,3,87,3,64,36,60,19,27,1,36,23,15,19,41,2,40,5,76,61,21,14,2,8,0,0,3,18,4,21,1,0,1,19,6,2,70,4,19,17,4,11,2,1,4,75,2,5,2,13,0,0,1,67,100,0,0,24,0,39,32,23,54,95,64,10,0,12,0,6,53,20,2,61,10,0,0,40,59,46,0,23,14,24,3,8,0,3,0,100,21,0,12,16,5,6,0,10,0,0,8,9,0,0,0,0,0,0,0,6,0,63,23,0,46,31,21,0,11,28,9,20,74,53,77,0,99,39,47,0,13,81,50,44,11,9,42,0,1,1,1,1,22,32,0,34,15,32,9,7,34,38,33,49,29,1,45
2022-04-01,19,16,2,3,3,10,1,8,11,55,14,33,26,10,14,46,22,4,12,7,1,0,0,10,3,0,72,0,58,0,26,41,0,0,0,37,41,22,17,26,4,55,1,7,0,29,0,0,10,0,6,8,36,55,78,100,26,2,1,13,98,72,5,38,80,32,7,19,2,13,49,9,16,2,0,0,3,77,3,58,36,35,21,34,1,26,15,14,19,40,1,36,4,73,60,18,13,2,6,0,14,4,13,6,9,1,0,1,18,3,1,37,5,35,9,2,5,0,1,5,60,2,4,2,9,0,0,0,55,78,0,0,40,16,35,26,19,51,62,46,6,0,14,0,0,53,17,2,50,7,0,0,42,59,54,0,27,13,23,4,8,0,3,0,0,16,0,11,13,4,5,0,7,0,1,8,12,0,0,43,8,0,0,0,6,0,34,23,0,40,26,18,0,11,19,14,25,77,48,68,0,0,42,42,0,13,80,54,77,10,4,43,0,1,0,0,0,16,24,0,34,14,33,8,8,29,37,52,33,18,1,37
2022-05-01,19,16,2,4,3,11,1,8,13,51,16,21,15,10,14,53,23,5,13,7,2,0,0,6,3,56,68,0,48,0,30,37,0,0,0,38,45,22,18,33,3,71,1,6,0,20,48,0,7,22,6,9,41,63,69,38,26,3,1,18,61,79,5,37,72,34,7,32,2,12,47,9,20,2,0,0,3,65,3,58,33,69,19,0,1,23,16,14,20,43,0,40,4,80,69,15,13,2,7,0,0,4,10,6,5,3,0,1,12,5,0,9,2,33,9,2,5,1,1,0,48,2,3,3,15,0,0,1,98,86,0,0,28,0,36,25,18,44,54,64,11,0,11,0,6,63,18,3,52,9,0,0,43,66,71,0,35,14,26,3,7,0,3,0,0,13,0,11,16,4,6,0,18,0,0,9,12,0,0,0,0,0,0,0,5,0,77,18,0,42,28,18,0,8,13,7,21,88,65,61,0,89,45,20,0,0,84,56,92,10,4,29,0,1,1,0,0,17,32,0,33,14,30,12,7,33,47,40,46,28,1,48
2022-06-01,21,17,2,4,3,11,1,8,13,65,19,34,15,11,16,57,19,5,10,9,3,0,0,9,3,100,70,0,60,0,30,47,0,0,0,40,53,25,18,32,4,71,1,6,0,14,0,0,11,20,7,9,32,56,75,24,32,2,1,18,71,74,5,32,67,0,8,41,1,14,0,9,21,2,0,0,3,74,3,62,25,59,20,23,1,22,17,15,27,46,0,55,5,87,73,28,15,4,8,0,0,3,9,3,5,2,0,1,23,9,2,36,2,29,20,4,13,1,2,0,57,2,6,3,15,1,0,1,0,79,0,0,26,0,34,25,20,49,51,49,9,0,13,0,0,64,21,3,63,10,0,1,45,64,61,0,36,16,25,4,8,0,3,0,0,14,0,12,21,5,5,1,15,0,0,9,6,0,0,0,0,0,0,0,4,0,59,0,0,44,27,19,0,9,13,9,0,90,51,56,0,97,62,42,0,0,82,59,66,11,5,35,0,1,1,1,2,17,29,0,34,15,31,13,5,26,47,57,42,24,1,42
2022-07-01,21,17,2,5,3,11,1,9,16,64,15,32,20,11,16,52,21,5,15,9,2,0,0,7,4,80,80,0,49,0,26,66,0,0,0,43,62,26,19,36,5,72,1,6,64,11,42,0,16,20,7,10,38,57,100,41,31,2,1,15,0,85,6,41,78,0,8,23,1,14,97,13,22,2,14,0,4,81,3,38,26,60,27,20,1,37,12,15,28,48,0,54,6,94,78,29,16,2,7,0,0,5,4,1,12,5,0,1,20,6,2,40,4,30,10,3,6,0,2,0,38,2,5,3,12,0,0,1,100,91,78,0,25,0,37,27,23,24,70,44,7,0,12,0,7,56,22,2,72,10,0,1,48,87,84,0,36,18,25,4,9,0,2,0,0,16,0,10,23,4,5,2,13,0,1,8,9,0,0,0,0,0,0,0,7,0,73,23,0,44,32,19,0,9,13,0,25,100,64,45,0,61,56,53,1,0,99,56,86,11,8,40,0,1,1,1,0,10,26,0,31,14,38,11,8,22,33,47,43,27,1,39
2022-08-01,22,17,2,4,3,10,1,8,17,75,16,36,13,13,18,60,23,7,11,8,3,100,0,6,4,82,100,0,42,0,36,50,0,0,1,51,63,33,22,36,4,79,1,15,0,17,0,0,11,37,6,10,34,49,88,55,21,2,2,19,0,78,6,44,60,36,8,22,2,16,58,11,23,2,0,0,4,86,3,46,42,54,36,0,1,31,23,15,22,47,0,57,6,90,81,25,14,0,7,0,15,14,4,2,43,3,0,1,14,2,1,29,3,37,11,3,6,0,1,0,53,2,6,2,13,0,0,1,71,87,100,0,29,0,37,26,16,35,61,43,6,0,11,0,0,57,22,3,67,9,0,0,48,78,50,0,43,18,26,4,9,0,4,0,92,15,0,10,19,3,5,1,18,0,0,9,8,0,0,0,0,0,0,0,5,0,74,25,0,38,32,16,0,9,13,0,0,85,64,62,0,50,66,43,1,13,96,56,42,10,4,35,0,2,0,0,1,16,28,0,32,13,35,14,7,37,42,47,38,19,1,31
2022-09-01,22,16,2,5,3,12,1,8,17,64,14,39,18,15,31,61,23,5,12,7,2,0,0,9,4,49,99,0,42,0,31,54,0,0,0,44,58,30,22,36,4,92,0,22,0,15,34,0,16,24,6,9,28,55,75,44,36,3,1,18,75,100,6,31,77,52,8,28,2,14,57,10,20,2,0,0,3,100,3,73,38,67,17,35,1,31,18,17,21,50,0,59,6,88,83,36,12,3,5,0,0,10,4,1,27,2,0,1,13,9,1,10,2,34,11,5,5,0,1,0,43,2,6,3,10,1,0,1,0,87,90,0,30,0,35,25,22,20,59,47,7,0,14,0,0,55,23,3,77,9,0,0,49,94,63,0,46,17,23,3,9,0,1,0,0,15,0,11,17,4,5,0,14,0,0,9,11,0,0,0,0,0,0,0,9,0,61,20,0,42,30,20,0,11,13,0,31,81,49,67,0,63,62,53,0,13,82,56,74,11,4,44,0,1,0,1,0,18,35,0,31,15,31,11,6,31,40,47,55,27,1,46
2022-10-01,20,16,2,5,4,13,1,7,17,73,13,33,17,12,19,56,21,5,12,11,2,0,0,6,3,39,79,0,36,0,27,63,0,0,0,46,52,27,17,29,3,71,0,8,0,20,0,15,13,27,6,8,29,57,76,31,30,2,1,16,63,79,6,24,52,37,7,26,2,15,0,8,20,2,0,0,3,90,3,37,35,55,30,32,1,34,20,13,19,44,0,48,6,88,81,28,13,0,6,0,0,8,21,1,17,2,0,1,15,5,2,7,1,29,15,3,9,0,2,0,65,2,5,3,11,1,0,0,55,61,66,0,23,0,32,22,25,33,42,45,9,0,13,0,6,62,24,3,67,9,0,0,49,82,65,100,48,16,23,4,12,0,2,0,0,19,0,10,19,4,4,0,15,0,0,8,9,0,0,0,0,0,0,0,5,0,60,24,0,39,27,17,0,9,12,0,0,61,51,59,0,0,47,36,0,0,75,54,53,10,4,33,0,1,1,0,1,13,32,0,29,13,28,9,8,27,37,37,29,24,1,30
2022-11-01,19,14,2,3,3,13,1,7,14,61,13,43,16,17,35,49,22,5,10,9,2,0,0,9,3,47,68,0,31,0,26,34,0,0,0,43,47,26,17,29,3,58,0,7,0,48,0,0,0,19,5,8,29,60,64,28,22,3,1,14,0,64,5,28,61,0,7,38,1,13,73,9,20,2,0,0,3,72,3,58,18,60,28,23,1,27,21,13,19,47,0,52,6,88,71,35,14,4,6,0,0,3,12,1,7,1,0,1,16,10,2,38,3,12,8,4,5,0,1,0,43,1,5,2,10,0,0,0,50,49,0,0,20,0,31,21,15,25,0,59,8,0,14,0,0,51,21,3,62,6,0,0,46,59,54,0,53,14,18,4,9,0,0,0,0,33,0,10,21,5,5,0,4,0,0,7,9,0,0,0,0,0,0,0,5,0,39,39,0,34,22,17,0,8,10,0,0,74,61,52,0,0,54,66,0,0,68,50,53,10,6,35,0,1,1,1,4,22,39,0,26,12,31,9,7,28,35,40,30,39,1,33
2022-12-01,20,13,2,4,3,9,1,7,14,53,19,45,20,22,53,51,19,5,8,4,2,0,0,8,2,35,68,0,33,0,22,46,0,0,0,38,44,23,13,21,3,47,0,7,0,20,0,0,10,0,6,8,27,45,73,34,21,2,2,16,0,70,5,46,76,0,7,28,1,15,46,7,17,2,0,0,5,74,3,54,18,53,30,31,1,26,12,11,21,48,0,52,7,77,77,25,14,3,5,0,20,3,8,4,8,4,0,4,11,2,1,37,2,15,6,3,3,0,0,0,29,2,5,2,14,0,0,0,0,81,77,0,21,15,33,21,18,43,46,40,5,53,8,0,7,53,21,3,58,8,0,0,44,75,71,0,57,12,19,4,8,0,2,0,0,28,0,8,16,5,4,0,1,0,0,8,0,0,0,0,0,0,0,0,4,0,60,0,0,31,20,16,0,7,9,0,0,65,51,71,0,0,31,65,0,0,72,49,62,10,5,43,0,1,1,0,2,11,27,0,27,12,28,11,5,30,22,38,37,28,1,52
2023-01-01,23,18,2,5,3,12,1,7,18,94,19,35,14,25,53,64,26,6,10,5,2,0,0,10,3,0,78,0,31,0,28,61,0,0,0,56,61,28,19,37,4,95,1,7,0,45,0,0,16,15,7,9,33,58,82,31,23,3,1,16,72,92,6,32,80,43,9,43,2,12,87,7,20,2,14,0,5,73,4,81,42,48,26,44,1,46,17,17,26,52,0,58,8,93,95,38,21,4,10,0,0,3,5,4,7,32,0,2,23,10,2,35,4,52,5,3,2,0,0,0,38,2,5,3,15,0,0,0,0,80,0,0,24,0,39,29,27,24,41,50,10,49,10,0,0,39,27,4,100,11,0,0,42,83,59,0,63,13,23,5,9,0,2,0,0,30,0,9,17,4,5,0,1,0,0,9,5,0,0,55,0,0,0,0,7,0,45,34,0,47,31,18,0,7,8,5,0,69,62,76,0,0,51,100,0,0,80,49,66,9,12,42,0,2,0,1,3,18,30,0,36,16,36,10,8,36,40,49,51,48,1,40
2023-02-01,18,13,2,3,3,10,1,6,15,72,12,33,16,23,54,54,29,4,8,7,2,0,0,8,3,56,68,0,27,0,25,29,0,0,0,43,45,23,15,25,4,56,0,5,0,30,0,0,16,0,6,7,27,42,73,26,23,2,2,16,0,79,4,24,68,0,6,23,2,12,0,7,17,2,0,0,4,64,3,38,24,45,20,0,1,23,15,14,18,47,1,48,7,75,81,37,15,0,9,0,17,2,9,2,6,6,0,1,13,2,1,32,3,29,6,4,3,1,1,0,33,2,5,2,12,0,0,0,0,62,0,0,21,0,31,21,21,0,49,46,12,0,8,0,0,50,22,3,80,10,0,0,39,71,49,0,49,10,20,3,6,0,2,0,0,23,0,9,16,4,4,0,1,0,1,9,9,71,0,0,0,0,0,0,4,0,47,40,0,32,23,15,0,6,6,0,0,58,54,50,0,0,37,53,0,0,72,50,43,8,8,33,0,1,0,1,0,21,30,0,27,13,28,9,6,29,33,59,41,30,1,41
2023-03-01,19,13,2,4,2,11,1,6,14,66,19,30,22,35,87,58,27,5,10,8,1,0,0,4,3,57,71,0,32,0,29,54,0,0,0,42,54,25,16,27,4,59,0,4,0,23,0,0,9,0,6,8,28,65,70,38,15,2,1,13,94,76,5,36,77,36,7,18,2,12,0,8,18,2,0,0,3,56,3,57,24,54,27,0,1,40,17,13,19,53,0,51,7,96,91,33,16,3,5,0,0,2,21,3,20,4,0,1,10,3,1,8,1,23,9,8,7,1,1,4,34,2,5,2,11,0,0,1,48,60,0,0,21,0,36,26,21,18,42,39,8,0,9,0,0,60,27,4,80,13,0,0,40,100,54,0,56,12,21,4,7,0,2,0,0,22,0,10,14,4,4,2,2,0,1,9,9,100,0,0,0,0,0,0,3,0,62,22,0,36,28,17,0,6,7,0,0,68,57,55,0,69,37,82,0,12,85,47,57,10,4,36,0,1,1,1,2,20,29,0,28,13,27,9,6,37,33,23,43,25,1,26
2023-04-01,20,14,2,3,3,13,1,7,17,53,17,41,20,31,70,56,28,5,9,8,1,0,0,7,3,71,75,0,30,0,26,51,0,0,0,37,45,24,16,24,3,63,1,4,0,16,0,0,16,20,6,8,30,63,80,22,25,2,1,19,0,62,5,27,77,29,7,27,2,12,63,7,20,2,13,0,4,58,3,54,22,32,28,29,1,44,17,14,18,52,0,50,6,100,87,23,17,4,9,0,0,2,20,3,42,4,0,2,24,12,3,0,2,25,8,7,4,1,0,0,32,2,4,3,9,0,0,0,0,47,0,0,22,0,35,21,17,30,46,51,7,0,12,0,0,55,27,4,76,12,0,0,39,75,53,0,40,12,19,3,8,0,2,0,0,24,0,9,14,5,5,0,1,0,1,8,6,0,0,0,0,0,0,0,6,0,69,30,0,37,26,17,0,8,15,0,0,64,50,54,0,71,43,54,0,16,74,45,80,10,4,47,0,1,1,0,1,25,32,0,30,14,30,7,6,39,37,36,40,21,1,37
2023-05-01,20,14,2,5,3,12,1,7,19,76,15,21,19,13,22,62,35,5,11,5,2,0,0,9,3,48,79,0,28,0,28,60,0,0,0,39,48,22,16,26,3,73,1,9,0,29,28,0,16,21,7,9,25,52,82,18,19,2,1,14,91,79,5,20,83,31,8,30,2,13,0,7,17,2,11,0,3,65,3,68,28,46,26,32,1,44,19,17,19,60,0,53,5,95,89,30,16,2,6,0,15,2,8,3,17,5,0,1,15,3,1,55,4,35,7,3,3,1,1,0,40,1,5,3,16,1,0,1,44,65,63,0,20,0,34,23,21,26,38,55,10,0,10,0,7,66,27,5,72,11,0,0,36,75,69,0,48,14,21,3,10,0,2,0,0,32,0,9,16,5,5,0,1,0,0,6,8,0,0,0,0,0,0,0,7,0,53,36,0,42,25,16,0,7,10,0,0,60,60,63,0,41,45,57,0,0,67,44,62,10,26,34,0,2,1,1,0,15,35,0,29,15,27,11,7,20,27,39,35,0,1,31
2023-06-01,23,15,2,3,3,11,1,7,21,51,16,35,17,10,14,58,34,5,10,10,2,0,0,6,7,87,86,0,29,0,28,41,0,0,0,42,62,26,18,33,4,65,1,5,0,22,32,0,15,24,7,9,31,62,87,20,25,2,1,16,0,83,5,17,88,59,7,18,2,11,52,8,24,2,0,0,4,62,3,51,29,56,27,0,1,67,24,19,19,61,0,51,6,95,93,27,17,2,9,0,18,2,3,3,6,2,0,1,15,11,1,13,2,35,7,3,3,1,1,0,34,2,7,3,13,0,0,0,0,66,0,0,23,0,37,22,19,27,0,47,8,0,11,0,5,55,31,6,72,13,0,0,37,79,62,0,55,15,20,4,7,0,2,0,0,22,0,10,17,4,13,4,2,0,0,8,6,0,0,0,0,0,0,0,8,0,45,30,0,34,23,17,0,8,21,5,26,66,61,63,0,69,49,64,0,12,77,46,53,11,42,54,0,1,0,1,1,13,32,0,31,14,35,7,8,25,31,44,34,36,1,53
2023-07-01,23,14,3,5,3,11,1,7,20,70,13,39,21,8,13,76,36,5,11,8,2,0,0,4,5,64,83,0,29,0,26,38,0,0,0,43,62,24,17,35,4,67,1,5,0,24,0,0,11,0,8,10,28,69,90,17,27,2,2,19,79,98,6,33,87,53,9,34,2,12,0,12,23,2,16,0,4,63,3,89,34,49,33,26,1,49,15,17,17,64,0,55,6,100,95,33,16,0,7,0,0,2,3,5,6,1,0,1,18,5,3,38,2,33,10,3,7,0,1,0,48,2,5,3,17,0,0,1,71,67,100,0,24,0,34,24,19,27,0,49,8,0,11,0,0,57,34,7,78,11,0,1,39,87,62,0,70,15,17,5,9,0,3,0,0,19,0,10,18,5,11,2,2,0,0,8,8,0,0,0,0,0,0,0,7,0,49,26,0,45,27,19,0,8,13,0,0,71,65,72,0,64,52,75,0,0,82,52,69,11,47,48,0,1,1,1,1,29,36,0,32,14,30,10,6,42,35,44,39,32,1,39
2023-08-01,23,14,2,3,2,10,1,6,18,70,13,36,19,7,10,62,28,5,12,10,2,0,0,9,3,51,80,0,25,0,28,50,0,0,0,39,60,25,17,29,4,66,0,7,0,14,0,0,9,13,8,9,34,67,89,14,13,2,1,19,0,78,6,31,84,52,8,31,2,11,0,11,19,2,0,0,4,54,3,53,16,53,28,0,1,39,21,17,21,55,0,46,6,90,100,40,15,2,8,0,21,4,4,2,5,1,0,1,20,6,2,57,4,30,11,2,8,1,1,6,52,1,5,3,13,0,0,0,79,63,61,0,24,0,30,20,15,24,0,44,4,0,11,0,0,61,31,6,69,10,0,0,37,79,63,0,61,15,16,5,8,0,2,0,0,22,0,9,14,4,9,6,3,1,0,7,7,0,0,0,0,0,0,0,4,0,51,30,0,42,33,21,0,8,15,0,0,83,64,77,0,93,51,77,0,0,83,56,100,11,25,49,0,1,0,0,0,15,35,0,29,13,27,10,7,29,45,44,24,21,1,29
2023-09-01,22,14,2,4,3,10,1,6,17,58,10,28,13,7,11,52,22,5,11,6,2,0,16,5,10,43,82,0,23,0,24,35,0,0,0,37,46,23,15,24,3,68,0,5,0,23,0,0,11,0,6,9,26,77,90,14,18,2,1,13,76,77,5,24,85,50,8,40,2,13,56,11,18,2,19,0,3,49,3,55,30,43,34,0,1,29,19,17,18,56,0,49,6,94,100,26,11,2,5,0,0,4,19,2,5,1,0,1,18,4,2,43,5,53,8,2,5,1,0,0,41,2,5,3,11,0,0,1,0,59,82,0,21,0,26,19,16,0,0,38,6,0,9,0,0,47,30,5,71,11,1,0,38,75,69,0,62,13,16,5,6,0,0,0,0,20,43,8,13,4,8,8,4,0,1,8,6,0,0,0,6,0,0,0,6,0,0,29,0,39,27,16,0,6,13,0,25,67,57,62,0,67,47,59,0,0,79,50,49,10,12,36,0,1,0,0,1,0,28,0,27,12,26,7,6,19,31,28,30,23,1,22
2023-10-01,21,13,2,5,3,11,2,6,14,82,12,42,24,18,44,52,20,4,11,10,1,0,0,7,13,0,68,0,25,0,26,46,0,0,0,42,51,19,14,26,4,60,1,4,0,23,0,0,18,0,7,8,28,69,93,13,23,2,1,12,95,83,6,36,77,61,7,30,1,13,42,11,21,2,0,0,3,61,2,50,18,51,39,19,2,26,19,16,19,54,0,50,6,80,92,34,14,3,7,0,0,39,52,6,6,1,0,1,21,10,3,14,3,52,7,3,5,1,1,0,46,2,5,2,10,0,0,0,0,59,0,0,18,0,28,20,19,19,0,42,7,0,9,0,0,60,28,5,68,10,0,1,46,64,53,0,53,12,18,3,6,0,2,0,0,27,0,9,17,5,10,7,3,0,0,9,9,0,0,0,0,0,0,0,4,0,42,32,0,39,34,18,0,6,13,0,0,70,60,78,0,76,44,63,0,13,78,56,47,10,14,40,0,1,1,1,0,11,30,0,26,13,28,6,7,38,31,25,39,14,1,46
2023-11-01,22,13,2,5,2,10,1,6,12,58,10,40,16,15,28,51,23,4,10,12,1,0,0,9,29,56,59,0,25,0,26,43,0,0,0,37,39,17,14,23,2,46,0,5,0,29,0,0,10,0,5,9,24,70,70,14,18,2,1,15,79,74,5,33,84,56,6,18,1,12,38,11,23,2,13,0,3,53,3,58,21,46,36,23,1,26,18,18,15,48,0,47,6,73,91,30,12,0,6,0,0,26,17,11,7,1,0,1,19,8,3,60,4,30,7,2,3,0,2,4,42,1,5,2,12,0,0,1,0,60,0,0,20,0,27,20,14,75,0,39,6,0,8,0,0,63,28,5,68,10,0,0,44,71,60,0,46,10,16,3,6,0,2,0,0,25,0,8,17,5,7,8,6,0,1,6,7,0,0,0,0,0,0,0,5,0,37,28,0,38,35,17,0,6,14,0,23,65,50,100,0,0,50,77,0,15,77,56,71,10,8,48,0,1,0,1,2,13,36,0,23,12,24,8,6,27,42,20,27,0,1,44
2023-12-01,18,11,2,3,2,7,1,6,11,58,11,26,16,14,30,41,25,4,10,4,2,0,0,9,6,0,60,0,28,0,15,33,0,0,0,33,41,16,10,16,2,35,0,4,0,12,0,18,14,0,5,7,27,65,62,14,12,2,1,15,0,75,4,17,60,43,6,32,2,12,0,7,15,2,0,0,3,54,2,47,24,38,31,0,1,25,13,14,13,48,0,45,6,61,80,24,13,0,7,0,0,30,6,7,13,1,0,33,17,3,1,57,4,34,6,2,3,0,0,0,73,1,4,2,6,0,0,0,54,45,79,0,19,0,26,19,11,22,0,29,3,0,8,0,0,43,27,4,64,8,0,0,41,73,73,0,46,10,16,3,15,0,3,0,0,24,0,7,11,3,7,0,1,0,0,8,6,0,0,0,0,0,0,0,5,0,47,21,0,38,34,16,0,7,54,5,0,63,54,60,0,54,38,59,0,0,71,51,56,9,9,54,0,1,0,1,0,0,22,0,23,11,22,6,5,30,27,29,24,0,1,35
2024-01-01,21,16,2,5,4,11,1,7,17,81,14,38,18,21,45,59,30,5,11,4,2,0,0,10,5,42,79,0,25,0,28,52,0,0,0,43,66,24,16,31,4,76,0,6,0,22,0,0,14,0,6,9,29,94,90,13,24,2,2,15,75,90,5,43,84,71,8,33,3,11,44,9,17,2,0,0,3,55,3,49,38,64,33,23,1,38,19,18,22,60,0,57,6,83,97,36,20,2,11,0,0,16,11,9,57,2,0,100,19,10,1,25,3,50,4,4,3,1,1,0,58,2,6,3,8,0,0,0,0,63,0,0,20,0,33,29,20,31,39,42,8,0,6,0,5,55,34,5,63,12,0,0,38,71,58,0,41,11,19,3,7,0,1,0,0,20,0,7,13,3,9,0,1,0,0,10,0,0,0,53,0,0,0,0,5,0,39,21,0,44,35,19,0,6,17,0,0,70,69,83,0,75,62,79,0,0,82,59,53,11,24,42,0,1,1,1,2,11,26,0,29,13,29,11,5,38,43,30,38,28,1,30
2024-02-01,19,13,2,4,2,11,1,6,14,74,15,24,26,18,44,49,26,4,9,8,2,0,0,7,3,38,81,0,23,0,23,39,0,0,1,33,46,19,13,22,3,53,0,5,0,23,0,0,15,0,6,8,22,88,92,14,18,2,1,14,0,61,5,31,75,59,6,21,0,6,42,8,19,2,0,0,2,54,2,55,20,0,32,0,1,31,21,17,20,54,0,46,5,69,87,28,12,2,5,0,0,38,7,5,22,1,0,38,18,7,3,37,3,29,3,1,1,0,0,0,40,1,4,3,10,0,0,0,0,49,0,0,17,0,26,20,18,17,39,48,11,0,6,0,0,48,29,4,50,9,0,0,38,90,50,0,45,8,15,2,5,0,0,0,0,23,0,12,29,4,13,2,2,0,0,9,0,0,0,0,0,0,0,0,5,0,32,33,0,42,32,20,0,5,13,0,0,70,68,60,0,59,49,60,0,15,89,62,61,12,16,48,0,3,1,1,2,20,29,0,20,11,23,11,4,23,28,38,29,19,1,34
2024-03-01,18,11,2,4,2,10,1,6,13,60,16,28,13,13,33,45,21,4,12,8,1,0,0,9,3,38,64,0,29,0,22,37,0,0,0,33,53,18,12,19,2,44,0,4,0,11,0,0,14,0,6,7,24,68,80,14,14,2,1,11,0,74,5,19,68,58,5,0,1,9,42,9,19,2,13,0,2,43,2,43,17,42,28,0,1,27,13,16,16,52,0,45,5,76,81,30,10,3,5,0,0,27,6,2,9,1,0,21,20,11,2,44,3,44,2,1,0,0,0,0,50,1,6,3,8,0,0,0,0,45,0,0,17,0,26,19,20,37,0,39,6,0,6,0,0,47,28,4,38,11,0,0,46,59,67,0,33,8,14,2,7,0,2,0,0,20,0,7,18,4,18,0,1,0,0,8,0,0,0,0,0,0,0,0,5,0,51,26,0,41,32,17,0,5,51,0,0,67,62,69,0,51,53,65,0,12,87,59,52,12,15,32,0,2,1,1,0,13,28,0,23,10,21,7,4,15,20,0,27,16,1,27
2024-04-01,18,10,2,3,2,8,1,6,14,53,14,34,9,12,32,44,29,4,9,0,2,0,0,6,3,35,72,0,26,0,23,40,0,0,0,35,48,17,12,21,3,45,0,5,0,12,0,0,15,0,6,7,23,59,69,11,16,2,1,15,0,66,4,19,82,55,7,34,2,12,0,10,19,2,15,0,3,39,2,36,19,52,32,0,2,27,16,14,14,50,0,44,5,63,85,38,12,3,6,0,15,17,9,2,5,1,0,14,20,5,2,53,2,30,2,0,1,0,0,0,70,1,5,3,8,0,0,0,0,43,0,0,16,0,27,17,11,0,0,32,5,0,6,0,0,45,26,4,39,11,0,0,34,57,39,0,33,8,15,2,5,0,0,0,0,19,0,7,15,3,20,0,1,0,0,6,8,0,0,0,0,0,0,0,0,0,48,33,0,38,30,17,0,8,100,6,23,62,61,73,0,53,53,45,0,18,79,57,61,11,28,45,0,1,0,0,2,21,30,0,21,12,21,6,5,15,18,51,36,19,1,34
2024-05-01,18,12,2,4,2,9,1,7,11,63,10,31,15,11,27,78,27,3,10,5,0,0,16,6,6,41,66,0,25,0,20,41,0,0,0,34,56,23,12,20,2,51,0,5,0,18,0,0,15,19,6,7,20,67,76,10,21,2,1,14,0,62,5,31,72,67,6,26,1,9,0,10,18,2,0,0,3,37,2,49,20,35,34,0,1,72,21,15,15,54,0,41,4,68,82,31,13,2,8,0,15,11,36,2,7,1,0,7,17,4,1,41,3,35,2,1,1,0,0,0,74,1,5,2,11,0,0,0,0,54,0,0,18,0,23,19,15,0,0,38,7,0,8,0,0,49,25,3,43,9,0,1,31,42,56,0,31,8,14,2,6,0,0,0,0,23,0,8,17,4,37,1,1,0,0,7,5,0,0,0,0,0,0,0,5,0,48,35,0,58,77,21,0,9,71,5,0,65,66,48,0,63,55,40,0,13,79,63,45,10,17,39,0,1,1,1,2,23,34,0,21,11,22,7,4,30,27,36,26,15,1,26
2024-06-01,18,13,2,4,3,8,1,5,12,49,25,34,12,11,23,50,28,4,11,6,1,0,0,5,4,52,65,0,24,0,23,41,0,0,0,32,54,18,10,19,2,44,0,6,0,15,0,0,8,15,6,7,22,72,82,12,24,2,1,11,0,69,4,26,64,81,6,20,2,11,0,8,17,2,0,0,3,39,2,34,35,45,23,28,2,16,22,14,18,47,0,41,4,71,82,36,11,0,4,0,22,16,19,2,5,1,0,8,20,13,2,24,2,35,2,1,1,0,0,7,50,1,7,3,11,0,0,1,0,45,0,0,17,0,23,18,12,28,0,26,5,0,7,0,0,42,25,3,34,11,1,1,34,46,52,0,32,8,13,2,4,0,0,0,0,15,0,9,19,3,68,29,11,0,0,7,6,0,0,0,0,0,0,0,6,0,43,37,0,44,59,17,0,7,39,0,0,62,55,51,0,61,59,44,0,0,73,61,41,12,9,38,0,1,1,1,2,23,28,0,21,11,22,7,5,22,29,41,28,28,1,31
2024-07-01,18,13,2,5,2,9,1,6,12,49,45,45,16,9,18,48,21,4,9,7,2,0,0,12,7,82,66,0,23,0,20,37,0,0,0,35,57,17,12,21,2,48,0,7,0,17,0,0,0,0,6,8,25,92,85,10,17,2,1,12,68,69,4,22,82,73,6,25,2,13,45,8,18,1,16,0,3,33,2,42,20,51,37,0,1,21,13,15,19,60,0,43,6,72,95,48,12,3,6,0,0,7,4,1,6,1,0,6,26,19,3,52,4,43,1,1,0,0,2,7,55,1,6,3,11,0,0,1,0,49,0,0,19,0,25,17,14,27,0,36,4,0,7,0,0,42,27,3,33,10,0,1,34,64,54,0,28,10,14,2,5,0,1,0,0,25,0,8,18,3,62,2,1,0,6,8,6,0,0,48,0,0,0,0,7,0,63,46,0,46,61,17,0,8,37,14,0,62,80,44,0,66,78,43,0,17,75,62,74,10,13,45,0,1,1,1,2,13,28,0,25,12,21,7,5,24,27,38,27,22,1,31
2024-08-01,20,12,2,5,3,8,1,6,13,56,38,46,11,11,21,47,22,4,11,9,1,65,0,8,6,0,65,0,21,0,23,27,0,0,0,36,66,17,12,21,3,46,1,5,0,17,0,0,9,0,7,8,26,91,98,12,14,2,1,18,0,75,4,20,88,59,7,40,2,14,38,8,18,2,14,0,3,34,2,41,24,40,23,0,1,25,17,18,18,57,0,41,6,92,90,37,12,0,6,0,0,7,14,6,10,1,0,5,20,5,1,19,2,71,1,0,1,0,4,9,89,1,6,2,10,0,0,2,0,55,71,0,20,0,23,16,13,47,0,29,3,0,8,0,0,44,26,3,37,9,0,1,30,49,64,0,23,8,14,2,6,0,1,0,0,18,0,6,12,4,32,0,1,0,5,7,0,0,0,52,0,0,0,0,8,0,29,43,0,49,53,17,0,8,46,27,0,70,87,51,0,55,94,36,0,12,78,76,60,11,13,42,0,1,0,0,0,14,24,0,26,10,26,7,6,23,27,26,42,16,1,29
2024-09-01,19,11,2,4,3,8,1,5,13,62,27,27,9,9,19,45,26,4,10,6,2,0,0,9,7,32,72,0,22,0,22,38,0,0,0,36,47,14,10,20,2,51,0,6,0,0,0,0,11,0,8,8,27,91,100,16,11,2,1,16,0,60,5,29,100,70,6,28,1,10,40,11,13,2,0,0,3,43,2,50,23,46,32,0,1,24,19,16,17,51,0,39,6,62,87,56,13,3,5,0,0,2,8,7,6,2,0,17,18,5,1,60,3,40,1,1,0,0,1,5,58,1,6,3,6,0,0,0,0,44,76,0,15,0,20,18,13,25,0,25,4,0,6,0,0,53,26,3,36,11,0,1,27,55,46,0,20,7,14,2,5,0,1,0,0,17,0,7,13,3,32,0,1,0,1,6,6,0,0,0,0,0,0,0,5,0,54,39,0,44,40,18,0,6,25,7,0,66,86,46,0,61,100,34,0,16,70,82,53,10,43,44,0,1,0,0,0,11,24,0,26,9,19,6,6,25,28,22,30,19,1,0
2024-10-01,19,11,2,5,2,12,1,5,12,52,41,33,13,10,25,44,19,4,8,56,2,0,0,11,5,52,77,0,20,0,21,39,0,0,0,31,49,14,10,18,2,42,0,7,0,17,0,0,10,18,6,8,29,93,85,9,30,2,1,18,0,60,4,19,77,52,6,34,3,13,0,12,13,2,0,0,3,30,2,0,31,47,43,25,1,27,13,16,13,57,0,40,5,65,80,48,13,4,7,0,0,2,30,6,6,1,0,4,19,15,1,16,2,46,1,0,0,0,2,0,37,1,5,2,8,0,0,1,0,49,0,0,16,0,23,15,13,0,0,27,5,0,6,0,0,40,26,3,53,9,0,1,26,48,65,0,26,7,13,2,4,0,2,0,0,16,0,7,13,3,33,0,1,0,0,8,22,0,0,0,0,0,0,0,6,0,30,45,0,38,29,17,0,6,21,6,0,73,74,57,0,66,83,38,0,0,71,79,86,10,27,43,0,1,0,0,2,0,26,0,21,11,24,8,5,28,26,23,27,18,1,36
2024-11-01,17,10,2,5,2,11,1,5,12,58,53,41,9,8,18,40,15,4,11,41,2,0,0,7,5,46,66,0,21,0,22,35,0,0,0,30,40,13,9,17,2,37,0,5,0,30,0,0,8,0,6,7,29,72,74,11,60,2,1,12,0,62,4,22,74,55,6,37,1,6,43,8,14,2,0,0,2,38,2,40,21,48,32,23,1,28,12,16,13,50,0,36,4,68,75,55,9,0,5,0,0,2,16,2,26,1,0,2,24,18,2,10,1,25,1,0,0,0,1,0,29,1,4,3,6,0,0,0,0,51,0,0,18,0,24,18,12,22,0,29,4,57,6,0,0,43,22,2,46,10,0,1,26,44,57,0,27,8,13,2,4,0,0,0,0,18,0,6,11,3,24,0,1,0,0,8,9,0,0,0,0,0,0,0,0,0,0,32,0,34,29,16,0,6,21,6,0,60,73,53,0,91,83,46,0,27,76,79,45,11,12,42,0,1,0,0,1,13,25,0,22,10,20,9,4,22,31,35,30,18,1,23
2024-12-01,16,9,1,5,2,7,1,5,11,50,43,38,20,14,33,35,16,4,9,25,1,0,0,6,2,37,51,0,20,0,18,37,0,0,0,24,33,10,8,14,2,26,0,5,0,13,0,0,11,0,5,6,25,64,60,11,15,2,1,12,0,54,4,22,77,39,6,20,1,8,0,8,12,1,0,0,3,32,2,43,18,25,36,0,1,0,12,13,11,49,0,39,5,71,73,37,10,0,6,0,0,2,4,2,20,1,9,4,13,6,1,31,2,16,2,0,0,0,1,7,40,1,4,2,5,0,0,0,0,41,0,0,14,0,23,14,10,0,0,20,2,0,5,0,0,38,23,2,33,6,0,1,30,55,51,0,32,7,10,1,5,0,0,0,0,13,0,5,8,3,14,0,1,0,0,9,0,0,0,0,0,0,0,0,0,0,33,40,0,30,25,14,0,5,14,0,0,54,59,37,0,72,68,30,0,0,62,88,63,9,20,49,0,1,0,0,0,0,19,0,21,9,18,10,5,20,19,0,30,0,0,33
2025-01-01,18,13,2,6,3,10,1,6,14,59,23,40,15,16,34,53,28,4,9,31,1,0,0,6,3,37,63,0,21,0,24,39,0,0,0,35,49,17,11,21,3,63,0,4,0,17,0,0,18,15,6,7,23,92,81,13,22,2,1,14,0,62,4,20,85,74,6,0,1,11,59,8,14,2,0,0,3,33,2,44,29,45,37,21,1,19,14,16,15,53,0,46,6,82,89,72,16,8,10,0,0,3,4,2,16,2,6,2,46,37,3,28,4,42,2,3,2,0,1,5,49,1,6,3,7,0,0,0,0,50,0,0,19,0,24,19,16,0,0,31,7,0,7,0,8,55,27,2,47,10,0,0,22,45,61,0,31,7,14,2,5,0,1,0,0,18,0,7,11,2,11,0,1,0,0,10,5,0,0,0,0,0,0,0,0,0,0,30,0,46,33,21,0,5,15,0,0,57,73,40,0,100,82,45,0,0,67,81,66,10,13,45,0,0,0,1,1,0,24,0,27,12,24,12,6,25,31,38,39,0,1,38
2025-02-01,18,11,2,4,2,11,1,5,12,63,19,37,13,16,37,39,21,5,10,57,1,0,0,6,15,0,64,0,22,0,23,59,0,0,0,29,41,10,10,24,3,42,0,6,0,29,0,0,9,0,5,6,26,62,80,9,13,2,1,16,0,54,5,0,73,62,5,23,0,8,64,7,14,2,0,0,2,36,2,0,34,34,26,0,1,27,9,14,13,49,0,40,5,76,79,100,15,13,8,0,15,11,3,1,8,1,1,2,17,7,1,34,4,23,3,3,1,1,2,5,40,1,5,4,9,0,0,0,0,44,0,0,14,0,22,15,12,20,0,38,9,0,8,0,0,53,24,2,50,7,1,0,58,32,44,0,29,7,12,2,5,0,0,0,0,22,0,7,13,3,9,0,1,0,0,7,0,0,0,0,0,0,0,0,5,0,31,44,0,42,31,18,0,6,12,0,0,47,67,35,0,0,59,22,0,17,63,83,0,9,8,37,0,1,0,0,2,16,27,0,25,11,20,9,6,18,19,38,41,23,0,31
2025-03-01,18,11,2,6,2,9,1,6,16,68,28,36,13,13,28,44,23,5,9,27,2,0,0,8,3,34,50,0,21,0,24,49,0,0,0,30,45,10,9,15,2,35,0,4,0,19,0,0,7,0,6,7,23,75,82,11,21,2,1,15,0,54,4,0,72,58,6,0,1,8,47,10,19,2,23,0,3,36,2,29,22,43,24,0,1,24,13,16,20,48,0,41,5,82,82,79,14,10,8,0,19,8,8,1,5,1,1,1,13,6,1,15,3,45,1,1,0,0,1,6,56,1,4,3,8,0,0,0,0,39,0,0,16,0,22,14,14,19,0,29,4,0,6,0,0,50,25,2,42,9,0,0,70,55,65,0,30,7,15,2,4,0,0,0,0,18,0,8,12,3,9,0,1,0,0,8,6,0,0,0,0,0,0,0,0,0,29,38,0,39,27,19,0,5,12,6,0,53,72,55,0,99,79,0,0,0,69,89,31,11,13,42,0,1,0,0,0,15,24,0,23,11,25,8,6,23,26,0,28,26,1,34
2025-04-01,16,11,2,5,3,8,1,5,12,49,20,35,20,11,28,42,20,4,10,26,1,0,0,5,2,51,48,0,20,0,24,56,0,0,0,26,35,9,8,13,1,33,0,4,0,19,0,0,14,0,6,7,28,79,68,9,10,2,1,15,0,52,5,25,66,55,5,33,0,7,0,8,16,1,0,0,3,34,2,40,24,46,26,0,1,20,12,11,18,46,0,38,4,70,75,50,10,3,4,0,0,9,34,1,6,2,0,1,36,28,3,27,3,21,1,1,0,0,0,0,41,1,5,3,8,0,0,0,0,39,0,0,14,0,23,14,8,19,0,28,3,0,8,0,0,48,23,2,39,4,0,0,80,52,44,0,28,8,14,1,5,0,0,0,0,13,0,6,18,4,11,0,1,0,0,8,0,0,0,0,0,0,0,0,4,0,0,51,0,37,27,18,0,5,13,0,0,49,72,38,0,96,71,38,0,16,67,93,53,9,9,45,0,1,0,1,1,15,38,0,23,11,20,7,5,25,27,0,41,17,1,50
2025-05-01,17,10,2,5,2,9,1,5,12,57,14,33,16,9,20,43,21,4,8,37,1,0,0,6,8,49,55,0,19,0,25,54,0,0,0,27,37,11,8,11,1,36,0,3,73,15,0,0,8,0,5,6,25,60,68,9,20,1,1,15,0,47,4,0,68,64,6,30,1,9,38,8,16,1,0,0,3,35,2,42,27,52,42,24,1,31,13,13,21,43,0,33,6,71,77,43,11,2,5,0,0,3,24,1,5,1,0,1,22,8,2,32,4,33,1,1,0,0,1,5,60,1,5,3,8,0,0,0,0,41,0,0,14,0,20,13,6,0,0,28,5,0,7,0,0,42,23,2,40,6,0,0,48,33,59,0,33,8,32,2,28,0,0,73,0,18,0,7,10,3,9,0,1,0,0,8,6,79,0,0,0,1,0,0,4,0,36,46,0,40,31,18,0,6,15,5,0,50,72,46,0,66,68,0,0,0,67,100,44,9,6,55,0,0,1,0,1,0,33,0,23,11,21,11,4,26,34,52,45,0,0,32
2025-06-01,16,11,2,6,3,9,1,5,14,69,17,40,14,11,20,100,24,4,8,44,1,0,0,9,2,41,75,0,19,0,29,40,0,0,0,22,34,8,8,17,1,35,0,9,0,0,0,18,0,0,6,7,22,66,70,8,15,2,1,15,0,50,4,26,69,61,6,34,2,9,60,8,16,1,0,0,2,28,1,53,26,32,34,24,1,33,20,14,20,49,0,34,6,70,82,47,13,4,8,0,0,3,5,1,4,9,0,8,18,7,2,32,3,24,1,0,0,0,1,0,55,1,4,9,10,0,0,0,0,49,0,0,13,18,24,13,10,0,48,28,6,0,9,0,0,66,25,2,38,9,1,0,32,46,49,0,26,11,16,2,6,0,2,0,0,18,0,6,11,3,11,0,1,0,0,9,6,0,0,0,0,0,0,0,0,0,0,60,0,36,35,19,0,5,13,8,0,53,72,32,0,74,63,0,0,0,71,95,53,10,8,53,0,1,0,0,1,10,26,0,21,11,21,10,4,14,28,0,28,0,1,0
2025-07-01,16,10,2,5,2,12,1,5,13,86,32,47,15,33,100,54,19,3,8,66,1,0,0,11,2,48,69,0,19,0,27,52,0,0,0,23,35,9,8,15,1,30,0,3,0,23,0,0,8,0,5,7,22,65,62,9,26,2,1,11,0,58,4,0,67,53,6,28,1,11,0,10,12,2,0,0,3,30,2,49,17,36,32,27,1,21,17,15,22,49,0,36,6,71,79,42,15,8,7,0,0,2,3,1,5,22,0,30,24,9,1,28,4,33,1,1,0,0,1,7,40,1,6,4,7,1,0,1,0,46,0,0,15,0,21,13,10,20,0,28,2,0,8,0,0,55,23,2,39,8,0,0,25,45,58,0,100,10,14,2,11,0,0,0,0,12,35,6,14,3,10,0,2,0,0,8,6,0,0,0,0,0,100,0,7,0,0,39,0,48,44,22,0,5,12,7,0,49,81,38,0,96,48,39,0,0,74,97,53,10,11,55,0,1,0,1,2,0,19,0,22,11,18,8,4,22,25,0,26,0,1,0
2025-08-01,14,12,2,6,2,13,1,5,15,63,22,42,13,16,44,47,21,3,7,100,1,0,0,5,2,40,65,0,21,0,30,41,0,0,0,25,33,8,8,16,1,38,0,6,0,16,0,0,9,0,5,7,24,75,62,8,26,1,1,8,86,46,4,0,50,48,5,26,1,13,55,9,12,2,16,0,3,29,2,46,21,58,41,20,1,23,11,15,18,50,0,30,5,82,70,43,10,5,5,0,0,7,2,2,4,7,0,11,15,6,1,41,3,28,1,1,0,0,2,0,29,1,4,3,6,0,0,1,0,42,0,0,14,0,19,13,9,19,0,24,3,0,8,0,0,55,22,2,31,6,0,0,22,44,61,0,50,9,13,1,7,0,2,0,0,15,0,7,9,4,9,0,2,0,0,8,6,0,0,0,0,0,0,0,5,0,28,40,0,42,39,23,0,6,21,15,0,52,79,51,0,81,53,0,0,0,72,94,31,11,14,46,0,0,0,1,1,10,20,0,18,10,20,9,4,22,20,30,22,18,1,0
2025-09-01,14,10,2,4,2,11,1,5,13,78,27,33,15,13,31,45,18,4,6,43,2,0,0,5,2,44,67,0,17,0,30,44,0,0,0,21,30,9,7,16,1,38,0,5,0,12,0,0,0,0,6,6,17,68,71,9,10,2,1,11,0,40,4,22,65,68,6,27,0,7,0,9,13,1,0,0,2,21,1,33,26,32,28,0,1,22,10,13,19,50,0,32,5,75,69,37,9,4,3,0,14,5,12,3,9,2,3,4,30,15,2,22,3,26,1,0,0,0,1,7,39,1,5,3,6,0,0,0,0,39,0,0,16,0,19,13,6,0,0,24,3,0,8,0,0,47,21,2,27,7,0,0,22,45,58,0,35,8,15,1,9,0,1,0,0,16,0,6,10,4,9,0,2,0,0,9,0,0,0,0,0,0,0,0,7,0,0,36,0,47,55,21,0,6,15,7,0,44,65,38,0,93,47,23,0,16,70,95,45,11,8,34,0,0,0,0,0,0,20,0,18,10,17,10,3,23,16,27,22,20,1,30
2025-10-01,14,10,2,5,2,11,1,4,11,55,23,45,12,18,55,38,20,3,8,52,1,0,0,5,2,0,58,0,16,0,25,29,0,0,0,21,25,9,6,12,0,28,0,6,0,16,39,0,12,0,4,5,16,74,57,8,16,2,1,9,0,45,4,0,59,51,5,19,0,0,0,10,11,1,0,0,2,24,1,42,19,24,29,0,1,11,10,15,17,47,0,27,6,62,68,33,10,4,4,0,0,4,32,8,44,4,1,6,17,8,1,41,3,53,1,1,0,0,2,0,46,1,5,3,7,0,0,0,0,41,0,0,14,15,17,11,9,26,0,23,4,0,9,0,0,49,19,2,30,5,0,0,20,44,36,0,20,6,13,1,6,0,0,0,0,14,0,6,9,3,7,0,5,0,1,7,0,0,0,0,0,0,0,0,0,0,54,36,0,52,54,22,0,15,17,7,0,44,74,43,0,0,62,24,0,0,73,94,60,11,7,46,0,0,0,1,1,0,20,0,19,9,17,6,4,23,12,28,27,18,0,0
2025-11-01,14,9,2,6,2,11,1,5,16,59,21,76,11,21,62,46,26,3,9,44,0,0,0,9,2,85,85,0,16,0,24,44,0,0,0,20,22,6,7,10,1,24,0,5,0,39,0,0,9,14,5,5,16,74,50,8,53,1,0,12,0,47,4,0,52,55,5,0,0,8,58,9,16,1,0,0,2,27,1,0,0,32,32,21,1,28,13,15,18,45,0,28,4,74,65,36,15,5,5,0,0,3,24,5,16,7,0,11,100,100,3,36,4,100,1,0,0,0,2,0,48,1,5,3,6,0,0,0,0,44,0,100,13,0,16,9,8,39,0,27,3,0,9,0,0,50,21,2,31,5,0,1,16,65,55,0,43,7,14,2,9,0,3,0,0,20,0,9,15,4,7,0,4,0,0,8,0,0,0,80,9,1,0,0,7,0,39,67,0,46,34,31,0,8,14,10,0,44,78,41,0,61,46,38,0,13,68,95,43,22,19,85,0,0,1,1,2,10,28,0,16,9,15,8,3,25,14,0,27,0,0,0
2025-12-01,13,8,2,7,2,9,1,6,20,63,18,64,17,22,85,36,23,3,7,27,1,0,17,6,2,51,69,0,16,0,25,55,0,0,0,16,19,4,6,10,0,17,0,4,0,26,0,0,17,16,5,6,18,77,49,10,84,2,1,18,69,45,5,0,56,41,5,41,1,6,42,10,13,1,14,0,2,29,1,43,20,25,37,54,1,19,13,16,15,37,0,25,5,83,67,28,13,0,4,0,15,42,8,4,8,3,0,5,22,6,1,38,4,61,1,0,0,0,1,4,52,1,5,2,3,1,0,0,0,38,0,0,13,0,18,12,10,28,60,18,3,0,7,0,0,50,21,2,31,6,0,0,15,50,51,0,28,6,14,1,7,0,3,74,0,15,0,8,12,3,6,0,2,0,0,9,6,0,0,59,16,1,0,0,5,0,27,79,0,59,50,33,0,9,10,6,0,39,83,37,0,0,50,23,0,12,64,83,43,19,19,85,0,1,1,1,1,0,23,0,15,8,17,9,4,20,16,0,27,20,0,0
2026-01-01,16,12,3,11,3,10,1,8,18,83,15,72,19,14,46,51,31,4,10,30,2,0,0,4,3,66,78,0,16,0,35,59,0,0,0,24,30,7,7,15,1,40,0,3,74,30,0,0,12,19,4,6,17,100,55,11,48,2,1,18,80,64,7,22,55,68,7,39,2,9,51,13,19,2,18,0,3,40,2,44,0,53,39,34,1,36,14,16,19,47,0,26,5,88,82,43,13,0,5,0,15,25,12,2,5,1,0,2,20,12,2,35,3,50,1,0,0,0,1,0,59,1,5,3,6,0,0,0,0,46,0,0,14,0,21,13,15,16,36,26,5,0,6,0,0,61,22,2,33,6,0,0,14,55,39,0,22,7,16,1,7,0,2,0,0,17,0,7,11,3,6,0,2,0,0,10,0,0,0,0,0,0,0,0,6,0,38,61,0,57,55,30,0,10,12,0,0,47,92,52,0,70,57,0,0,13,71,72,37,16,12,75,0,0,0,1,1,9,23,0,22,10,21,9,4,27,39,41,27,17,1,25
2026-02-01,15,10,3,8,2,11,1,5,15,74,12,66,22,14,44,48,26,4,9,21,1,0,0,0,3,0,75,0,17,0,33,67,0,0,0,17,49,5,7,12,1,28,0,3,65,29,0,0,14,16,4,5,18,64,52,10,46,2,1,16,0,54,6,0,59,43,6,32,1,10,73,11,16,1,13,0,2,28,2,0,20,41,37,42,1,20,11,15,18,45,0,29,6,87,73,30,13,3,3,0,14,30,4,1,3,1,0,2,11,6,1,31,3,43,1,0,0,0,1,7,100,1,6,3,7,0,0,0,0,44,0,0,11,0,19,12,16,37,0,38,7,0,7,0,0,55,19,2,26,3,0,0,14,50,48,0,24,6,16,2,7,0,6,71,0,22,0,7,12,4,6,0,2,0,1,9,8,0,0,64,0,0,0,0,5,0,36,56,0,74,52,27,0,11,18,7,0,39,100,33,0,54,56,0,0,14,70,68,44,16,8,100,0,1,0,1,1,0,29,0,17,9,17,4,4,18,24,0,24,16,1,23
2026-03-01,15,10,2,6,2,9,1,5,16,53,11,61,25,11,33,48,25,4,8,30,2,0,0,7,2,55,73,0,17,0,32,63,0,0,0,19,28,4,6,12,0,24,0,3,0,28,0,0,15,0,4,5,14,75,44,8,43,2,1,16,91,49,6,0,55,70,5,20,0,5,51,10,17,2,0,0,2,32,1,41,0,33,52,31,1,27,11,17,18,50,0,30,5,87,74,33,13,0,6,0,0,18,9,1,4,1,0,1,22,25,2,11,3,63,1,0,0,0,1,4,95,1,5,3,7,0,0,0,0,46,0,0,11,0,19,11,12,18,0,29,4,0,7,0,0,62,19,2,26,5,0,0,17,64,60,0,24,7,13,2,7,0,2,0,0,20,0,7,12,4,7,0,1,0,0,10,6,0,0,65,7,0,0,0,6,0,31,77,0,42,41,26,0,10,11,5,25,40,91,44,0,88,52,0,0,0,78,64,36,17,69,85,0,1,1,1,2,9,34,0,21,10,20,8,4,27,21,25,25,18,1,28
2026-04-01,16,9,2,5,2,9,1,4,16,57,12,53,27,18,55,56,27,4,11,14,2,0,0,8,2,54,92,0,17,0,32,87,0,0,0,21,26,8,6,11,1,24,0,4,81,19,44,0,20,19,5,6,17,84,53,10,34,2,1,17,100,62,6,16,53,100,5,19,0,7,56,10,19,2,0,0,3,37,1,60,0,35,41,28,1,27,20,16,22,48,0,31,5,98,87,36,12,5,3,0,15,37,22,1,3,1,0,1,20,12,2,22,3,25,1,1,0,0,1,7,74,1,6,3,9,0,0,0,0,59,0,0,10,0,18,10,8,36,46,25,4,0,7,0,0,59,19,2,29,3,0,0,18,66,55,0,25,6,15,2,7,0,2,74,0,26,0,7,13,6,7,0,1,0,0,9,7,0,0,57,13,0,0,0,6,0,60,69,0,41,39,21,0,6,12,0,0,41,95,53,0,55,48,21,0,12,71,67,52,16,23,68,0,1,1,1,2,13,31,0,20,9,18,7,3,19,24,27,28,28,1,0
2026-05-01,14,10,2,5,2,9,1,4,12,72,10,43,19,12,34,50,28,3,7,26,1,28,7,5,2,42,72,0,16,0,36,81,0,100,0,18,22,5,6,10,1,27,0,3,34,17,17,5,12,13,5,5,15,80,60,8,26,1,1,10,56,43,5,17,42,43,4,18,1,5,30,9,13,1,10,0,2,23,1,32,14,39,28,22,1,22,13,12,21,45,0,29,5,74,72,33,9,2,4,5,8,14,17,1,2,1,1,1,12,5,2,40,4,39,0,0,0,0,1,6,55,1,5,3,12,1,100,0,8,45,16,16,10,7,16,9,7,18,20,28,4,7,6,0,1,55,18,2,22,3,0,0,14,58,49,0,16,6,12,1,4,1,1,30,0,20,4,5,10,5,10,0,2,0,0,8,6,20,0,21,3,0,44,0,5,100,33,100,0,36,40,18,0,5,10,4,11,36,92,30,0,38,41,13,0,9,74,74,25,9,19,48,0,1,0,1,1,4,25,0,18,9,16,8,4,17,23,22,27,16,1,15
